Gruppe;Anzahl;Nachname;Vorname;Titel;Geburtsdatum;Handy;Festnetz;E-Mail;Ort;hat Login;Patienten-ID;Standort
G001;42;Tobias;Juliana;;;+4915563784769;;juliana.to@gmx.de;;ja;36pGL3UMzaK0eezjp5xK;Blessing
G001;42;Tobias;Juliana;;;+4915563784769;;juliana.to@gmx.de;;ja;5Q6kbKBxePWLDk7C1LPj;Blessing
G001;42;Tobias;Juliana;;;+4915563784769;;juliana.to@gmx.de;;ja;5yY6UeyRNpNkTTTPK2s2;Blessing
G001;42;Tobias;Juliana;;;+4915563784769;;juliana.to@gmx.de;;ja;6HddhWZEapDWrYCXN8Rj;Blessing
G001;42;Tobias;Juliana;;;+4915563784769;;juliana.to@gmx.de;;ja;8XzA7vrBWejzckrAzafh;Blessing
G001;42;Tobias;Juliana;;;+4915563784769;;juliana.to@gmx.de;;ja;CALCHG0ujfmJ7ugjMAKF;Blessing
G001;42;Tobias;Juliana;;;+4915563784769;;juliana.to@gmx.de;;ja;DoiK4falyw5sn2RFytjA;Blessing
G001;42;Tobias;Juliana;;;+4915563784769;;juliana.to@gmx.de;;ja;HmjR1DPjSvMwK81Shclu;Blessing
G001;42;Tobias;Juliana;;;+4915563784769;;juliana.to@gmx.de;;ja;Iq0yg0SQDJFm4MQWhS4h;Blessing
G001;42;Tobias;Juliana;;;+4915563784769;;juliana.to@gmx.de;;ja;JWEpOGRBwwycfBAeggZW;Blessing
G001;42;Tobias;Juliana;;;+4915563784769;;juliana.to@gmx.de;;ja;MLf99qJYHCypPnXYLFbF;Blessing
G001;42;Tobias;Juliana;;;+4915563784769;;juliana.to@gmx.de;;ja;MXHFxhx9spF4b50tl9n1;Blessing
G001;42;Tobias;Juliana;;;+4915563784769;;juliana.to@gmx.de;;ja;NOM2YDqU8CJYUlXeMJw9;Blessing
G001;42;Tobias;Juliana;;2007-03-05;+4915563784769;071211384979;juliana.to@gmx.de;;ja;NvaJnx2CxJbnOr1GMShD;Blessing
G001;42;Tobias;Juliana;;;+4915563784769;;juliana.to@gmx.de;;ja;Om0WUY6chtfBZ7LVa7C9;Blessing
G001;42;Tobias;Juliana;;;+4915563784769;;juliana.to@gmx.de;;ja;PsL06plUO1Ayddt3HDAF;Blessing
G001;42;Tobias;Juliana;;;+4915563784769;;juliana.to@gmx.de;;ja;RgW5oEyLNzqUULJxqTm7;Blessing
G001;42;Tobias;Juliana;;;+4915563784769;;juliana.to@gmx.de;;ja;SzIxa7Bm7mNbrkIp814N;Blessing
G001;42;Tobias;Juliana;;;+4915563784769;;juliana.to@gmx.de;;ja;W1Px6JHfIv3US1LcPNgD;Blessing
G001;42;Tobias;Juliana;;;+4915563784769;;juliana.to@gmx.de;;ja;W854bdmGxthJ5X7BKRBB;Blessing
G001;42;Tobias;Juliana;;;+4915563784769;;juliana.to@gmx.de;;ja;WWql4vtOsjXpnaOeNknM;Blessing
G001;42;Tobias;Juliana;;;+4915563784769;;juliana.to@gmx.de;;ja;WqWZUiyMG4jFWXmeanGQ;Blessing
G001;42;Tobias;Juliana;;;+4915563784769;;juliana.to@gmx.de;;ja;XNPe1Td9u6PPnM5MeRYk;Blessing
G001;42;Tobias;Juliana;;;+4915563784769;;juliana.to@gmx.de;;ja;ZVmM4SwNzHX6HcEuh2yk;Blessing
G001;42;Tobias;Juliana;;;+4915563784769;;juliana.to@gmx.de;;ja;c10BDltDUEL9lEknmQKH;Blessing
G001;42;Tobias;Juliana;;;+4915563784769;;juliana.to@gmx.de;;ja;dohTx4OJi7xxE6Gt0Y2L;Blessing
G001;42;Tobias;Juliana;;;+4915563784769;;juliana.to@gmx.de;;ja;eMyQK592he3ojbjJ6Vqs;Blessing
G001;42;Tobias;Juliana;;;+4915563784769;;juliana.to@gmx.de;;ja;hNn8mVXLTM0ApGebAffq;Blessing
G001;42;Tobias;Juliana;;;+4915563784769;;juliana.to@gmx.de;;ja;i90ZPYM3FMzn9VsyHDuT;Blessing
G001;42;Tobias;Juliana;;;+4915563784769;;juliana.to@gmx.de;;ja;k4hawI2GO2O202HZxS1w;Blessing
G001;42;Tobias;Juliana;;;+4915563784769;;juliana.to@gmx.de;;ja;kRDSJPSpV5itkMXqU9Lr;Blessing
G001;42;Tobias;Juliana;;;+4915563784769;;juliana.to@gmx.de;;ja;n7twHvGjV8dS85xjq6I4;Blessing
G001;42;Tobias;Juliana;;;+4915563784769;;juliana.to@gmx.de;;ja;odpqYEpmbWeGtq2mSI30;Blessing
G001;42;Tobias;Juliana;;;+4915563784769;;juliana.to@gmx.de;;ja;pL12ZPYKAmt4bWXDjS7q;Blessing
G001;42;Tobias;Juliana;;;+4915563784769;;juliana.to@gmx.de;;ja;pp9D7iNLE9olmEdhKEMi;Blessing
G001;42;Tobias;Juliana;;;+4915563784769;;juliana.to@gmx.de;;ja;qHjx5DVYrqIasoZB1idE;Blessing
G001;42;Tobias;Juliana;;;+4915563784769;;juliana.to@gmx.de;;ja;tK25NCZjCMR3Lh9w580h;Blessing
G001;42;Tobias;Juliana;;;+4915563784769;;juliana.to@gmx.de;;ja;u9FvOXpVTVGB2fhBPxaz;Blessing
G001;42;Tobias;Juliana;;;+4915563784769;;juliana.to@gmx.de;;ja;wj910VaDXI9fjcImbpVF;Blessing
G001;42;Tobias;Juliana;;;+4915563784769;;juliana.to@gmx.de;;ja;xaKDC9cxPRdpUcOU3Ap2;Blessing
G001;42;Tobias;Juliana;;;+4915563784769;;juliana.to@gmx.de;;ja;yNQV5x8WG0eQPpj0zbiq;Blessing
G001;42;Tobias;Juliana Antonia;;1173052800000;+4917630188710;;karin.tobias@gmx.de;;nein;HdndRgUFUiBIoMDnFXcX;Blessing
G002;16;Vucetic;Vitomir;;;+491746507496;;vucetic.vitomir@gmail.com;;ja;3GWgT0b9bjqIHNJ6Pn7D;Blessing
G002;16;Vucetic;Vitomir;;;+491746507496;;vucetic.vitomir@gmail.com;;ja;4RubMd9eIz9GXiDpuEUg;Blessing
G002;16;Vucetic;Vitomir;;;+491746507496;;vucetic.vitomir@gmail.com;;ja;5q25ndGK3NjNa8WALkVa;Blessing
G002;16;Vucetic;Vitomir;;;+491746507496;;vucetic.vitomir@gmail.com;;ja;ALXRjlMf4VtDEENrWQNh;Blessing
G002;16;Vucetic;Vitomir;;;+491746507496;;vucetic.vitomir@gmail.com;;ja;EnN6iNWBKuxz7b8Tedg3;Blessing
G002;16;Vucetic;Vitomir;;;+491746507496;;vucetic.vitomir@gmail.com;;ja;GWwjShsZgCsHncXSimFv;Blessing
G002;16;Vucetic;Vitomir;;;+491746507496;;vucetic.vitomir@gmail.com;;ja;LvWjFuGISvF9liX9M3uG;Blessing
G002;16;Vucetic;Vitomir;;;+491746507496;;vucetic.vitomir@gmail.com;;ja;M21YtCPyEMnLjch7kBmz;Blessing
G002;16;Vucetic;Vitomir;;2026-05-13;+491746507496;;vucetic.vitomir@gmail.com;;ja;P7bUD04wjjCBO5QZVjU7;Blessing
G002;16;Vucetic;Vitomir;;;+491746507496;;vucetic.vitomir@gmail.com;;ja;TdnnLXdroetZHA7xaDeR;Blessing
G002;16;Vucetic;Vitomir;;;+491746507496;;vucetic.vitomir@gmail.com;;ja;ZpPvUp57F2DwUgCm1C2i;Blessing
G002;16;Vucetic;Vitomir;;;+491746507496;;vucetic.vitomir@gmail.com;;ja;m9VsuszMiusD5WClfOUB;Blessing
G002;16;Vucetic;Vitomir;;;+491746507496;;vucetic.vitomir@gmail.com;;ja;nevAFKxfreDyJdw06SaB;Blessing
G002;16;Vucetic;Vitomir;;;+491746507496;;vucetic.vitomir@gmail.com;;ja;t2EiQaDu3LLjFmG8qYdE;Blessing
G002;16;Vucetic;Vitomir;;;+491746507496;;vucetic.vitomir@gmail.com;;ja;zS7VhtRXaSyLZ8uyxLsD;Blessing
G002;16;Vucetic;Vitomir;;;+491746507496;;vucetic.vitomir@gmail.com;;ja;zSkGjtYwsRYfd1MjKpEE;Blessing
G003;10;Michels;Andrea;;;+491794837290;;andrea@fruitcake.de;;ja;9dIB3lV5bKv5fWRyDI7Z;Blessing
G003;10;Michels;Andrea;;;+49 179 4837290;;andrea@fruitcake.de;;ja;K5xH26EjAu5TLO7xCeeh;Blessing
G003;10;Michels;Andrea;;;+49 179 4837290;;andrea@fruitcake.de;;ja;P7ufaSgfCDJaNoK2eVqF;Blessing
G003;10;Michels;Andrea;;;+49 179 4837290;;andrea@fruitcake.de;;ja;dhsuMYSpJnAdVjgXha8z;Blessing
G003;10;Michels;Andrea;;;+49 179 4837290;;andrea@fruitcake.de;;ja;eBuzeVGPV6yXS5DHH5ct;Blessing
G003;10;Michels;Andrea;;;+49 179 4837290;;andrea@fruitcake.de;;ja;heXMsC04DFLyigb6ESuL;Blessing
G003;10;Michels;Andrea;;;+49 179 4837290;;andrea@fruitcake.de;;ja;ou7jGZZ6qFxCPgJ5F4Lu;Blessing
G003;10;Michels;Andrea;;;+49 179 4837290;;andrea@fruitcake.de;;ja;sDqwMU3TPQ6ZsciseEgT;Blessing
G003;10;Michels;Andrea;;;+49 179 4837290;;andrea@fruitcake.de;;ja;vuURVnk2CLMlw2n9ZIhs;Blessing
G003;10;Michels;Andrea Jutta;;1976-01-03;+491794837290;+49337095;andrea@fruitcake.de;Reutlingen;nein;wV8JNlFpZMs4ArkSWrVQ;Blessing
G004;6;Mykhalova;Tetiana;;;+49 175 9690190;;mtaxaa2022@gmail.com;;ja;0d5m9w32bmuEhaJPh74N;Blessing
G004;6;Mykhalova;Tetiana;;;+491759690190;;mtaxaa2022@gmail.com;;ja;MVAeZrV8WNM9jO3XAos9;Blessing
G004;6;Mykhalova;Tetiana;;;+49 175 9690190;;mtaxaa2022@gmail.com;;ja;PWT0l0wWwzfw9oOXKgB8;Blessing
G004;6;Mykhalova;Tetiana;;;+49 175 9690190;;mtaxaa2022@gmail.com;;ja;UGINxFheVpwJkaNmRl50;Blessing
G004;6;Mykhalova;Tetiana;;;+49 175 9690190;;mtaxaa2022@gmail.com;;ja;fgqCyNQQ8rxpYfAlFQA8;Blessing
G004;6;Mykhalova;Tetiana;;;+49 175 9690190;;mtaxaa2022@gmail.com;;ja;i10YZmaCE9kLWNa9BDqk;Blessing
G005;6;Forschner;Stefan;;-28354406400000;;017657992620;;;nein;2Y7pvREriN3NQsWE8rUG;Blessing
G005;6;Forschner;Stefan;;-28354406400000;;017657992620;;;nein;4mswuNPDmZaZ4IhAjnSS;Blessing
G005;6;Forschner;Stefan;;-28354406400000;;017657992620;;;nein;6nmZFWnOu3ncUuVVD7k7;Blessing
G005;6;Forschner;Stefan;;-28354406400000;;017657992620;;;nein;GB3y1VgyY6vGZM9Ux5gQ;Blessing
G005;6;Forschner;Stefan;;-28354406400000;;017657992620;;;nein;qEsVorNhl8DKKWkqNSPx;Blessing
G005;6;Forschner;Stefan;;-28354406400000;;017657992620;;;nein;r7REk5wal1zbdKMD2NfN;Blessing
G006;6;Schmitz;Christian;;657849600000;;;;;nein;3rW8ObcaUqIEpxgH0aIj;Blessing
G006;6;Schmitz;Christian;;657849600000;;;;;nein;IuJQUvmSktlUilvdQZNR;Blessing
G006;6;Schmitz;Christian;;1990-11-06;+491745790350;;schmitz.christian.1990@gmail.com;Engstingen;nein;R8ZoGgByBLnSRYyJWOsU;Blessing
G006;6;Schmitz;Christian;;657849600000;;;;;nein;TOPqJxpsEbfMwPso1TiH;Blessing
G006;6;Schmitz;Christian;;1990-11-06;;+497387984019;;Großengstingen;nein;YyGBCD18dPWA8FWSLKAB;Blessing
G006;6;Schmitz;Christian;;657849600000;;;;;nein;pQAQrBXZR4d04eezL9EU;Blessing
G007;5;Jakob;Lina Maria;;2014-05-31;+4915219248563;;lisa-jakob89@gmx.net;Reutlingen;nein;anrqKBfmRPuPralj8Qv3;Blessing
G007;5;Jakob;Lisa;;;+4915229186814;;lisa-jakob89@gmx.net;;ja;87qpcR3qKPxHCm36QEwY;Blessing
G007;5;Jakob;Lisa;;1989-10-18;+4915219248563;;lisa-jakob89@gmx.net;;nein;kXKkPnc1h1CO04Q8cbZ9;Blessing
G007;5;Jakob;Lisa Monika;;1989-10-18;;;;Reutlingen;nein;QILISENJqsoqNt9PclH6;Blessing
G007;5;Jakob;Lisa Monika;;1989-10-18;;44093;;Reutlingen;nein;qoCnGXY5aow98yHs8Ls5;Blessing
G008;5;Mayer;Renate;;-563932800000;;;;;nein;FVg9zcJD7PFhI5KKrjG3;Blessing
G008;5;Mayer;Renate;;1952-02-18;820314;;;Eningen unter Achalm;nein;OhYzC6jNcsgahaOS128a;Blessing
G008;5;Mayer;Renate;;1952-02-18;;+497121820314;info@mayer-aquarelle.de;Eningen;nein;YPT2ZSr3Ux9CMbYjjyYS;Blessing
G008;5;Mayer;Renate;;-563932800000;;;;;nein;fLiktKhWB7QkYHHyoTs5;Blessing
G008;5;Mayer;Renate;;-563932800000;;;;;nein;vBByOzL6Fpd1cv80YOAX;Blessing
G009;4;Günes;Baran;;2008-02-12;+491631581296;;david.friedrich@ib.de;Reutlingen;nein;1G0u72fxWEwb0vnYXwkT;Blessing
G009;4;Günes;Baran;;2008-02-12;;+497121268484;hze-reutlingen@ib.de;;nein;OWdh5DLyBLTKSAcS9GHq;Blessing
G009;4;Günes;Baran;;2008-02-12;+491718175151;+497121268484;david.friedrich@ib.de;Reutlingen;nein;WYndcM9rQpZHAiPKCA82;Blessing
G009;4;Günes;Baran;;2008-02-12;;;;Reutlingen;nein;rEvnRZwTOrwAf4tV28e5;Blessing
G010;4;graf;malon;;2013-01-10;;;;;nein;24ZAzpEmWNMFdCcWLfQ5;Blessing
G010;4;Graf;Marlon;;2013-01-10;;+4970258448620;martina@graf-familie.de;;nein;EMlcXKEZHEg17xQSpE3a;Blessing
G010;4;Graf;Marlon;;2013-01-10;;+4970258448620;martina@graf-familie.de;;nein;w7szhtEm7bKZk8FlSEo1;Blessing
G010;4;Graf;Marlon Niklas;;2013-01-10;;+4970258448620;;Neuffen;nein;7gcjbthxslWRUOkIn4V9;Blessing
G011;4;VIJAYARATNAHM;THANUSHAN;;1997-08-26;+4915772032747;;;;nein;Cnd4b5JF0iytXcdDdoGj;Blessing
G011;4;Vijayaratnam;Thanushan;;1997-08-26;+4915772032747;;thanushan.vijayaratnam@outlook.de;;nein;2ZXENCGo3UfEHVqfecMP;Blessing
G011;4;Vijayaratnam;Thanushan;;1997-08-26;;;;Pfullingen;nein;xkHToJCFLhbDF3OA7eg1;Blessing
G011;4;Vijayartnam;Thanushan;;872553600000;;;;;nein;NsEhkq2BjWfQXFGWGVeH;Blessing
G012;4;Kirchschlager;Harald;;-80611200000;;;;;nein;3yRuSYVYQnbukveNB0AS;Blessing
G012;4;Kirchschlager;Harald;;-80611200000;;;;;nein;dUXB9at4Ud4qDwKRhtxc;Blessing
G012;4;Kirchschlager;Harald;;-80611200000;;;;;nein;f22At8HpClR39WTl1MZE;Blessing
G012;4;Kirchschlager;Harald;;-80611200000;;;;;nein;gkAB8yzOqx6qydVyJBLy;Blessing
G013;4;bauer;susanne;;1964-02-07;+4915785786372;;sanne55@web.de;;nein;5H8LKdwpRKRa8X2JPlcV;Blessing
G013;4;Bauer;Susanne;;-186192000000;;;;Pliezhausen;nein;8qiZq0mHBmN3oq2OlWEl;Blessing
G013;4;Bauer;Susanne;;1964-02-07;;+4970725317;;Reutlingen;nein;9k5Aac3Cns9ZkqOGKh2V;Blessing
G013;4;Bauer;Susanne;;;+49 1578 5786371;;sanne55@web.de;;ja;DN7XW1Qeq20bqzR98r3l;Blessing
G014;4;Kosgalwis;Julian;;1994-01-27;+4917683038155;;j.kosgalwis@gmx.de;;nein;8DgM4vlvlspagyVGt1iU;Blessing
G014;4;Kosgalwis;Julian;;;+49 1520 5292214;;J.kosgalwis@gmx.de;;ja;ZXVrc4bqtv0WApxPltfj;Blessing
G014;4;Kosgalwis;Julian-James;;759628800000;;;j.kosgalvis@gmx.de;Reutlingen;nein;D9n1iUyLOHIkLdLEQypA;Blessing
G014;4;Kosgalwis;Julian-James;;1994-01-27;;;;Reutlingen;nein;wdBLp1YqmOnsdO2FRZwf;Blessing
G015;4;Saidy;Muhaamed;;1998-12-08;;;;;nein;rcZyAgOaVWv9TuQcaF40;Blessing
G015;4;Saidy;Muhammed;;1998-12-08;;;;Tübingen;nein;8SGCdQ6DdcM7E3MXF4ZC;Blessing
G015;4;Saidy;Muhammed;;1998-12-08;+491786349760;;saidymuhammed448@gmail.com;;nein;WBjU4SJ03RTzxKCVSpr6;Blessing
G015;4;Saidy;Muhammed;;1998-12-08;+491778870243;;muhammedsaidy@web.de;Tübingen;nein;aCwkjsXyItSxDNGi6vmG;Blessing
G016;4;Schmeisser;Jürgen;;;+491623711649;;Koehlerisabel@t-online.de;;ja;AT1psOeLNrN2I4WeHIFG;Blessing
G016;4;Schmeisser;Jürgen;;;+491623711649;;Koehlerisabel@t-online.de;;ja;Pk7ykd2I3m4FIWwTBkee;Blessing
G016;4;Schmeisser;Jürgen;;;+491623711649;;Koehlerisabel@t-online.de;;ja;YJo4UQkZ2ebYSXPtgYSt;Blessing
G016;4;Schmeisser;Jürgen;;;+491623711649;;Koehlerisabel@t-online.de;;ja;yPJ9n6nHtJWAGxPGx0Ru;Blessing
G017;4;Maier;Martin;;1995-09-06;+4915164311007;;martinmaier.ge@web.de;Engstingen;nein;v12rRR9mJNBvFkCJq8XE;Blessing
G017;4;Maier;Martin Christoph;;1995-09-06;;;;Engstingen;nein;C1xOfQivGndb5pJKJocs;Blessing
G017;4;Maier;Martin Christoph;;1995-09-06;;;;Engstingen;nein;VRO4xPeaYJ6msMMUMlxH;Blessing
G017;4;Maier;Martin Christoph;;1995-09-06;;+4971297922;;Engstingen;nein;dyoSKaxOEoXJTgwMJ7h0;Blessing
G018;4;Neuhaus-Binder;Anja;;;+49 160 94862295;;anjalettchen@web.de;;ja;CM5rs5Gt7ScJTXI3Ycvt;Blessing
G018;4;Neuhaus-Binder;Anja;;;+49 160 94862295;;anjalettchen@web.de;;ja;vBe8ETVCO0Q4kNs9ukB0;Blessing
G018;4;Neuhaus-Binder;Anja;;;+49 160 94862295;;anjalettchen@web.de;;ja;waqUWUjoaf0fs2XtJy2y;Blessing
G018;4;Neuhaus-Binder;Anja;;;+49 160 94862295;;anjalettchen@web.de;;ja;ztXnHTFtkNjGW2OfXOcl;Blessing
G019;4;Schwenk Cabral;Veronika;;1990-08-25;+4917657921892;;veronika.schwenk@gmail.com;Lichtenstein;nein;CNiIM3ZXkrywBjxa9Do2;Blessing
G019;4;Schwenk Cabral;Veronika;;1990-08-25;+4917657921892;;veronika.schwenk@gmail.com;Lichtenstein;nein;HupGXbiJOYVlhXJcXj56;Blessing
G019;4;Schwenk Cabral;Veronika;;1990-08-25;+4917657921892;;veronika.schwenk@gmail.com;Lichtenstein;nein;Sp8KmtEzaOfg0QiMcRX1;Blessing
G019;4;Schwenk Cabral;Veronika;;1990-08-25;+4917657921892;;;Lichtenstein;nein;zqub1CEtt5GtzhFukdSU;Blessing
G020;4;Giannouli;Magdalini;;;+4917678597764;;magdoulagiannouli@gmail.com;;ja;Ctu1Dd3d18DuOfn2XcHk;Blessing
G020;4;Giannouli;Magdalini;;;+4917678597764;;magdoulagiannouli@gmail.com;;ja;fgHrRXup3c33Osx4i8qS;Blessing
G020;4;Giannouli;Magdalini;;;+4917678597764;;magdoulagiannouli@gmail.com;;ja;h25gIOfXt9Ua637zh8qh;Blessing
G020;4;Giannouli;Magdalini;;;+4917678597764;;magdoulagiannouli@gmail.com;;ja;wpO8cBEdJ1EDGMlIk6cl;Blessing
G021;4;Rauscher;Joris;;2003-07-28;;;;;nein;V4GTKEWG1UFp0lirSTSL;Blessing
G021;4;Rauscher;Joris Finn;;2003-07-28;;+49712388616;;Dettingen;nein;I83h142krcXocr3M6pj5;Blessing
G021;4;Rauscher;Joris Finn;;2003-07-28;;+49712388676;;Dettingen;nein;Z4AujetA46ZQycXcziWf;Blessing
G021;4;Rauscher;Louis Henrik;;2003-07-28;;+49712388616;;Dettingen;nein;f2D9lgjQJOAPlY4ZzpJo;Blessing
G022;3;Ozaman;Ilhan;;1958-12-15;+491743189817;;ilhan1958@hotmail.com;;nein;0DfoLAOgeRCcs1GsWSVh;Blessing
G022;3;Ozaman;Ilhan;;1958-12-15;+4915209205537;;nihan.p@outlook.de;Reutlingen;nein;SM3vo5zkBY0VtAZWskx1;Blessing
G022;3;Ozaman;Ilhan;;1958-12-15;;54383;;Reutlingen;nein;wmVDDW03SwyjLJ7ZxVMV;Blessing
G023;3;Haug;Gerlinde;;-295228800000;+4915782346067;;gelinh@gmx.de;;ja;0NFLR2FsWT5O3lMIJeQL;Blessing
G023;3;Haug;Gerlinde;;1960-08-24;;+49712789658;;Pliezhausen;nein;PgMEFxfaaw1nQzGpUrRn;Blessing
G023;3;Haug;Gerlinde;;;+49 1578 2346067;;gelinh@gmx.de;;ja;qsKuD8cIWqlpe6pIofPN;Blessing
G024;3;Najami;Lara;;1463702400000;;698995;;Reutlingen;nein;0cHZB4n3TbinGDiNdV5m;Blessing
G024;3;Najami;Lara;;2016-05-20;+491734378297;;olanajami2@gmail.com;Reutlingen;nein;3bdBzGuNH3aAcn54x2IZ;Blessing
G024;3;Najami;Lara;;2016-05-20;+491721698995;;nano-ja@hotmail.de;Reutlingen;nein;xnTOn31GxmBx4yLVaiyH;Blessing
G025;3;Spis;Marina;;1970-02-24;+491633710473;;;Reutlingen;nein;0oUm4l8SsiAWwl7PeBXK;Blessing
G025;3;Spis;Marina;;1970-02-24;+491633710473;;;Reutlingen;nein;BUdEHUcIbx9MEleI9ym3;Blessing
G025;3;Spis;Marina;;1970-02-24;+491633710473;;;Reutlingen;nein;MZFXx9oUryPJ7k94Wwex;Blessing
G026;3;Nowack;Tony;;1986-12-18;+491626382916;;tony.nowack86@gmail.com;Bad Urach;nein;0oapJZhlPiK3SDW0Iv8i;Blessing
G026;3;Nowack;Tony;;1986-12-18;+491626382916;;tony.nowack86@gmail.com;Bad Urach;nein;Rrbrj3TjOuSYGvhqBzC9;Blessing
G026;3;Nowack;Tony;;;+4917623745704;;tony.nowack86@gmail.com;;ja;dP8VEG4PvcrOlKhx8ZXl;Blessing
G027;3;Alkhamash;Souad;;2001-07-01;+4917671229181;;mohammadalali1992syr@hotmail.com;wendlingen;nein;0xDuRkw8RIIKAhbh6oPv;Blessing
G027;3;Alkhamash;Souad;;2001-07-01;+4915780783014;;;Wendlingen;nein;rDR0uGwQJC8J0C0umtRr;Blessing
G027;3;Alkhamash;Souad;;2001-07-01;;;;Wendlingen;nein;uB6ZFmtxX60Spdla0otv;Blessing
G028;3;Streicher;Thomas;;1972-08-04;+491714492941;;streicher-thomas@gmx.de;Dettingen;nein;c6G6cSI7acUnNH9jnQdv;Blessing
G028;3;Streicher;Thomas;;1972-08-04;+4915225227860;;streicher-thomas@gmx.de;Dettingen;nein;zJruHHOg40HeX3vwvsyN;Blessing
G028;3;Streichter;,Thomas;;1972-08-04;+491714492941;;;;nein;12fSe5sNVj18shWeq3GC;Blessing
G029;3;Erbe;Walter;;-172886400000;;01714059001;;;nein;17r9weaIoIU5dLIBp0Gk;Blessing
G029;3;Erbe;Walter;;-172886400000;;01714059001;;;nein;LDli6B75pKPpF8Azj2wn;Blessing
G029;3;Erbe;Walter;;-172886400000;;01714059001;;;nein;eFlU9AkzTo0cydW5BuN4;Blessing
G030;3;Gressel;Susanne;;1957-06-21;+4915738237495;;carolafeucht@gmail.com;;nein;1L5xgK7871eNWrWc7Tdp;Blessing
G030;3;Gressel;Susanne;;1957-06-21;+491788850980;;;Bad Urach;nein;TpzDq8xiY2g9EAmoUwKQ;Blessing
G030;3;Grässel;sussane;;1957-06-21;;;;;nein;oOlq5dMo0PsJapFc3Hha;Blessing
G031;3;Le;Kien Khand;;840672000000;;;;;nein;eP7ON4HNkYOa5XloeGQO;Blessing
G031;3;Le;Kien Khang;;840672000000;;;;;nein;1NUgmdd0Lsn6iI4kgHC9;Blessing
G031;3;Le;Kien Khang;;840672000000;;;;;nein;MSxPgVh8MyxpFcjY0IjU;Blessing
G032;3;Höhn;KArin;;-473644800000;;07121623113;;;nein;1T6Y8mOhBnlUgY6b197c;Blessing
G032;3;Höhn;Karin;;-473644800000;+4915754656972;+497121623113;;Reutlingen;ja;8TUi0OrLzDBdJC5uPLdj;Blessing
G032;3;Höhn;Karin;;1954-12-29;;+497121623113;hoehn68@web.de;;nein;k0wf0i4DlV6MpMyJ3hDB;Blessing
G033;3;Jungel;Daniel;;1991-06-10;+491718034524;;daniel.jungel@web.de;;nein;1m2koBpIbfXXgJlYy8A5;Blessing
G033;3;Jungel;Daniel;;1991-06-10;;;;Lichtenstein;nein;GpplUhN4ZoYb6YPCoHnk;Blessing
G033;3;Jungel;Daniel;;1991-06-10;+491718034524;;daniel.jungel@web.de;;nein;UHlNg7ugVV3xlKU8WeeA;Blessing
G034;3;Heinzel;Uwe;;1963-07-03;+491713635387;;heinzel.uwe@web.de;Reutlingen;nein;1y2hrw6Sv4e8rGY1dJ45;Blessing
G034;3;Heinzel;Uwe;;1963-07-03;+491713635387;9090358;;Reutlingen;nein;2Y3GrdGWcXKlxAMM40vI;Blessing
G034;3;Heinzel;Uwe;;1963-07-03;;+4971219090358;uwe@sportwagenfreunde-zwillberg.de;;nein;rFpmFcu7e5S0LtHtVRqM;Blessing
G035;3;Seybold;Erika;;-673747200000;;+49712121902;kiki.seybold@web.de;;nein;246Sk0l98HdsPFLkzcxS;Blessing
G035;3;Seybold;Erika;;1948-08-26;;21902;;Reutlingen;nein;aVFxz68Ci7TTKr5smdNO;Blessing
G035;3;Seybold;Erika;;1948-08-26;+491797028401;;seybold.iris@web.de;;nein;wJxehGA43nis1S5zD1fF;Blessing
G036;3;bursac;marko;;;+4915229357255;;;;nein;28TlNmCM13Wy6wOxAx6g;Blessing
G036;3;Bursac;Marko;;2001-03-19;+4915229357255;;;Reutlingen;nein;GfV1uiXvQMRQ2dCAHra6;Blessing
G036;3;Bursac;Marlo;;2001-03-19;+4915159153292;;markobursac19@gmail.com;;nein;ajEG0Wf7Fa5HcwsV0aTp;Blessing
G037;3;Osmani;Emine;;1991-03-30;+491741774997;;erkanosmani@aol.com;;ja;2LayjKG1BBaK4XSs3VvY;Blessing
G037;3;Osmani;Emine;;;+491741774997;;erkanosmani@aol.com;;ja;QjXo15JnsxbutLmxRZ2X;Blessing
G037;3;Osmani;Emine;;;+491741774997;;erkanosmani@aol.com;;ja;agyzEIWjZoY6K8JpcBwk;Blessing
G038;3;schneck;Hartmut;;-124329600000;+491736564519;;;;ja;sYPxXVWQtNkWQNeG3IM7;Blessing
G038;3;Schneck;Hartmut Hans;;-124329600000;;;;;nein;2WwBgIHFtw4Dd5wC6cxa;Blessing
G038;3;Schneck;Hartmut Hans;;-124329600000;;;;;nein;7IYPJwenOW24xyVqLggz;Blessing
G039;3;Topalidou;Maria;;1984-06-03;+491736834029;;maria@kritoglu.de;Neckartenzlingen;nein;qe3Fpb33C2naFGreW5zq;Blessing
G039;3;Totamidou;Maria;;1984-06-03;+491736834029;;;;nein;2XbVmQM47IGtqRz2M62W;Blessing
G039;3;turkalidou;Maria;;1984-06-03;+491736834029;;;;nein;kaLzKH272nMhlWjtOqBY;Blessing
G040;3;Wetzel;Karin;;1970-05-12;+491706381891;;karin.wetzel1@gmx.de;Kusterdingen;nein;2kSzw2pf7dYo5axPTwwA;Blessing
G040;3;Wetzel;Karin;;;+4917652948152;;karin.wetzel1@gmx.de;;ja;9VnaFyHan0R8iAfSMnMP;Blessing
G040;3;Wetzel;Karin;;1970-05-12;;+49712333800;wetzel-online@web.de;Kusterdingen;nein;X7G6sB8namdUewKxLgcQ;Blessing
G041;3;Scheuerpflug;Samuel;;2005-01-25;+4917656727800;;fam.scheuerpflug@t-online.de;Nehren;nein;2qnwQ2Su6z6Kr7s9eNxf;Blessing
G041;3;Scheuerpflug;Samuel;;2005-01-25;+4915233876431;;deniseheidi@bluewin.ch;;ja;QpmIGgrbycViBEPcHvD7;Blessing
G041;3;Scheuerpflug;Samuel Mick;;2005-01-25;+4917656727800;;;Nehren;nein;uHuPEHTwJU2pDaxps0ro;Blessing
G042;3;Schmid;Anna;;-1118016000000;+491711131541;;;Trochtelfingen;ja;30MKzcKx4Lt3cxtZmbWg;Blessing
G042;3;schmid;Anna;;-1118016000000;;;;;nein;7gZZMlp6yw8tiVrTzI6N;Blessing
G042;3;schmidt;anna;;1934-07-29;;;;;nein;ltKoraUdKqA78TdnkPGJ;Blessing
G043;3;da Fonseca;Patricia;;871862400000;;017670008084;;;nein;36IRWz9nljMeGi5gqPRu;Blessing
G043;3;da Fonseca;Patricia;;871862400000;;017670008084;;;nein;6KFglD180SlEa8ZJhzi7;Blessing
G043;3;da Fonseca;Patricia;;871862400000;;017670008084;;;nein;NKdGRHKeZfw9bKj15kGU;Blessing
G044;3;Kis;Katja;;;+4917678043400;;katja.kis@t-online.de;;ja;cE5WNW5AWeofuDxZY9aK;Blessing
G044;3;Kisch;Katja;;;+4917678043400;;;;nein;OwjkAf9YE6hdI9CGeoVW;Blessing
G044;3;Kiss;Katja;;;+4917678043400;;;;nein;3Nh3K3LKwZrQa7kORXny;Blessing
G045;3;Stoeber;Christa;;1961-10-02;+4915756270239;;stoeberc@yahoo.co.uk;;nein;o4zk6vohE3qcaHjHi8QI;Blessing
G045;3;Stoeber;Christa Maria;;1961-10-02;+4915154844302;;;Selters (Taunus);nein;3QZvRFWh8awx3YkUGpcx;Blessing
G045;3;stöber;christa;;1961-10-02;+4915154844302;;;;nein;JBGwBWKs6tErAJBlYyf6;Blessing
G046;3;Powell;Shanna;;2004-08-19;+491732121355;;sippy2004@gmail.com;Reutlingen;nein;DoAsMSdJ4UgaWs6p2mdQ;Blessing
G046;3;Powell;Shanna Isabel;;2004-08-19;;;;Reutlingen;nein;3VfNJRFNkoRP0yhWU8jF;Blessing
G046;3;Powell;Shanna Isabel;;2004-08-19;+4915784482608;;;Reutlingen;nein;xovcqiDgnVyztDpQVR0r;Blessing
G047;3;Punkhardt;Linda;;1998-03-05;+4915789737063;;linda.punkhardt@online.de;Metzingen;nein;pdH7mAJOtyp8wZoddoeb;Blessing
G047;3;Punkhardt;Linda Careen;;1998-03-05;;+4971239102326;;Metzingen;nein;3avfPQ09DpCLYBM0zwQB;Blessing
G047;3;Punkhardt;Linda Karin;;1998-03-05;;+4971239102326;;;nein;d9wWzfP2ZmhOjxQjA9cn;Blessing
G048;3;Abdel Sayed;Selei Elijah;;2012-08-30;+491733052862;;daniela.gehbauerabdelsayed@gmail.com;Walddorfhäslach;nein;3cHLknwFF7Q7QnoTyaBF;Blessing
G048;3;Abdel Sayed;Selei Elijah;;2012-08-30;+491733052862;;daniela.gehbauerabdelsayed@gmail.com;Walddorfhäslach;nein;BdwYloDrRa1ElSwb4eln;Blessing
G048;3;Abdel Sayed;Selei Elijah;;2012-08-30;;;;Walddorfhäslach;nein;Ktm0nzBtSFevsJhedMyo;Blessing
G049;3;Birgel;Sylvia;;;+4971216953029;;sylvia-birgel@web.de;;ja;3kNgycvV4L9hR5Ewe0OV;Blessing
G049;3;Birgel;Sylvia;;1975-10-03;;1363028;;Reutlingen;nein;FJeFZBK6s7pUOsNakhZ1;Blessing
G049;3;Birgel;Sylvia;;1975-10-03;;+4971211363028;sylvia-birgel@web.de;;nein;InF1WIaE1i33VkENt9jP;Blessing
G050;3;Sencel-Balasar;Yeliz;;1993-12-04;+4915787268347;;yelsen4@gmail.com;Reutlingen;nein;3n36xvPgY4uhpx5smdJJ;Blessing
G050;3;Sencel-Balasar;Yeliz;;754963200000;+4915259281802;;yelsen4@gmail.com;;ja;oW5I16vb53CnJlkvc82c;Blessing
G050;3;Sentel-Balasal;Jelis;;;+4915787268347;;;;ja;7sCCiyqOJV8aOjfrs1bF;Blessing
G051;3;Meuth;Christof;;1960-08-28;+4915222947825;+49260443;;Reutlingen;nein;3smU7wXcjCNFTobTfaCU;Blessing
G051;3;Meuth;Christof;;1960-08-28;;+497121260443;c.meuth@gmx.de;;nein;NHdApnsiRwSD0EgbVaby;Blessing
G051;3;Meuth;Christof;;1960-08-28;+4915231924053;;c.meuth@gmx.de;;nein;OLb65apgAUGVKO0pQkOd;Blessing
G052;3;Zimmermann;Chris;;2002-07-21;;+497123920900;;Metzingen;nein;3txvFyAiuoj951zMXtiS;Blessing
G052;3;Zimmermann;Chris;;2002-07-21;+4915734449614;;chris.z@gmx.de;;nein;9firkNDk5sMS6R8sZnGq;Blessing
G052;3;Zimmermann;Chris;;;+491729112320;;chris.z@gmx.de;;ja;uhDGh45Nz7MlnPZzF7Bw;Blessing
G053;3;mihailovic;Svitlana;;1953-08-20;+4917624349493;;;;nein;iriBsYaoHmwPHsvguf1d;Blessing
G053;3;Mykhailovych;Svetlana;;1953-08-20;+4917624349493;;;Reutlingen;nein;48HjpkkDl5CRNfKXXwUM;Blessing
G053;3;Mykhailovych;Svitlana;;1953-08-20;+4917624349493;;;Reutlingen;nein;Ouj6p4RvYsKEFZLUxpk5;Blessing
G054;3;Al Janadi;Mohamad;;526262400000;;;;;nein;495yMi2E3l0xDCT0uJDH;Blessing
G054;3;Al Janadi;Mohamad;;526262400000;;;;;nein;4S2Nc13cySCUmFeTxm69;Blessing
G054;3;aljanadi;mohammad;;1986-09-05;;;;;nein;vElTvxsTMZLjIfC3ZJci;Blessing
G055;3;hecker;marc;;;+491716217227;;;;nein;VytjURUuIapMgIFyfC9o;Blessing
G055;3;Häcker;Marc;;1984-06-29;+491716217227;;;Pliezhausen;nein;49hw6ZmjHI8PbrwM05jH;Blessing
G055;3;Häcker;Marc;;457315200000;;;;;nein;RodPVwuRBgoB4rOzr4Lt;Blessing
G056;3;Blatter;Verena;;;+49 173 2643789;;blattve@yahoo.com;;ja;4AcEabEHez251GtPYO5c;Blessing
G056;3;Blatter;Verena;;;+491732643789;;blattve@yahoo.com;;ja;u4H81CM5e74hmIPPGNS7;Blessing
G056;3;Platter;Sirena;;;+491732643789;;;;nein;u1E9Il9oF99KTSgujPwG;Blessing
G057;3;Maichle;Ingo;;1983-02-19;;+4971279495515;ingo_maichle@web.de;Pliezhausen;nein;4XMiMv5WSU81h2xNGg6D;Blessing
G057;3;Maichle;Ingo;;;+49 173 3439822;;ingo_maichle@web.de;;ja;el4ls2j3gFpYi7s8fJFD;Blessing
G057;3;Schmeichle;Ingo;;1983-02-19;+491733439822;;;;nein;rDmILo5qfKpECxI14IUE;Blessing
G058;3;Rösner;Christian;;1979-04-19;;+497123954636;;Metzingen;nein;4Z4rAEeZUgI2jKnrffOj;Blessing
G058;3;Rösner;Christian;;1979-04-19;;+497123954636;c-roesner@gmx.net;;nein;HZydpQ8LFQ0oCN56M66h;Blessing
G058;3;Rösner;Christian;;;+4915901684582;;c-roesner@gmx.net;;ja;Iz3Qm7ip2zpURtOxmwUU;Blessing
G059;3;Paul;Monica;;1963-06-12;;+4970255298;;;nein;ubMOWxq0yeaj2hLqsbLo;Blessing
G059;3;Paul;Monika;;-206928000000;;+4970255298;monika.paul63@gmail.com;Neuffen;nein;4a9LOGTmTcLTgrZLVIK4;Blessing
G059;3;Paul;Monika;;-206928000000;;+4970255298;monika.paul63@gmail.com;;nein;ZVvjAptPsi6VF4Sz9qmK;Blessing
G060;3;Döffinger;Barbara;;-940809600000;+4915784054913;+497121620056;lillischnirch@web.de;Reutlingen;ja;4iKFhHeTOgN5iYHuoSm6;Blessing
G060;3;Döffinger;Barbara;;1940-03-10;;620056;;Reutlingen;nein;YuCcF5wAfN7Hgk5Q8ICo;Blessing
G060;3;Döffinger;Barbara;;1940-03-10;+4915784054913;+497121620056;lillischnirch@web.de;;nein;ro0qKQQgv1zygiAMOTk1;Blessing
G061;3;Haas;Ursula;;-151718400000;;015785804763;;;nein;4idqT2yDucG3JlCvaYgN;Blessing
G061;3;Haas;Ursula;;1965-03-12;;+49712332123;;Pliezhausen;nein;JUXwsp4XtdzQhY6fHUiw;Blessing
G061;3;Haas;Ursula;;1965-03-12;;+4971279294146;ursula_1231@web.de;;nein;bAhzQCyJXV5orqFdSwvF;Blessing
G062;3;schmidt;berbel;;1956-05-21;;+497127931284;;;nein;kWoRdzTawvUeD248MsR7;Blessing
G062;3;Schmidt;Bärbel;;1956-05-21;;+497127931284;b.n.schmidt@t-online.de;Altenriet;nein;52Lh7Lzl78AlgjeLaCo0;Blessing
G062;3;Schmidt;Bärbel;;1956-05-21;;+497127931284;b.n.schmidt@t-online.de;Altenriet;nein;HsJNlPeb86oFNA2KENr9;Blessing
G063;3;Woodall-De Pinto;Stefanie;;316742400000;+491608227652;;;Neckartenzlingen;ja;58puUreHUU596SUowDKG;Blessing
G063;3;Woodall-De Pinto;Stefanie;;316742400000;+4917621644078;;stefanie.woodall@web.de;;ja;OO6RVfjgh7IFybqhT9kt;Blessing
G063;3;Woodall-De Pinto;Stefanie;;;+49 7127 581679;;Stefanie.Woodall@web.de;;ja;xW3mG4ZVC2HzwwHiFflG;Blessing
G064;3;Schneider;Angela;;1968-08-09;+491775494041;;angela.michele43@yahoo.dee;;nein;wuHC0VGN0FUO44AI7oQK;Blessing
G064;3;Schneider;Angela Doreen;;-44064000000;+491715045000;;;Mössingen;ja;5J5uqFAFMtCDYiqiXILy;Blessing
G064;3;Schneider;Angela Michele;;-44064000000;+491724431839;+491775494041;;Reutlingen;ja;Ceq96msDQNRAm0r2ryUt;Blessing
G065;3;Stogiannidou;Anna;;;+491739762601;;anna_stogiannidu@web.de;;ja;5imdaXGU9CUz17rtDo4p;Blessing
G065;3;Stogiannidou;Anna;;1986-07-18;;+4971211383291;stogiannidu.a@gmail.com;Reutlingen;nein;vRJXjNTT16ernbowLFju;Blessing
G065;3;Stogiannidu;Anna;;1986-07-18;+491739762601;+4971211383291;;Reutlingen;nein;lCnC91sJrXFJxzvVZCan;Blessing
G066;3;Wurster;Regina;;1955-06-21;;+49712333417;regina.wurster@web.de;Grafenberg;nein;5q4zzrKGeBv3drR8TGcS;Blessing
G066;3;Wurster;Regina;;;+4917647290619;;Regina.Wurster@web.de;;ja;68RDh8YDZ3TjDKYJ0tLh;Blessing
G066;3;Wurster;Regina;;1955-06-21;;+49712333417;regina.wurster@web.de;Grafenberg;nein;ghyir3dl7ZhWjDEuxwNc;Blessing
G067;3;Koch;Bernd;;1970-04-09;;+49712756977;koch-goller@online.de;Aichtal;nein;5rlPxyC9ExdduTkZj4ZI;Blessing
G067;3;Koch;Bernd;;1970-04-09;;+49712756977;;Aichtal;nein;ZBgd1QEw0GCkXygia3JR;Blessing
G067;3;Koch;Bernt;;1970-04-09;;;;;nein;D5PSwZYc7fOxTlaSiB1V;Blessing
G068;3;sailan;amr;;2009-08-11;+491776186180;;;;nein;fNrXevwC6r0GVIPuTLDf;Blessing
G068;3;Sailan;Amr Khaled Saleh;;2009-08-11;+491776186180;;;Pfullingen;nein;62JaCuYQKccVuXAeORsE;Blessing
G068;3;Sailan;Amr Khaled Saleh;;2009-08-11;+491776186180;;;Pfullingen;nein;ZUDCtHanWZCdIJytmiuq;Blessing
G069;3;Schäfer;Thomas;;-320198400000;;;;;nein;7RzGhuwieSqh0wrTVOlz;Blessing
G069;3;Schäffer;Thomas;;-320198400000;+4915788761535;;aline-sch@web.de;;ja;6F1Pv8Hfjp0mZw4VrxcA;Blessing
G069;3;Schäffer;Thomas;;1959-11-09;;+497121630862;tho-sch@versanet.de;Reutlingen;nein;r62bXdjV8OpLdfTYioV0;Blessing
G070;3;Colucci;Christine;;-134611200000;+4915787075531;;c.colucci65@gmx.de;;ja;6FpfQM47KaokWhct0bfM;Blessing
G070;3;Colucci;Christine;;1965-09-26;;+497072920533;;Reutlingen;nein;AXycopbhFHHuOhj7KPeA;Blessing
G070;3;Colunci;Kristine;;1965-09-26;;+497072920533;;;nein;uoCZ8ku7zt1X25QTSo9n;Blessing
G071;3;Löffler;Nicole;;;+49 176 43355051;;nicole.julia.loeffler@hotmail.de;;ja;6IkI7JDQjdK1dSRv2Twd;Blessing
G071;3;Löffler;Nicole;;1990-11-28;;;;Winterlingen;nein;jE5qj2pifS2DKNg0nFYc;Blessing
G071;3;Löffler;Nicole Julia;;1990-11-28;+4917643355051;;nicole.julia.loeffler@hotmail.de;Winterlingen;nein;gJh4dpJTgzW97IJ5b3QJ;Blessing
G072;3;Rempfer;Dennis;;1995-07-19;+491628093651;;;Reutlingen;nein;6YaIQdeiTOyOXEvWNeO8;Blessing
G072;3;Rempfer;Dennis;;1995-07-19;+491628093651;;;Reutlingen;nein;XvMhdsaH1X6oWFiU6kSt;Blessing
G072;3;Rempfer;Dennis Nuri;;1995-07-19;+491628093651;;ifdmmib+doctolib@gmail.com;Reutlingen;nein;zf8pNrOka3tKNGaPAOCE;Blessing
G073;3;Grailich;Vivien;;2008-05-30;+4915233594478;;;;nein;fVzaqKEcynfsrOji82tW;Blessing
G073;3;Grailich;Vivienne;;2008-05-30;+4915165162086;;heidigrailich@gmail.com;St. Johann;nein;6YwTJdASlTG8kmfFYBky;Blessing
G073;3;Grailich;Vivienne;;2008-05-30;;;;St Johann;nein;WK0etqyCyA4JGQXezxQ6;Blessing
G074;3;Raiser;Patrick;;1998-12-04;+4915786103143;;;Reutlingen;nein;6kxXBXFRjRcGFHW9v5m6;Blessing
G074;3;Raiser;Patrick;;1998-12-04;;504044;;Reutlingen;nein;EwiBBjrwvMJtmOPKI8Dp;Blessing
G074;3;Raiser;Patrick;;;+4915786103143;;;;nein;j9jxt9XjsZipan4jaT9K;Blessing
G075;3;Haap;Oliver;;1967-06-03;+491749658783;;haapoliver@gmail.com;Kernen;nein;6m5rqZntCwt5UW5Y71Is;Blessing
G075;3;Haap;Oliver;;1967-06-03;+491749658783;;haapoliver@gmail.com;Kernen;nein;XrlRrJklOqOWzeIA1fAD;Blessing
G075;3;Haap;Öliver;;;+49 174 9658783;;haapoliver@gmail.com;;ja;tMcKVZ1YImHH3cjb53Yj;Blessing
G076;3;Blessing;Charlotte;;;+4915128814248;;;;nein;7sgVt50WMJJv0Jg8D6qG;Blessing
G076;3;Blessing;Charlotte;Dr.;-152928000000;+4915128814248;+49707151628;charlotte-blessing@t-online.de;Tübingen;ja;IBswYXk6AVs8Cv4SyXw9;Blessing
G076;3;Blessing;Charlotte;;-152928000000;;;;Reutlingen;nein;V06YbaZkivuWbfifqU1z;Blessing
G077;3;Caylan;Hussein;;-696988800000;;;;;nein;87A2dkziq3oPeVf07o1i;Blessing
G077;3;Caylan;Hussein;;-696988800000;;;;;nein;BQjLDdHxMMMELpeH2pJV;Blessing
G077;3;Caylan;Hussein;;-696988800000;;;;;nein;MMhn1a0UI9O8iWNICM8n;Blessing
G078;3;Ale;Ali;;;+491639216382;;;;nein;8CzF95JVkJzfZ3sU83WY;Blessing
G078;3;Ali;Ali;;137289600000;+491639216382;+49163921682;;Reutlingen;ja;YctKpFuYqGC69EdjxEU9;Blessing
G078;3;Ali;Ali;;137289600000;;;;;nein;Z0WJBUnf0QiT0GrgBJK4;Blessing
G079;3;Al-Sharshahi;Alyia Saad Hussein;;622339200000;+491747478440;;;Reutlingen;ja;8lc5OGi8GChJ7gr3IjgW;Blessing
G079;3;Al-Sharshahi;Alyia Saad Hussein;;1989-09-21;;;;Reutlingen;nein;CqJ9I8i8p9G1WKyvxzwI;Blessing
G079;3;Al-Sharshahi;Alyia Saad Hussein;;1989-09-21;+4917615740958;;;Reutlingen;nein;p3dOkrJjyvDK6nSiCRY9;Blessing
G080;3;pham;van cuong;;;;+497123205073;;;nein;8p5siOG1lLdhn77Kd7jb;Blessing
G080;3;Pham;Van Cuong;;-219715200000;+491629805584;;pvancuong248@gmail.com;Metzingen;ja;O1tSQprrr9xZCplS3qHP;Blessing
G080;3;Pham;Van Cuong;;1963-01-15;+491629805584;+497123205073;pvancuong248@gmail.com;Metzingen;nein;m9n4d08a7qUC9RU1xmHz;Blessing
G081;3;Sentuerk;Huelya;;1969-06-25;;;;Eningen;nein;zkfKoyDIKOlldMV5iCKq;Blessing
G081;3;Sentürk;Hülya;;1969-06-25;+491629084357;;hulya-senturk@hotmail.de;;nein;9XPA34Eex3WS8J3mPjae;Blessing
G081;3;Sentürk;Hülya;;1969-06-25;;470356;rk@hotmail.de;Eningen;nein;rJG8LCBMlS6rvcdEb61M;Blessing
G082;3;Krause;Irene;;1959-09-22;;+497121311993;irene.krause@web.de;Reutlingen;nein;9ZaqCQy0PEyVgf2CX4Ov;Blessing
G082;3;Krause;Irene;;1959-09-22;;+497121311993;irene.krause@web.de;Reutlingen;nein;quv4QJp83HzpO4dAWOq3;Blessing
G082;3;Krause;Irene;;;+49 1525 3415274;;irene.krause@web.de;;ja;tJC7gvNtEhWGZzI0fhf3;Blessing
G083;3;Jennerich;Silke;;;+49 1514 4950134;;sjennerich@gmx.de;;ja;9hWs1UCxbFxonnzkFpLI;Blessing
G083;3;Jennerich;Silke;;1964-12-22;;+4971219487352;sjennerich@gmx.de;;nein;YUjijy5Ihk2G7p0NiocO;Blessing
G083;3;Jennerich;Silke;;1964-12-22;;+492417402;;Reutlingen;nein;tq3nGIXSiiZlWQvTpd5T;Blessing
G084;3;Sailan;Omar;;;+49 177 6186180;;lasailan16@gmail.com;;ja;9owz3fqrRlIitp9ZCn23;Blessing
G084;3;Sailan;Omar Khaled Saleh;;1442102400000;+491747560301;;lasailan16@gmail.com;Pfullingen;ja;xXB0FIgLS8d0OLEftQ1W;Blessing
G084;3;Sailnan;Omas;;2015-09-13;;;;;nein;WYuDblPPipoyJRspsRhS;Blessing
G085;3;Maier;Herbert;;-625104000000;;;;;nein;9xpLTJw3LMsX2S8p81Xr;Blessing
G085;3;Maier;Herbert;;-625104000000;+4915259675113;;;Metzingen;ja;XWggOOGlOoqzdSybIct7;Blessing
G085;3;Maier;Herbert;;-625104000000;;;;;nein;wYpEu4yu8mHq31NvfMmq;Blessing
G086;3;Inan;Mirhan;;2003-06-14;+491623315523;;mirhaninan54@gmail.com;;nein;A5vTGKRXUJ34ixWPOtJb;Blessing
G086;3;Inan;Mirhan;;2003-06-14;+491623315523;;;Pfullingen;nein;IFwtqfZlUFzBBFjF8GW8;Blessing
G086;3;InAn;Mirhan;;2003-06-14;;;;;nein;KfCLvMh2oTxJpokizKIW;Blessing
G087;3;Lang;Christa;;1954-07-10;+491727558510;;christa.lang111@outlook.de;Reutlingen;nein;TNXxc41J7aHn9Z2ivss0;Blessing
G087;3;Lang;Christa Erika;;1954-07-10;;+4971211377005;;Reutlingen;nein;A7Fm6uIEdMJgrcJqJGMm;Blessing
G087;3;Lang;Christa Erika;;1954-07-10;+491727558510;;christa.lang111@outlook.de;Reutlingen;nein;ZqVN76i7TXhNkF3EQg3w;Blessing
G088;3;Altan;Nimet;;1988-03-10;;7551774;;Reutlingen;nein;A7o1cgCXiFD4qePbFyrz;Blessing
G088;3;Altan;Nimet;;1988-03-10;;+4971211379652;nimetaltan@hotmail.de;;nein;Dh4jihykKymJqz6Pci8q;Blessing
G088;3;Altan;Nimet;;573955200000;+01627351617;;nimetaltan@hotmail.de;;ja;iaibOReCfGPyrxNYlalP;Blessing
G089;3;Maier;Ursula;;1964-07-10;;966077;;Reutlingen;nein;ADXzSXzOvSnMS27Ctoit;Blessing
G089;3;Maier;Ursula;;1964-07-10;;+497121966077;maier_andreas@t-online.de;Reutlingen;nein;LU625QtVtrwBe9wkTWrL;Blessing
G089;3;Maier;Ursula;;;+49 1573 8977237;;maier_andreas@t-online.de;;ja;rSS1yCvEh13R1J0td71s;Blessing
G090;3;Mueller;Marliese;;-195782400000;;+497127933750;marliese.m.mueller@gmail.com;Neckartenzlingen;nein;E2DYJRFpt3d3aipkJVjC;Blessing
G090;3;Müller;Malissa;;;+4915770456118;;;;nein;SlmRGPBE18BMC1uNCpNi;Blessing
G090;3;Müller;Marliese;;;+015770456118;;marliese.m.mueller@gmail.com;;ja;AHpNqKVefaZZfFfbR7Nt;Blessing
G091;3;Spadin;Daniel;;1993-03-13;;+497128927634;;Sonnenbühl;nein;FHfJw4um4eG6KzvAC3cz;Blessing
G091;3;Spadin;Daniel;;1993-03-13;+491701418535;;spadindaniel@gmail.com;Reutlingen;nein;aKQfEn2COq7fJqAPjKRn;Blessing
G091;3;Spadin;Daniel Adrian;;1993-03-13;+491701418535;;;Reutlingen;nein;AKhMXLiRbOnpN4blBcWy;Blessing
G092;3;Straßer;Marie;;;+4915122154593;;marie@strasser-familie.de;;ja;ANrQ5eVcOaKoxg4AvYwW;Blessing
G092;3;Straßer;Marie;;2001-09-10;;+497123725779;marie@strasser-familie.de;;nein;NTRg715GZ6v3WolB3vMc;Blessing
G092;3;Straßer;Marie Sophie;;2001-09-10;;+497123725779;;Dettingen;nein;flcE7PuA98zHPeuQRhPC;Blessing
G093;3;Speidel;Chrisrine;;1967-06-01;;+49712179213;speidel.ch@gmail.com;;nein;u1gKUY8czAXgFvBM9fxE;Blessing
G093;3;Speidel;Christine;;1967-06-01;;+49712179213;;Pfullingen;nein;ARHj0QU5gJHZaLkpjxQr;Blessing
G093;3;Speidel;Christine;;;+4915784679402;;speidel.ch@gmail.com;;ja;gGIJLCgM66qKjVyIHX1G;Blessing
G094;3;Frenhzel;Birgit;;1965-07-13;;+497121470330;birgit.frenzel@kabelbw.de;Reutlingen;nein;l8QMQoCr0HfXsRZ6beCI;Blessing
G094;3;Frenzel;Birgit;;-141091200000;;+497121470330;;Reutlingen;nein;AU6yJ4W1LYptrdKK2DaR;Blessing
G094;3;Frenzel;Birgit;;;+4915110819542;;birgit.frenzel@kabelbw.de;;ja;ivDt63jXSCIikepxl8Eo;Blessing
G095;3;Weindel;Moritz;;2004-12-24;+491747870917;;;;nein;jXt784iI1FrSwqgYHGCZ;Blessing
G095;3;Weindl;Moritz;;2004-12-24;+4915253762798;;moritz.noah.weindl@gmail.com;;nein;AX4hNEdGnOBLf49gGRvK;Blessing
G095;3;Weindl;Moritz Noah;;2004-12-24;+491747870917;670213;;Wannweil;nein;SRtzLpA0m7rMwIw2yiMF;Blessing
G096;3;Montero Castillo;Jose Miguel;;1975-01-15;+49 1514 0655095;;frankawimmer@gmx.de;;ja;AYH0OODFM74VryxT0da1;Blessing
G096;3;Montero Castillo;Jose Miguel;;1975-01-15;+49 1514 0655095;;frankawimmer@gmx.de;;ja;DKBR5ilIzuLL4ZJgkrgx;Blessing
G096;3;Montero Castillo;Jose Miguel;;1975-01-15;+4915140655095;;frankawimmer@gmx.de;;ja;jx3Sd4n9exkKcbgLrzKY;Blessing
G097;3;stanecker;Simon;;2008-01-31;;;;;nein;wrzZ4a78igzyR4vZcz2F;Blessing
G097;3;Staneker;Simon;;2008-01-31;;+497129930170;angela.staneker@gmx.de;Engstingen;nein;Q1XM1JdOYvyXoxJGYtXi;Blessing
G097;3;Starneker;Simon;;2008-01-31;;+497129930170;;;nein;AahpuflOs8Tm30772CbW;Blessing
G098;3;Decker;Elina;;1091750400000;+4915737851301;;elinadecker04@gmail.com;;ja;AqsSUKXlRoWM2lNlC1Uw;Blessing
G098;3;Decker;Elina;;2004-08-06;;+49702583988;;Neuffen;nein;Gm4XAMiZwIPVeBGl3LCx;Blessing
G098;3;Decker;Elina;;2004-08-06;+4915737851301;;elinadecker04@gmail.com;Neuffen;nein;aLZ3aIDCaqySeuoRXsRB;Blessing
G099;3;Gabriel;Carsten;;177638400000;;+497123381716;babettegabriel1@gmail.com;Bempflingen;nein;BG7mjUC9k2saaz0nMuQB;Blessing
G099;3;gabriel;carsten;;;;+497123381716;babettegabriel1@gmail.com;;nein;ZkCrdjEO9Cy1pAv9t9AO;Blessing
G099;3;Gabriel;Carsten;;1975-08-19;+491738323944;;babettegabriel1@gmail.com;Bempflingen;nein;bvbCuxRWR52ruO4BQivp;Blessing
G100;3;Patri;Veronica;;1990-04-25;+491638822185;;;Reutlingen;nein;BMKT5mijNgUdgtCeGmUT;Blessing
G100;3;Patri;Veronica;;1990-04-25;+491734252140;743389;;Reutlingen;nein;HN6ilYbXbhlGkdFeL5PA;Blessing
G100;3;Patri;Veronica;;1990-04-25;+491638822185;;veronica_p_@hotmail.de;;nein;lkCn1GVLTE2q7SVz3oZk;Blessing
G101;3;Fälchle-Strobelt;Jana;;1985-01-14;+4917683063227;;;Bempflingen;nein;BMb6wGP1zHLSmoxDYNEI;Blessing
G101;3;Fälchle-Strobelt;Jana;;1985-01-14;+4917683063227;;jana.faelchlestrobelt@gmail.com;;nein;F4wxi9lfLV5k0gTdYvPq;Blessing
G101;3;Fälchle-Strobelt;Jana;;;+49 1512 6198527;;jana.faelchlestrobelt@gmail.com;;ja;okDFjrS01Vc5IjyqpnVy;Blessing
G102;3;Weippert;Sabine;;-270691200000;;+497072131358;;Gomaringen;nein;Bf1uq1syv3F3HgCJ6QCI;Blessing
G102;3;Weippert;Sabine;;1961-06-04;;+497072131358;sabine-weippert@outlook.de;Gomaringen;nein;OVZXnLyEcRFiPZgWxGex;Blessing
G102;3;Weippert;Sabine;;1961-06-04;;+497072131358;sabine-weippert@freenet.de;;nein;aJJ2nLyc6VdKx30YfEaH;Blessing
G103;3;Gabriel;Babette;;296956800000;+4915254290060;+497123381716;babettegabriel1@gmail.com;Bempflingen;ja;BqEs7w1i4hRjWC4lGegm;Blessing
G103;3;Gabriel;Babette;;1979-05-31;+4915254290060;;babettes@freenet.de;;nein;QpKjDlOemLf7wHuKaSuI;Blessing
G103;3;Gabriel;Babette;;1979-05-31;+4915254290060;;babettes@freenet.de;Bempflingen;nein;b6qoRlI3Ylnwpqumn9Xy;Blessing
G104;3;Heim;Jürgen;;-393984000000;;+4971217556670;heim0807@gmail.com;;nein;CWcYFOmRJmSKhny3m877;Blessing
G104;3;Heim;Jürgen;;-393984000000;+4915231953123;7556670;heim0807@gmail.com;Reutlingen;ja;m9gA2RzhdhoZZ8SuwYtk;Blessing
G104;3;Heim;Jürgen;;1957-07-08;+4915231953123;;heim0807@gmail.com;;nein;ok11p9IdJL2KY9iiRXtZ;Blessing
G105;3;Locher;Heidrun;;;+49 171 5080204;;heidikanz@arcor.de;;ja;PDcJ9ba1XVoNjyGdYbwJ;Blessing
G105;3;Locher;Heidrun Maria;;316396800000;+491715080204;;heidi.locher@outlook.de;Gammertingen;ja;CsYJH2WBvEZZdO90lQIE;Blessing
G105;3;Locher;Heidrun Maria;;1980-01-11;+491715080204;;heidi.kanz@arcor.de;Gammertingen;nein;SwVgkxt6aqVayosQwhgA;Blessing
G106;3;Höhn;Olaf;;1966-04-23;+491733088914;;monikahoehn@outlook.de;;nein;TVl5MxyQ1JVcjxawMrEP;Blessing
G106;3;Höhn;Olaf;;;;+497123367824;;;nein;XSwylUeUxpndPbsQERuU;Blessing
G106;3;Höhn;Olaf Harald;;1966-04-23;+491739088914;+497123367824;;Bempflingen;nein;D2FAOMyHfw0Crep7Cr8v;Blessing
G107;3;Rasokat;Beate;;-444096000000;;550153;;Wannweil;nein;D7JqlOlbIytNeSgAspFe;Blessing
G107;3;Rasokat;Beate;;;+4915159153028;;beate@rasso.de;;ja;SztzFBIgk1gurg2UMQmI;Blessing
G107;3;Rasokat;Beate;;-444096000000;;+497121550153;beate@rasso.de;Wannweil;nein;rAnGkV3rr912kGF8Idwb;Blessing
G108;3;Schaumburg;Michael;;1957-08-11;+491719745509;;mischatv@t-online.de;;ja;D9iP5iU4uirgZ4fzBfEK;Blessing
G108;3;Schaumburg;michael;;-391046400000;+491719745509;;;;ja;mFtLl6thJKhR0bjxDI3O;Blessing
G108;3;Schaumburg;Michael;;;+491719745509;;mischatv@t-online.de;;ja;mSQMntBU35jn2XvXmoet;Blessing
G109;3;heuchele;caroline;;;;+497127239843;;;nein;DEm7ztq1Ah4nTb1E6h1h;Blessing
G109;3;Heuschele;Caroline;;1977-07-10;;+497127239843;;Altdorf;nein;FNHzUXb8FHsDcvEv3sFH;Blessing
G109;3;Heuschele;Caroline;;1977-07-10;+4915736960305;;carolinecereda@yahoo.fr;;nein;PHhev2oQvulgWhO4Sr1m;Blessing
G110;3;hägele;Alma;;2013-03-05;+491741393844;;;;nein;y5RJpSnAaxHIrq9yn2hZ;Blessing
G110;3;Hägele;Alma Emilie;;2013-03-05;;;;Berlin;nein;Dc0qNCVvS1LvQPRNwTtr;Blessing
G110;3;Hägele;Alma Emilie;;2013-03-05;+491757528304;;friedrich@posteo.de;Neukölln;nein;zJ64Afw6HGdkZnQPlYSO;Blessing
G111;3;Becker;Svedlana;;1972-08-06;;+4971279700650;;;nein;XG0XQSpi8llf4qB9SuhR;Blessing
G111;3;Becker;Svetlana;;1972-08-06;+4915146750345;;svetlana.becker@iundm.de;Neckartenzlingen;nein;LKyaN5BfDKz24hH1whrq;Blessing
G111;3;Becker;Swetlana;;1972-08-06;;+4971279720650;svetlana.becker@iundm.de;Neckartenzlingen;nein;Dhgdzy6gKmpfcTDeuB4e;Blessing
G112;3;Pafel;Hans- Jürgen;;-954806400000;;;;;nein;x7WMnXLpzMvtKSNAa3OD;Blessing
G112;3;Pafel;Hans- Jürgen;;-954806400000;;;;;nein;yFm2Qlw9iHUtdKqplacD;Blessing
G112;3;Pafel;Hans-Jürgen;;-954806400000;;+49712146278;;Reutlingen;nein;Dn5zaN60hnxRJHLHWzGl;Blessing
G113;3;Buck;Petra;;;+491719573118;;pebu.st@t-online.de;;ja;Fm1iTAjLIiNxQoraXH3K;Blessing
G113;3;Buck;Petra;;1959-03-27;;+49712361123;pebu.st@t-online.de;Metzingen;nein;OVQFoPCh7Nwdu7wpe82L;Blessing
G113;3;Butk;Petra;;;+49712361123;;;;nein;Dra6IDHsFR4cs3I7ubbJ;Blessing
G114;3;La Spina;Michele;;;+4915254171610;;;;ja;E2EkJLfBSEE8AA9Awght;Blessing
G114;3;La Spina;Michele;;583027200000;+4915254171610;;;Reutlingen;ja;sLX5X5bmIAZfJEW7phKN;Blessing
G114;3;la spina;mikele;;1988-06-23;+4915254171610;;;;nein;W5zWF27BMJzjQYZiyPjG;Blessing
G115;3;Pomper;Gerda;;1938-12-01;+491637041942;;dieoebenschneiders@web.de;Beuren;nein;E3qLB4ElOYwejqw6RD0v;Blessing
G115;3;Pomper;Gerda;;1938-12-01;+4915155666125;;bb4111@yahoo.com;;nein;hL3fGG3WsLWQBZNvssFr;Blessing
G115;3;Pomper;Gerda;;1938-12-01;;+4970254765;;Beuren;nein;kGbrVQZQiYCqhozbC7hp;Blessing
G116;3;Najami;Ola;;2003-09-05;+491721698995;;nano-ja@hotmail.de;;nein;PwktGHDlKQbeoc59wHGH;Blessing
G116;3;Najami;Ola Heba;;2003-09-05;+491734378297;;olanajami2@gmail.com;Reutlingen;nein;msyIWkzbhfHLCYM43EwB;Blessing
G116;3;Najami;Ola-Heba;;2003-09-05;+491721698995;;;Reutlingen;nein;EHwMfeZVUbm47YS72kuT;Blessing
G117;3;Kizel;Umut;;;+4915906585084;;;;nein;ERDZiVCrUhif6WdBmWcV;Blessing
G117;3;Kizil;Umut;;559353600000;+491627739408;;umutkizil@hotmail.de;;ja;buH7Qbp9uwOILHIenDGm;Blessing
G117;3;Kizil;Umut;;1987-09-23;+4915906585084;;;Reutlingen;nein;rFVhegSRrfEJfsSNfwli;Blessing
G118;3;Barodbeck-Strichmaier;Malkot;;;+49712750350;;;;nein;V23SfEkySXCTbl0xyC0V;Blessing
G118;3;Brodbeck-Maier;Margot;;-494208000000;;+49712750350;;Aichtal;nein;bJt2Vo8YjSslvi5FrQo5;Blessing
G118;3;Brodbeck-Meier;Malkot;;;+49712750350;;;;nein;EYdRW1kNB9vDAzIRe9d3;Blessing
G119;3;Rennemann;Viviane;;1977-01-05;+491736397587;;mv.rennemann@web.de;;nein;JqeT1FBVKUbYEhLYHzGp;Blessing
G119;3;Rennemann;Viviane;;1977-01-05;;+497125309346;mv.rennemann@web.de;Bad Urach;nein;qJDbfWviF66Qv2XJ0tlD;Blessing
G119;3;Rennemann;Vivianne;;221270400000;;+497125309346;;;nein;EcFzTtv3HrFkYiAPaXru;Blessing
G120;3;Bertsch;Karl;;1932-01-18;+491772507694;;franzilu1266@gmail.com;;nein;ElolDg4J7JKacxxHUSlh;Blessing
G120;3;Bertsch;Karl;;1932-01-18;;+4971294732;;Lichtenstein;nein;Q0ekzPmBK34C8SlorPQV;Blessing
G120;3;Bertsch;Karl;;1932-01-18;;+4971294732;manuelahuber1@aol.com;;nein;mYfI9iMBLeRu69AyCXt4;Blessing
G121;3;Ott;Claudia;;602553600000;+4915229545221;;claudia.ott@gmx.net;Riederich;nein;ErHM16c7cT7EJhqHvcjn;Blessing
G121;3;Ott;Claudia;;602553600000;;;;;nein;YBfSZC2MCrFCATJvqkRG;Blessing
G121;3;Utt;Claudia;;;+4915229545221;;;;nein;qMjGeBj0RZIcU9PgXX2q;Blessing
G122;3;Schneck;Irmgard;;1939-06-03;;601229;;Reutlingen;nein;FQVkgfFuXUnWdCBF1GSL;Blessing
G122;3;Schneck;Irmgard;;1939-06-03;;+497121601229;melanie.suessbrich@t-online.de;;nein;Ga7kN5T2Ek9fcThhtKi9;Blessing
G122;3;Schneck;Irmgard;;1939-06-03;+491733265187;;melanie.suessbrich@t-online.de;;nein;ptgwj9e4nqjOiojsuP5K;Blessing
G123;3;Sevketovic;Adem;;1994-11-25;+491523630375;790640;;Pfullingen;nein;Fa0C18VzcMVlpB8M5SsT;Blessing
G123;3;Sevketovic;Adem;;1994-11-25;+4915204054374;;addem.sevketovic@hotmail.com;;nein;Hnjt6U2t3dRHK4rLdiCs;Blessing
G123;3;Sevketovic;Adem;;1994-11-25;+491624149778;;adem.sevketovic@hotmail.com;Pfullingen;nein;UrDvbj54iWthZgzCys5y;Blessing
G124;3;Becker;Kurt;;-57974400000;;017657668230;;;nein;FfkEldlCrGGwKu9jFkdo;Blessing
G124;3;Becker;Kurt;;-57974400000;;017657668230;;;nein;xvO5BewohdmFnlt2FMIU;Blessing
G124;3;Becker;Kurt;;-57974400000;;017657668230;;;nein;y0XN1Vi5EPQBx7Za0oyd;Blessing
G125;3;Buck;Jule;;2004-02-15;;;;;nein;FkwaS8x9qRICd2vThoxY;Blessing
G125;3;Buck;Jule;;;+4915755767651;;julemerit.buck@gmail.com;;ja;RMyV8JBgmBLxuJKTBZyy;Blessing
G125;3;Buck;Jule Merit;;2004-02-15;+4915755767651;;;Metzingen;nein;nr0DmVvwk9sAXkrSofvp;Blessing
G126;3;kohler;josefine;;1969-05-14;+4915754243460;;;;nein;PUi2DKUXOu5AIHkbrpZR;Blessing
G126;3;Koller;Josefine;;1969-05-14;+4915758183464;;cora_koller@outlook.de;Metzingen;nein;G4GV9919r2lHB3WFhVGD;Blessing
G126;3;Koller;Josefine-Margarete;;1969-05-14;;+49712318723;;Metzingen;nein;SFtg8Vz2KGS6wtQYx4wh;Blessing
G127;3;Drawe;Jördis;;1972-09-13;+491777151713;;joerdisdrawe@web.de;;nein;GNe3JBGDizlfitbP5o07;Blessing
G127;3;Drawe;Jördis;;1972-09-13;+491777151713;;rdisdrawe@web.de;Dußlingen;nein;aAOcsmpE5loAP3pjxQ2A;Blessing
G127;3;drawe;Jördis;;;+491777151713;;;;nein;uJHSrGBfJ5uIlnhZ0XjA;Blessing
G128;3;Fink-neumaier;anika;;1961-01-12;+491717965911;;;;nein;iVWhLnqlIxHOfaJetXnI;Blessing
G128;3;Fink-Neumeier;Anita;;;+4901717965911;;a.fink-neumeier@hotmail.de;;ja;GsZ0hthkEjIrKDkxUEAp;Blessing
G128;3;Fink-Neumeier;Anita;;1961-01-12;+491717965911;;a.fink-neumeier@hotmail.de;Reutlingen;nein;IMVe2PsoAOk3wclxQoKf;Blessing
G129;3;Boberg;Jonas;;1994-10-21;+4915788898736;;jonas.boberg@gmx.de;;nein;HY92viTKucKltRijRqZY;Blessing
G129;3;Boberg;Jonas Frederik;;1994-10-21;+4915788898736;;;Metzingen;nein;NCpSxsHXwoggkssTKl3f;Blessing
G129;3;Boberg;Jonnas;;1994-10-21;+4915788898736;;;;nein;YIDnJnkBAQ5ZSXMpoM7D;Blessing
G130;3;Chanbrakanchan;Tharmika;;2003-10-30;+491637168947;;;;nein;ma462k86bPdV18ewzERk;Blessing
G130;3;Chandrakanthan;Tharmika;;1067472000000;;+497121988359;;Pfullingen;nein;HanbMhtZpyBl7AAaK5hk;Blessing
G130;3;Thandrakantan;Tharmika;;;+491637168947;;;;nein;gCGxP6tOicTcq78iAcmu;Blessing
G131;3;Weisse;Birgit;;1947-10-24;;;;;nein;hd15pNENz8vjXBAyztqn;Blessing
G131;3;Weiße;Birgit;;1947-10-24;;+497121506220;bi.weisse@t-online.de;;nein;I2XmAyOJ5jnZZdt7OhKS;Blessing
G131;3;Weiße;Birgit;;1947-10-24;506220;;;Reutlingen;nein;NHdQe8VoziBlJrd231OU;Blessing
G132;3;Hoermann;Martina;;;+49337913;;;;nein;sgGRiqztdZneIgbTWevV;Blessing
G132;3;Hörmann;Martina;;46742400000;;+49337913;;Reutlingen;nein;IEARJWe7Dm7AgTQTbozG;Blessing
G132;3;Hörmann;Martina;;1971-06-26;+491782106027;;vivienhoermann2000@gmail.com;;nein;x3hLok45fbmWqmhklDmA;Blessing
G133;3;Schur;Reinhard;;-664588800000;+491746688874;;anne.schur@t-online.de;;ja;MAcENL06Glo5kUXmXMXR;Blessing
G133;3;Schur;Reinhard;;1948-12-10;;;;;nein;q42XJT88em3iiHzU5mT3;Blessing
G133;3;Schur;Reinhardt;;-664588800000;+4915732625663;+49712361512;;Neuffen;nein;IHfvnbx45bU56DV0KC6f;Blessing
G134;3;Thüringer;Benjamin;;1987-12-23;;+4971239767932;lenathueringer@yahoo.com;Neuffen;nein;IIm8zr9EJkS5kY9gdv9V;Blessing
G134;3;Thüringer;Benjamin;;1987-12-23;+4915254734699;;;Neuffen;nein;IUEWOGSDqrb8eabDmNhv;Blessing
G134;3;Thüringer;Benjamin;;1987-12-23;+4915254734699;;b.thueringer@thueringer-shk.de;Neuffen;nein;neHMum8EWJQyYxoCt7Fq;Blessing
G135;3;AL -ABRACH;MAHMOUD;;1968-01-01;+4917206196229;;;;nein;ILgc7na8EHpzaGFwL9uF;Blessing
G135;3;Al -Abrach;Mahmoud;;1968-01-01;+491726196229;;dovile.st.al@gmail.com;Pfullingen;nein;Y0Lm8Z3q3BDnN93wPWth;Blessing
G135;3;Al Abrach;Mahmoud;;1968-01-01;+491726196229;;;Pfullingen;nein;oRlliC0rMylOtlKK28GX;Blessing
G136;3;van gessel;inga;;;+4917621882335;;;;nein;IOmzcxXTIGng42hw0ayf;Blessing
G136;3;Van Gessel;Inga;;443664000000;;;;;nein;QwzZUWLMgxdZ7oYosM0L;Blessing
G136;3;van Gessel;Inga;;1984-01-23;+4917621882335;;;Reutlingen;nein;RY3MJa9wg3FdnhsJfwW3;Blessing
G137;3;Sier;Birgit;;-39916800000;+491714244693;;birgitsier@t-online.de;Wannweil;ja;IlRQ7Vh6L8dhEYtQN7AT;Blessing
G137;3;Sier;Birgit;;1968-09-26;+491714244693;503428;birgitsier@t-online.de;Wannweil;nein;MIGlgRz4wF8tgljXHIdT;Blessing
G137;3;Sier;Birgit;;;+4917663482646;;birgitsier@t-online.de;;ja;tjimWlf9Dd4PCWU535xu;Blessing
G138;3;Pribil;Thomas;;1957-03-03;+4915208817334;;t.pribil@web.de;72793 Pfullingen;nein;J0nQiaoBEwCj5vjhzGsq;Blessing
G138;3;Pribil;Thomas;;1957-03-03;;77353;;Pfullingen;nein;Ue8IaoaKXUkUOOqrAj5k;Blessing
G138;3;Pribil;Thomas;;1957-03-03;;+4971213530818;thomas.pribil@de.bosch.com;;nein;scQHVdFzv5lREDvsashw;Blessing
G139;3;Karsten;Janna;;1988-11-06;+491715122984;;janna.karsten@web.de;;nein;J70U7MenPgjibkwYCR1J;Blessing
G139;3;Karsten;Janna;;1988-11-06;+4915903518553;;;Reutlingen;nein;QWta9ZqcO5ZCbwQe7GLE;Blessing
G139;3;Karsten;Yanna;;1988-11-06;;;;Reutlingen;nein;pimZJbCYTI0XoEGW6I3V;Blessing
G140;3;Velieva;Yana;;1061683200000;+4915223483956;;eliasvelev05@web.de;Gomaringen;nein;JFBgOnBbuJsqb0IO9nUc;Blessing
G140;3;Velieva;Yana;;2003-08-24;+4915223483956;;eliasvelev05@web.de;Gomaringen;nein;eBudbvey1kqC2XkTVX2l;Blessing
G140;3;Velieva;Yana;;2003-08-24;+380730858670;;welewayana@gmail.com;;nein;s6l59qCzfEdDlCYlfaeq;Blessing
G141;3;Michna;Marcel;;;+491629139380;;;;nein;JQRiptKH9slJb2JILEjd;Blessing
G141;3;Michna;Marcel;;1986-09-08;+491629139380;;;Reutlingen;nein;ZAZKAgmKNsTYErmccO5D;Blessing
G141;3;Michner;Marcel;;526521600000;;01629139380;;;nein;sY5OZz5mqkPd08KY4NaF;Blessing
G142;3;Mayer;Nicole;;;+49 176 20383394;;nicky23@hotmail.de;;ja;JZMwUSSToQnhs546tzai;Blessing
G142;3;Mayer;Nicole;;1987-02-26;+4917624632649;;nicky23@hotmail.de;;nein;TC0pI0nKTrWpkJS3y8q6;Blessing
G142;3;Mayer;Nicole;;1987-02-26;+4915221490003;+499376986;;Reutlingen;nein;rZHkZn5weOwDr27OLB3T;Blessing
G143;3;Fischer;Petra;;1969-05-07;+491737549847;+4971239560643;petra.fischer07@gmx.de;Metzingen;nein;Joezb1aCyzBKZDOyTkbM;Blessing
G143;3;Fischer;Petra;;;+49 0173 7549847;;Petra.Fischer07@gmx.de;;ja;sDkgTu3hWUCIrtgFhLtF;Blessing
G143;3;Fischer;Petra;;-20649600000;;;;;nein;x9dp2gHBsJCynI0p5fIL;Blessing
G144;3;Krutti;Anton;;-893548800000;;509360;;Reutlingen;nein;K29RR4uOeQ18RYdUoPCr;Blessing
G144;3;Krutti;Anton;;-893548800000;;;;;nein;VDy8iUC8E1rUbAl5ZTcv;Blessing
G144;3;Krutti;Anton;;-893548800000;;509360;;;nein;nLwA5IpUcY6NMhR5neAm;Blessing
G145;3;Lo Presti;Silvana;;-220579200000;+49;;;;ja;K6F1d136369pAJEeXiVR;Blessing
G145;3;lo Presti;Silvana;;1963-01-05;;;;Reutlingen;nein;VFr7erM3QCff6owPz4jZ;Blessing
G145;3;Lo Presti;Silvana;;-220579200000;;;;;nein;vQiSjxSxinEFs4uadfST;Blessing
G146;3;handel;lena;;;;+4971232322;;;nein;KFR7fpABaxjojqrkK0LI;Blessing
G146;3;Handel;Lena;;2005-06-15;+491786343986;+4971232322;lena.handel@t-online.de;Metzingen;nein;LvmH3F7pcZPJ4BXIOQa7;Blessing
G146;3;Handel;Lena;;2005-06-15;+491786343986;;lena.handel@t-online.de;;nein;QDycwYZpdoR32cFypN1k;Blessing
G147;3;Schneider;Uwe;;1971-02-03;+4916090549424;+49747326821;;Mössingen;nein;KLpxCAf96risoxil3otN;Blessing
G147;3;Schneider;Uwe;;34387200000;+491719313179;;u.schneid@t-online.de;;nein;KuTz1Dkyt0Qw1L5xlDbO;Blessing
G147;3;Schneider;Uwe;;34387200000;;;;;nein;PfINhtiIoDj08LyEoE3Z;Blessing
G148;3;ABDULAHOVIC;Senen;;1988-08-11;+4915142669497;;senen_a@gmx.de;;nein;KMUSWWwPYjifkul7Fn03;Blessing
G148;3;Abdulahovic;Senen;;1988-08-11;+491781975256;;;Reutlingen;nein;ndF7cMz3HTqKvHvbjs9d;Blessing
G148;3;Abdulahovic;Senen;;1988-08-11;+491723460427;;nervesa_j@gmx.de;;nein;vG0SfhaKl8c4GtOsn66g;Blessing
G149;3;Rittershofer;Andreas;;1960-05-23;+491626359817;;;Metzingen;nein;KXAXFc2PKmO4CARa37YZ;Blessing
G149;3;rittershofer;andreas;;;+491626359817;;;;nein;LX4BBebVP54WT8AP48mm;Blessing
G149;3;Rittershofer;Andreas;;1960-05-23;;;;Metzingen;nein;M2WYkO0Ma71IL2VeEv4P;Blessing
G150;3;El-Kotob;Ahmad;;1962-07-30;+4915254989945;486908;;Reutlingen;nein;KfLM1v5qEpjEtV3IBkUj;Blessing
G150;3;El-Kotob;Ahmad;;1962-07-30;;;;Reutlingen;nein;fHlCcEMtTz1Ng5DkKL7K;Blessing
G150;3;Elkotob;Ahmad;;1962-07-30;+4915254989945;;ahmadelkotob3@gmail.com;;nein;PgfLHH6lBaAPxk5DPcFC;Blessing
G151;3;reusch;bernd;;;;+497123206571;;;nein;LT3wTJC3Xf5SxzYtwoKA;Blessing
G151;3;Reusch;Bernd;;1972-07-24;;+497123206571;;Metzingen;nein;aT2uuyJOs6kl4aaUj19m;Blessing
G151;3;Reusch;Bernd;;1972-07-24;+491781882472;;bernd.reusch@gmx.de;;nein;zjs9vqEe8MKFy9NWQ2Vq;Blessing
G152;3;Schöpf;Waldemar;;-575683200000;;+49354343;;Reutlingen;nein;Lem2Oi2FW9se3CBAmpNi;Blessing
G152;3;Schöpf;Waldemar;;-575683200000;;;;;nein;jvsD9vpnNeS7JEXTOfOZ;Blessing
G152;3;Schöpf;Waldemar;;1951-10-05;;+49712154174;wschoepf@gmx.de;;nein;jyxVEjW36pjOznr0XX2N;Blessing
G153;3;Künstle;Hanna;;2003-12-23;+4915775201482;;hanna.kuenstle@gmx.de;;nein;LnXqHZAlVPxYJSgPIMa3;Blessing
G153;3;Künstle;Hanna;;2003-12-23;+4915229298898;;famkuenstle@gmx.net;;nein;SVpNjBRXlO5yzJukDXo3;Blessing
G153;3;Künstle;Hanna;;2003-12-23;;+49712361902;;Metzingen;nein;UcMaTU101cV6G6L9yoti;Blessing
G154;3;Baier;Lieselotte;;1943-11-02;;+497127889366;;Pliezhausen;nein;hgVvAKANmL06BMcIb5FU;Blessing
G154;3;baier;Liselotte;;1943-11-02;;+497127889366;;;nein;jTsI0pquiifcvuh5GE5D;Blessing
G154;3;Bayer;Lieselotte;;1943-11-02;;+497127889366;;;nein;LnhpIp7vjubZvAHPctit;Blessing
G155;3;Kern;Marcus;;117244800000;;;;;nein;LrwNOqKcOEKS8jf0h8Nm;Blessing
G155;3;Kern;Marcus;;117244800000;;;;;nein;V6IloxFDNdSNOkSSgX3T;Blessing
G155;3;Kern;Markus;;117244800000;+491793203211;;markus_kern@web.de;Metzingen;ja;MY67AVXEKx1mhfJEglgu;Blessing
G156;3;Schlegel;Mona;;2006-05-18;+491718380793;;monaschlegel@icloud.com;;nein;MA0c31K9mPgks8tGbfRI;Blessing
G156;3;Schlegel;Mona;;2006-05-18;;+49470683;;Reutlingen;nein;iC8MhtXV1hoEzCrdFBb3;Blessing
G156;3;Schlägel;Mona;;2006-05-18;;+497121470683;;;nein;zFEvWSJtv87RcIBXLxOD;Blessing
G157;3;Niesse;Elena;;;+4915203921757;;e.niesse@web.de;;ja;MJQhmuTLvv1hLKHu6P7C;Blessing
G157;3;Niesse;Elena;;1963-05-04;;;e.niesse@web.de;Neckartenzlingen;nein;jTtAh6OMKiRpcsDfZlsQ;Blessing
G157;3;Niesse;Elena;;1963-05-04;;+497127237237;;Neckartenzlingen;nein;x44eth42m3HmGiid24X6;Blessing
G158;3;Bader;Katrin;;106531200000;;+4970253006;;Kohlberg;nein;Me7b1Udxz7r9XKrcupsz;Blessing
G158;3;Bader;Katrin;;106531200000;+4915156384684;;jochen.katrin.bader@gmx.de;;ja;tEOLDxVL7EOj7i3krw0z;Blessing
G158;3;Bader;Katrin;;;;+4970253006;;;nein;xAQzHnD3ViV1jI4xFN8F;Blessing
G159;3;Jeske;Rainer;;1952-04-12;+4915156333472;+4971238691;rainer.jeske45@gmail.com;;ja;MfAoNOs51ELi1cTMjc9f;Blessing
G159;3;Jeske;Rainer;;1952-04-12;;+4971238691;rainer.jeske@gmx.net;Dettingen;nein;he5ajK0f9cV90DBvYgpe;Blessing
G159;3;Jeske;Reiner;;1952-04-12;+4915122239563;;rainer.jeske@gmx.net;;nein;NmNHKO7sI6ztPci71SSt;Blessing
G160;3;Fritz;Stefanie;;194486400000;;+497025840226;;Beuren;nein;N4dGTMYgZiMss8XhIJZZ;Blessing
G160;3;Fritz;Stefanie;;1976-03-01;+491727652211;;fritz-stefanie@gmx.de;;nein;n5HLMfHXwFsDkrpyAIT1;Blessing
G160;3;Fritz;Stephanie;;194486400000;;;;;nein;UOaMfA47It9WeAYqRhgR;Blessing
G161;3;weija;thomas;;;+4915901840863;;;;nein;oY8LKdAihko51GLSjgci;Blessing
G161;3;Wieja;Thomas;;1958-10-07;+491590840863;;;Gomaringen;nein;NPo6p0X28mIvyFP2WXwW;Blessing
G161;3;Wieja;Thomas;;1958-10-07;+4915901840863;;comesi.to@online.de;;nein;q3nA33o9fQU3HCn9jBLz;Blessing
G162;3;Magel;Heidi;;1967-05-25;;+497121798046;heidi.magel@freenet.de;;nein;NTtekkIxf3tJqgIjDyb5;Blessing
G162;3;Magel;Heidi;;1967-05-25;;;;Reutlingen;nein;jAYYofTBgyBzOOnMwkiz;Blessing
G162;3;Magel;Heidi;;;+491738481674;;heidi.magel@freenet.de;;ja;oiQ3WOGm14S5CPqnHNwu;Blessing
G163;3;tziridis;vladimir;;;;+4971239561869;;;nein;NfAQ4Kv4LL3ZDKtzkwZ0;Blessing
G163;3;Tziridis;Vladimir;;1971-02-28;;+4971239561869;;Metzingen;nein;a7gCt8RaEPi7q5sO2rsd;Blessing
G163;3;Tziridis;Vladimir;;1971-02-28;+4915256069783;;janna.burgardt@web.de;;nein;hX3YpOYE4fElZ3dslZuy;Blessing
G164;3;Rasokat;Wolfgang;;1952-12-16;;+497121550153;wolfgang@rasso.de;Wannweil;nein;O7GEtYqxESq7GOIz3lKo;Blessing
G164;3;Rasokat;Wolfgang;;;+4916096510158;;wolfgang@rasso.de;;ja;d6oSMzyci9GgYE74Qgrw;Blessing
G164;3;Rasokat;Wolfgang;;1955-12-16;;+497121550153;wolfgang@rasso.de;Wannweil;nein;yDQViCOkhFrzMQT576zU;Blessing
G165;3;Rösner;Andrea;;1964-07-22;;+49712333614;;Riederich;nein;OHPUeXlZgBo2ujhz4thI;Blessing
G165;3;Rösner;Andrea;;;+4916094443577;;;;nein;vmI4kKpqOjzGaOThg0eZ;Blessing
G165;3;Rösner;Andrea;;1964-07-22;+4916094443577;;roesnerandrea@gmx.net;;nein;y7YUW275NkSbZDJXJI0e;Blessing
G166;3;Gaiger;Margarete;;1955-08-04;;;;;nein;mgWTT1qH89gdddWaEgnW;Blessing
G166;3;Geiger;Margarete;;1955-08-04;;+49712780117;;Pliezhausen;nein;ONWqdVvI30cVsKOy9O69;Blessing
G166;3;Geiger;Margarete;;1955-08-04;+491789778388;;margarete.geiger@web.de;;nein;ikVaOhzrSIuz6CvBSRUt;Blessing
G167;3;Wolfstaedter;Martin;;;+491712167800;;ina.wolfstaedter@t-online.de;;ja;YgwASfbN0zIBnYNrC97v;Blessing
G167;3;Wolfstädter;Martin;;-378259200000;+491712167800;;;Schlaitdorf;ja;UldBPIP8H9RBw5EPPKkK;Blessing
G167;3;Wolfstätter;Martin;;1958-01-06;+4917112167800;;;;nein;OTUZjsAEzwea49wgt6Fh;Blessing
G168;3;Eiche;Maria;;1993-01-05;+4916099349498;;;Pfullingen;nein;OgueDqLyokb1yrlCxvhh;Blessing
G168;3;Eiche;Maria;;1993-01-05;+4916099349498;;;;nein;bV1PJ0fLG7tLCPgIGAgT;Blessing
G168;3;Eiche;Maria;;1993-01-05;;;;;nein;mZ8MqXAac6gXQpCsdlHC;Blessing
G169;3;Wendt-Auda;Susanne;;1952-02-20;;+497121601001;susannewendt52@googlemail.com;;nein;i6ALp59pTzZrGsp9ah2W;Blessing
G169;3;Wendt-Auda;Susanne;;-563760000000;;+497121601001;sussannewendt52@googlemail.com;Reutlingen;nein;q4mNRFWDsuxL1qri9CJa;Blessing
G169;3;wendt-auder;susanne;;1952-02-20;;601001;;;nein;P0Q1mcBfRwsb2ZmcAXy7;Blessing
G170;3;Jawish;Zahida;;679968000000;;01624759024;;;nein;P8DQJIR2TshcL08iJPOh;Blessing
G170;3;Jawish;Zahida;;1991-07-20;+491624759024;;;Reutlingen;nein;zN7iH5csuwRlR3vhCDmF;Blessing
G170;3;yawish;zahida;;1991-07-20;+491624759024;;;;nein;Wpc6VHyWvA75cMEDamq8;Blessing
G171;3;Villwock-Koch;Mandy;;1977-07-13;+491726254810;230182;;Reutlingen;nein;P8wcY0VZT6aeapEDLMmf;Blessing
G171;3;Villwock-Koch;Mandy;;1977-07-13;+491726254810;;maviko@email.de;;nein;VgdVs5VPj9PML3mc5w5f;Blessing
G171;3;Villwock-Koch;Mandy;;1977-07-13;+491726254810;;maviko@email.de;Reutlingen;nein;zyIvBLJ5srduHfLgdDuN;Blessing
G172;3;Wörner;Philipp;;1994-08-12;+4917664188923;;philippwoerner94@gmail.com;;nein;PCF5Oa8vh0KjLCPVQVqn;Blessing
G172;3;Wörner;Philipp;;1994-08-12;+4915901618095;+49702451617;;Wendlingen am Neckar;nein;x6UlefiSVesWjX90BSwB;Blessing
G172;3;Wörner;Phillip;;1994-08-12;+4915901618095;;;;nein;enDQ4lRrcfdMZOpqyq6P;Blessing
G173;3;Blessing;Claire;;1987-04-28;+4915733874801;;claire_blessing@yahoo.de;;nein;QVIm123kly6tU5QeBRjH;Blessing
G173;3;Blessing;Claire;;1987-04-28;+4915733874801;;claire_blessing@yahoo.de;;nein;jYSkpFqhQ8cJMNwDYlBR;Blessing
G173;3;Blessing;Claire;;1987-04-28;;+4970728005601;;Dußlingen;nein;mAuEBotn5cRJVSQtxQSt;Blessing
G174;3;Wilke;Mina;;2006-09-20;+4917622154736;;entschie.schwend@gmx.de;;nein;R95GlL88HFbrEMosyqcS;Blessing
G174;3;Wilke;Mina;;2006-09-20;+4915208681287;;florianschwend@gmx.de;;nein;aIjD0NewqXQTFHhApdmS;Blessing
G174;3;Wilke;Mina;;2006-09-20;;6906917;;Reutlingen;nein;mhjaBl47aPqtu1NM9X7t;Blessing
G175;3;Härter;Doris;;-747964800000;;+49712332469;;Bempflingen;nein;RBzr4Il37y39Ezsi517M;Blessing
G175;3;Härter;Doris;;1946-04-20;;+49712332469;sunzeit@gmx.de;;nein;hcaPVZ6qqgBqHqhUG0Cs;Blessing
G175;3;Härter;Doris;;1946-04-20;;+497123360814;sunzeit@gmx.de;;nein;mFOuBqw2Ke4aypOrfzgb;Blessing
G176;3;oeffinger;andreas;;;+4915751877273;;a.oeffinger@gmx.de;;ja;RdJcW45d5DtvU4MrX7gj;Blessing
G176;3;Oeffinger;Andreas;;408844800000;+4915751877273;;a.oeffinger@gmx.de;Tübingen;ja;pVU7i98buf1tnWzy8UTl;Blessing
G176;3;Öffinger;Andreas;;;+4915751877273;;;;nein;tw6UZH8mCo103zAJi5AO;Blessing
G177;3;Husgalvis;Manuela;;;+4915258625653;;;;nein;SbXlYfLDJYZOkRkEDqq2;Blessing
G177;3;Kosgalwis;Manuela;;94176000000;+4915258625653;+497121310430;manuela.kosgalwis@gmail.com;;ja;UwERRTlobelkDFjVQxdm;Blessing
G177;3;Kosgalwis;Manuela;;1972-12-26;+4915258625653;310430;;Reutlingen;nein;WLKVLodKv8pR4uHYUHvJ;Blessing
G178;3;Mannweiler;Dietee;;2001-01-28;+4915734558245;;dieter.mannweiler28@gmail.com;;nein;ccwEzU18QVu3YQEP4tLy;Blessing
G178;3;Mannweiler;Dieter;;2001-01-28;+4915734558244;;dieter.mannweiler.beruf@gmail.com;Wannweil;nein;Sv2Jl4llcxHwNbcvEhnw;Blessing
G178;3;Mannweiler;Dieter;;2001-01-28;+4915734558245;;;Kirchheim;nein;tYLVsqgdBsGSLLtbnaYQ;Blessing
G179;3;Saliger;Cristina;;2001-06-04;;+497071687900;;Reutlingen;nein;TUejfCXmREncDcMhHfvV;Blessing
G179;3;Saliger;Cristina;;2001-06-04;+4917672950541;;cristinasaliger1@gmail.com;;nein;UGS8pKJwMvQldRvvagdL;Blessing
G179;3;Saliger;Cristina;;2001-06-04;;;;Reutlingen;nein;esIaRIbq9cIx5ZeE2Euz;Blessing
G180;3;Perrotta;Maria;;1974-07-19;+4915202145724;;mariaperrotta38@gmail.com;;ja;lo4PhEftrHhCKy4cvlTt;Blessing
G180;3;Perrotta;Maria;;1974-07-19;+491719302483;;;Nehren;nein;txlPYBvhyuBAoropvplP;Blessing
G180;3;Perrotta;Maria Teresa;;143424000000;+4915115525710;;mariaperrotta38@gmail.com;;nein;VxBzw6gx9kEizIb1HvJU;Blessing
G181;3;Gärtner;Malea Marie;;2020-10-29;+491729247204;;;Riederich;nein;xk1OH5IoqGiABMbuJyyw;Blessing
G181;3;gÄRTNER;MELENA;;;+491729247204;;;;nein;WBNtTACm5uMaoeizPIZ4;Blessing
G181;3;Gärtner;Milena Anna;;2018-11-01;+491729247204;;;Riederich;nein;k4moomvjRcNFj6PS4DWc;Blessing
G182;3;lau;lilia;;;;+497123944645;lilialau03@gmail.com;;nein;Wqd1RSuSwMo2SwYE9ds5;Blessing
G182;3;Lau;Lilia;;-357523200000;;+497123944645;lilialau03@gmail.com;Metzingen;nein;YizTWOWgKS4XwYXi5lIi;Blessing
G182;3;lau;lilia;;-357523200000;;;;;nein;tcGV9xI9liBAKVa3FMlk;Blessing
G183;3;Lernhardt;kristina;;1992-07-16;+491758994080;;;;nein;txb5DwWzLKjpqnC5lkKb;Blessing
G183;3;Lernhart;Kristina;;1992-07-16;;+49702246983;kristina.lernhart@gmx.de;;nein;XJih5LHOUEFBgA4eFp8L;Blessing
G183;3;Lernhart;Kristina;;1992-07-16;+491758994080;;;Frickenhausen;nein;xF7LoXziFGoGTfHGJ8s8;Blessing
G184;3;Albrecht;Jörn;;1983-05-22;+4917621388234;;albrecht.joern@web.de;;nein;YQ8NUuwOuabMdKXoNJyR;Blessing
G184;3;Albrecht;Jörn;;;+4917621388234;;;;nein;mvLRbR5pSs6kKUiE3bQS;Blessing
G184;3;Albrecht;Jörn;;1983-05-22;+491727344683;;;Walddorfhäslach;nein;ujD8Qvgt9Ye00Dl0T02d;Blessing
G185;3;Almohamad;Mahmoud;;1998-06-05;;;;Reutlingen;nein;tcTGkYNrFPDxuHKP73i5;Blessing
G185;3;Almohamad;Mahmoud;;1998-06-05;;;;Reutlingen;nein;wvcyOlNnkrs9n6fV0J5z;Blessing
G185;3;Alomohamad;Mahmoud;;1998-06-05;+4917623361606;;almohamad1467@gmail.com;Reutlingen;nein;YeOXQ96HsoxXkldyn7ZN;Blessing
G186;3;gackon;adrian;;1998-05-22;;;;;nein;Z77BhJyyzxWJ5WGMNGbs;Blessing
G186;3;Gacon;Adrien;;1998-05-22;+4915784036990;;adrien.g7@gmail.com;Wannweil;nein;fnCCp1HLk8aUNvPV6J7R;Blessing
G186;3;Gacon;Adrien Paul;;1998-05-22;+4915784036990;;;Wannweil;nein;wQCtDeOHE3r1SbTEcSwG;Blessing
G187;3;Becker;Julia;;1998-04-25;;;;Pliezhausen;nein;ZBWaQeya8IiAEXrVH8ab;Blessing
G187;3;Becker;Julia;;1998-04-25;+491632437798;;juhe98@gmx.net;;nein;kyKWjeTIJLtOwI95clbt;Blessing
G187;3;Becker;Julia;;1998-04-25;;+49712770473;;Pliezhausen;nein;yp1sVUXHCFvR9Z0nJHi4;Blessing
G188;3;Armbruster;Walter;;-451612800000;;;;;nein;a7wsGYUhyzZmGJ4JKUXl;Blessing
G188;3;ARMBRUSTER;wALTER;;1955-09-10;;+49712771438;;;nein;m68yu9tjz2cq9iLNGTNd;Blessing
G188;3;Armbruster;Walter;;1955-09-10;;+49712771438;;Pliezhausen;nein;tWUPl7h4QFg1qjC10i6V;Blessing
G189;3;Klees;Mara;;2017-12-07;;+4971279608869;t.-scherer@web.de;Walddorfhaeslach;nein;aYpYjwl6AHToL0z4k9TF;Blessing
G189;3;Klees;Mara Tessa;;2017-12-07;;+4971279608869;;Walddorfhäslach;nein;jcGmmYfoCxlihP7RNx6p;Blessing
G189;3;kles;Mara;;2017-12-07;;+4971279608869;;;nein;zw10UP2JOzxEa19ovyf1;Blessing
G190;3;Unger;Luitgard;;-627609600000;;+49712735918;;Neckartailfingen;nein;b9X9um4mDIxPPQyN5yO9;Blessing
G190;3;Unger;Luitgard;;1950-02-11;+491727791283;;ungerz@gmx.de;Neckartailfingen;nein;y3OTwQCmano4LdDChOFt;Blessing
G190;3;unger;luitzgard;;;;+49712735918;;;nein;yClKsWXAFwgbqX2oqi90;Blessing
G191;3;Karagianni;Konstandina;;2011-10-13;+491724013197;;faye.t@web.de;Reutlingen;nein;blBmHIIF9ICOiuosARvo;Blessing
G191;3;Karagianni;Konstandina;;2011-10-13;+491744013197;6907690;;Reutlingen;nein;d6vKLpdHdu4viJkBI4I7;Blessing
G191;3;Karaidianai;Conztandina;;;+491724013197;;;;nein;xtYJXzb2t6J0BU7IPfIY;Blessing
G192;3;geiger;brigitte;;1968-12-16;;+497123162981;brigitte.geiger@arcor.de;Metzingen;nein;cARNu6Utx9IxHZpqsop5;Blessing
G192;3;Geiger;Brigitte;;1968-12-16;;+497123162981;brigitte.geiger@arcor.de;Metzingen;nein;sywIGpV4IMnO9FkzT2fM;Blessing
G192;3;Geiger;Brigitte;;;+4917638293772;;brigitte.geiger@arcor.de;;ja;ukrsO64PYbrj5Y2PfeMT;Blessing
G193;3;Birgel;Finn;;2003-08-25;+491743558760;;finn-birgel@web.de;;nein;cwHHAEGQ2DstlwdQfVRr;Blessing
G193;3;Birgel;Finn;;2003-08-25;+491743558760;;finn-birgel@web.de;Reutlingen;nein;enKtpJK8SSRArKpA35o0;Blessing
G193;3;Birgel;Finn Moritz;;2003-08-25;;1363028;;Reutlingen;nein;pZBIxUdFWIHuldPLaQHk;Blessing
G194;3;Yilmaz;Acelya;;2001-11-20;+4917670938157;;yilmaz_acelys@yahoo.de;;nein;dIt6Z38ZOyvx63LmuzDm;Blessing
G194;3;Yilmaz;Acelya;;2001-11-20;+4917624202509;;yilmaz.acelyay@outlook.de;;nein;doWPRJJJauJGJOBJglbP;Blessing
G194;3;Yilmaz;Acelya;;2001-11-20;;585301;;Wannweil;nein;hiAqJ1eEKOj2RFoFoQzV;Blessing
G195;3;Milojevic;Teodora;;2006-10-13;+4915175684089;;teodoramilojevic0@gmail.com;;nein;e4IYAxsJxCG4Zj9sQUXb;Blessing
G195;3;Milojevic;Teodora;;2006-10-13;+4915902989490;;;Metzingen;nein;pJIU6LlFmKxnCTccrrC2;Blessing
G195;3;Milojevic;Teodora;;2006-10-13;+4915175684089;;teodoramilojevic0@gmail.com;;nein;qgppfGz1aHo97IMSgx8r;Blessing
G196;3;Qadoura;Maya;;2002-06-01;;;;Reutlingen;nein;g1xNpBBGB5Yhq1Vw4Yza;Blessing
G196;3;Qadoura;Maya;;2002-06-01;+4915906610488;;mayaqd7@gmail.com;;nein;mfu3EF0SyMC2xq8MJ6eF;Blessing
G196;3;Qadoura;Maya;;2002-06-01;+4915759199058;;;Reutlingen;nein;uN19lqY85WejYlXdAlI6;Blessing
G197;3;boep;anna;;1990-02-27;+491636399261;;;;nein;lVZi3qqVo6Q4GPf75ryE;Blessing
G197;3;Koep;Anna;;1990-02-27;+491636399261;;annakoep@gmx.de;;nein;jVKCwQqtd3SlgQT2mdgT;Blessing
G197;3;Koep;Anna Katharina;;1990-02-27;+491636399261;;annakoep@gmx.de;Metzingen;nein;vDtxlHVP67qXWU9LV96Y;Blessing
G198;3;tiss;katrin;;;+491776455833;;;;nein;jdvk0dfWAjlw0yrctWQO;Blessing
G198;3;Tissen;Kathrin;;1998-07-31;+4915754421358;;kathrinweimeier@web.de;;nein;kZcinzuLKkgOyZAXuQzu;Blessing
G198;3;Tissen;Kathrin;;1998-07-31;+491776455833;;;Hohenstein, Württ;nein;ryDyw87PYoq79zO6eWa0;Blessing
G199;3;Winter;Rose;;1939-06-06;;+4971281236;susanne.pipiale@gmx.de;;nein;mpCo0ZUOQlCaKHOGZOx8;Blessing
G199;3;Winter;Rose;;;;+4971281236;;;nein;xuxysdf5wVjN6CeDZaGK;Blessing
G199;3;Winter;Rose;;1939-06-06;;+4971281236;;Sonnenbühl;nein;yhAT4U1WpsueWWlKUiLg;Blessing
G200;3;Schüler;Renate;;1938-06-06;;+4974548780435;renate.e.schueler@web.de;Vöhringen;nein;nrEGfLsPAooJRx4nf44n;Blessing
G200;3;Schüler;Renate;;1938-06-06;+3371398;+4974548780435;;Vöhringen;nein;xvuqNwdR0STDTwrotre8;Blessing
G200;3;Schüler;Renate;;1938-06-06;;+4974548780435;renate.e.schueler@web.de;;nein;yCrbydJaqnc5XUjELYXU;Blessing
G201;3;Leibfarth;Sabine;;1952-02-01;;+49712361357;leibfarth@gmx.de;Metzingen;nein;rlvYb6vA6XPFCthXq15P;Blessing
G201;3;Leibfarth;Sabine;;;+49 160 96217556;;leibfarth@gmx.de;;ja;zK8gQ6RTC3bf55uLB3uS;Blessing
G201;3;Liipfarth;Sabine;;;+49712361357;;;;nein;oirE0JIqgPpkYOYF8Gxc;Blessing
G202;2;Micic;Lydia;;1979-02-28;+4917683007955;+493312393;;Reutlingen;nein;00Vz7PbHx0fU68ymsp13;Blessing
G202;2;Micic;Lydia;;1979-02-28;+4915757827147;;micic.lydia@gmail.com;Reutlingen;nein;TwKEiOiNmfiqvFfXvCy6;Blessing
G203;2;Yildiz;Asli;;1983-11-06;+491741756507;;;Pfullingen;nein;00XGNCtCijhr0cOC30qd;Blessing
G203;2;yildiz;asli;;;+491741756507;;;;nein;R1k7dwjMHYAK8d2NzwQw;Blessing
G204;2;Ogbeni;King Dylan Faraja;;2021-02-24;+491783553720;;naseriangift@gmail.com;;nein;016jU7cxez8KgtLY6RQK;Blessing
G204;2;Ogbeni;King-Dylan Faraja;;2021-02-24;+491783553720;;;Geislingen;nein;dGT5WOSIbE3uyUFIctCG;Blessing
G205;2;Röder;Marc;;1955-12-09;;+49712144941;marc_c.roeder@web.de;Reutlingen;nein;VgXXnMERwsC3Ss6jpwHm;Blessing
G205;2;Röder;Marc-Christian;;1955-12-09;+491785372413;+4971149044311;marc.roeder@atio.de;Reutlingen;nein;02ImIEv8x6jNS00pb4Qz;Blessing
G206;2;Schorer;Anna;;805075200000;+4915259681958;;;Tübingen;ja;02OPjF1hd9ukHFPDbxUl;Blessing
G206;2;Schorer;Anna;;1995-07-07;+4915259155883;;annaschorer10@gmail.com;;nein;RryLHjp4usNgumy2Eicl;Blessing
G207;2;Diez;Andreas;;236217600000;+491733476389;;;Neuffen;ja;02c52khSdpzvLYR3zFqj;Blessing
G207;2;Diez;andreas;;;+491733476389;;andreas.diez@yahoo.de;;ja;xFq2YYFo4VzsC4bJQI8i;Blessing
G208;2;Klein;Ursula;;1954-06-09;;+4970728932866;;Gomaringen;nein;03yMl8H93ey7Uq6O6QZ9;Blessing
G208;2;Klein;Ursula;;1954-06-09;+491743760546;+4970728932866;tuklein@gmx.de;Gomaringen;nein;nNzOAjAqISoKUbiipQrj;Blessing
G209;2;Lhuillier;Aurelie;;1977-05-19;;+4971216951572;;Wannweil;nein;W36f5ItB3W3Th0kBw1Jp;Blessing
G209;2;Lhuillier;Aurélie;;1977-05-19;+4917657941436;;oreilly_fr@yahoo.fr;;nein;0496nctVTtT2qnCfz8Sc;Blessing
G210;2;göddert;janik;;1999-05-22;+4915782568353;;;;nein;04Dgh163k9GZ2ebeeEA9;Blessing
G210;2;Göddert;Jannik;;1999-05-22;+4915782568353;;;Reutlingen;nein;Xpu7dHGGyLWSvvl1mrC2;Blessing
G211;2;Kittelberger;Jochen;;;+49 1523 1718965;;jochen.kittelberger@web.de;;ja;04UvEZHJ0mT1HlYFIdT8;Blessing
G211;2;Titelberger;John;;2017-02-11;+4915231718965;;;;nein;woyjyjQT0HOu1YC4e6DG;Blessing
G212;2;Walz;Claudia;;1966-10-10;+491771530468;;claudiawalz1@yahoo.de;;nein;05dpndbpEl725Dti0zDh;Blessing
G212;2;Walz;Claudia;;1966-10-10;+491771530468;707813;;Pfullingen;nein;D7MDxdQj5gl8xYYAnLUE;Blessing
G213;2;glück;matthias;;;+491793641072;;;;nein;05nzsAVtrZoCD7GwzJzu;Blessing
G213;2;Glück;Matthias;;1982-07-19;+491793641072;;matthiasglueck@gmx.net;Walddorfhäslach;nein;hMCte1aQjVRNSuMhIeeW;Blessing
G214;2;Rothe;Isabel;;1998-09-13;+4915738923238;;;;nein;05oGtBEMY6bTdRtHtiyG;Blessing
G214;2;Rothe;Isabelle;;1998-09-13;;;;Reutlingen;nein;lrBMgJILmRbn4grPr00G;Blessing
G215;2;Liebscher;Andre;;1970-07-01;+491724980804;;andreliebscher@t-online.de;Bad Urach;nein;06jJ4K9BeHDRQ3kTEiz3;Blessing
G215;2;Liebscher;André;;;+491724980804;;andreliebscher@t-online.de;;ja;LoWB9QJrMfkkzkADzvr9;Blessing
G216;2;Becker;Sam;;2008-06-13;;798944;mbecker1972@gmx.de;Reutlingen;nein;08PvQjveWNHAPnyCjJqJ;Blessing
G216;2;Becker;Sam;;2008-06-13;;;;Reutlingen;nein;Y9Yt5qq7ZYVONO2ZT5TL;Blessing
G217;2;Randt;Richard;;;+491794572368;;;;nein;08ugAkwJL5CLQAUjX6hE;Blessing
G217;2;Ranz;Richard;;-232675200000;+491794572368;;ranzrichard76@gmail.com;Hayingen;ja;KHnI0UFupuldNNNh9VtO;Blessing
G218;2;Bross;Pia;;1976-11-02;;+4970729139715;;Reutlingen;nein;CqMyCNu8zqNKJ5EjyV9m;Blessing
G218;2;Pross;Pia;;1976-11-02;;+4970729139715;;;nein;09D1UNqDk2xv22kgamtJ;Blessing
G219;2;Bez;Margarete;;1948-07-03;+491607927908;;margarete.bez@web.de;Sonnenbühl;nein;09fgaRZqNgVPoMKEYqnX;Blessing
G219;2;Bez;Margarete;;1948-07-03;;+497128588;;Sonnenbühl;nein;OBuzmFVywyV2nbX9r7jj;Blessing
G220;2;Zeitler;Felicitas;;1974-03-11;;+4971273499470;;;nein;0A9X6cPmT5iLzhluWaHx;Blessing
G220;2;Zeitler;Felicitas;;1974-03-11;+4915730955918;;feezeitler74@gmail.com;;nein;gQuLx6tRHXbgmBB9Egxr;Blessing
G221;2;Horvat;Vlatko;;1953-06-02;;+49152234773;;Filderstadt;nein;0AAlLkJFqDyUTo1Zx7Tn;Blessing
G221;2;Horvat;Vlatko;;1953-06-02;+4915223497773;;niko-lina@gmx.de;Filderstadt;nein;nmLCiKHOpUVwEl997q2r;Blessing
G222;2;volgman;Brigitte;;1950-06-20;;+49712387635;;;nein;0AHp8reRrTtOPWKDgG62;Blessing
G222;2;Volgmann;Brigitte;;1950-06-20;;+49712387635;;Dettingen;nein;Nsz4825LF8n6ABHwk5Sj;Blessing
G223;2;Ratz;Emilia;;1937-11-01;+491739329838;+497123910058;tanja_kovtunenko@yahoo.de;Metzingen;nein;0AeZ62jCAKiBY8yxQ5Zm;Blessing
G223;2;ratz;Emilia;;1937-11-01;+491739329838;;;;nein;LaImdh6na81dLuCTdU5g;Blessing
G224;2;Vogiatzis;Thomas;;-7948800000;+491757230796;;tv69@gmx.de;Reutlingen;nein;0B1fhvdLMBCNwXyidH3h;Blessing
G224;2;Vogiatzis;Thomas;;1969-10-01;+491757230796;+49490371;tv69@gmx.de;Reutlingen;nein;uoHzAtS5k4qwXPU5anlq;Blessing
G225;2;Brandt;Nancy;;;+49 179 7605264;;brandtnancy.nb@gmail.com;;ja;0B7AIEeNurFW2nbwf3uB;Blessing
G225;2;BRANDT;Nancy;;1977-02-26;+491797605264;;brandtnancy.nb@gmail.com;Neufra;nein;xvXGETZ73LqPcByd505B;Blessing
G226;2;Bozkurt;Fatih;;1984-07-09;+491758609556;;bozkurt-66-fatih@hotmail.com;;nein;0B7Wi3btfKYrhrDafK0C;Blessing
G226;2;Bozkurt;Fatih;;1984-07-09;+491752809630;;;Reutlingen;nein;mMSktJaL6RClxanxOKjI;Blessing
G227;2;Bauer;Andrea;;-23673600000;;;;Pliezhausen;nein;0B7jkv5IWbghpup9u5qF;Blessing
G227;2;Bauer;Andrea;;1969-04-02;;+49711387128;;Kirchheim;nein;wBy4Bs6PwgvAp0SXJx2X;Blessing
G228;2;Ferbert;Dorothea;;-831772800000;;23572;;Reutlingen;nein;0BYbpNvWFJ0IU5NAp630;Blessing
G228;2;Ferbert;Dorothea;;1943-08-24;;+49712123572;dorothea_ferbert@gmx.de;Reutlingen;nein;BhLVQ7sTr8f9vUiF5gBq;Blessing
G229;2;Habte Gile;Tesform;;822614400000;;;;;nein;0BtKSMuB4F4zWZ0jm9VZ;Blessing
G229;2;Habte Gile;Tesform;;822614400000;;;;;nein;BD6KDvpF4WZtVQvV8ouL;Blessing
G230;2;Kaiser;Janine;;1988-09-21;+491788455934;;jkaiser321@googlemail.com;Reutlingen;nein;0C8G68I2L5UiehXzSKSY;Blessing
G230;2;Kaiser;Janine;;1988-09-21;+4915258402095;;jkaiser321@googlemail.com;Reutlingen;nein;MrB1L2ZWxsSWS5rSGdc7;Blessing
G231;2;Walter;Tanja;;1973-09-28;;+497072910531;tani.walker@gmx.net;Reutlingen;nein;0DQoI7pbMpkan2MCnzJb;Blessing
G231;2;Walter;Tanja;;118022400000;;;;;nein;87FhqzGFlD9OpawK6Nzf;Blessing
G232;2;Sengöz;Frances;;1986-08-30;+4917643228989;;;Metzingen;nein;AKgzsZSwiEAMCWEAxdVh;Blessing
G232;2;Sengöz;Franzes;;1986-08-30;+4917643228989;;franvanrose@hotmail.com;;nein;0E6Kcr1NmJKD1oL6skJv;Blessing
G233;2;Nguyen;Sandra;;;;;sandra.nguyen2000@hotmail.de;;ja;0EG6FrJz3WHxaXmxOzAf;Blessing
G233;2;Nguyen;Sandra Huyen Tran;;960422400000;;9885445;sandra.nguyen2000@hotmail.de;Reutlingen;nein;NBb3cp5nPW3uqRTOUDt1;Blessing
G234;2;Narjes;Maximilian;;1994-01-08;+4915152414960;260954;;Reutlingen;nein;0EZus888yqwicUxQBhIL;Blessing
G234;2;Narjes;Maximilian;;1994-01-08;+4915152414960;;max.narjes@icloud.com;;nein;ROv8UKv1DLfCXCQois1w;Blessing
G235;2;Kasapis;Sotirios;;1934-05-28;;;;Reutlingen;nein;0GGPtOtRmEFsR4Xyakre;Blessing
G235;2;Kassapis;Sotirios;;1934-05-28;;;;Reutlingen;nein;2tFsfT8wSrROrTW8aj98;Blessing
G236;2;Teifel;Patrick;;411264000000;+4917621313751;+4974281405;erna.wolfram@web.de;Pfullingen;ja;0GPkYUCodHN9EvQIt7gt;Blessing
G236;2;Teifel;Patrick;;1983-01-13;+4917621313751;;heyheymymy@web.de;Pfullingen;nein;PgGkJKNridcjhqQ4jVht;Blessing
G237;2;Henrich;Naomi;;1996-02-26;;+49712321615;;Grafenberg;nein;0GVICe1PSKoUDhwQ0AbB;Blessing
G237;2;Henrich;Naomi;;1996-02-26;+491749143755;;henrichnaomi@icloud.com;;nein;VDh2Q5ee1u0Qa0r7ZjPu;Blessing
G238;2;Baciu;Maria-Ioana;;2014-01-19;+4915143516832;;;Burladingen;nein;0Hz7J6NfUv1hCrnlaqKU;Blessing
G238;2;Baciu;Maria-Ioana;;2014-01-19;;;;Burladingen;nein;MzdEtkpl3CqJ4C4VDEX5;Blessing
G239;2;Metzger;Birgit;;;+49015901453383;;;;nein;in1Kh2Vt7SVfVjyzHj6n;Blessing
G239;2;Metzger;Birgitt;;;+4915901453383;;;;ja;0INFakJS0z9z5s74l50y;Blessing
G240;2;Venetidou;Agapi;;1952-11-23;+491623354188;;k.georgousidis@web.de;Pfullingen;nein;0Ike0hWDeHZukQi7z68g;Blessing
G240;2;Venetidou;Agapi;;;+01623354188;;k.georgousidis@web.de;;ja;wGFABC4qZ8pmksP9QL7w;Blessing
G241;2;Mildenberger;Erich;;1972-08-12;;270088;;Pfullingen;nein;0JuDd4MbmD8zkwZL1bTA;Blessing
G241;2;Mildenberger;Erich;;1972-08-12;+4915737547687;;eeemildenberger@web.de;;nein;4bcyn9G5PNnXFlgOzBdZ;Blessing
G242;2;Eyebe;Heidi;;1960-11-19;;+4975747190;;Gammertingen;nein;0LbLKgqiUr8rqOnZX3pX;Blessing
G242;2;EYEBE;Heidi;;1960-11-19;+4915203650175;;heidi.eyebe@gmx.de;;nein;Ja0NQ0Sj4YvV8a5pXvOA;Blessing
G243;2;Müller;Leif;;2005-05-25;+4915734102297;;leif05mueller@gmail.com;Reutlingen;nein;NfP4s7tRAiLMt8bGRmSH;Blessing
G243;2;Müller;Leif Lennart;;2005-05-25;;240232;;Reutlingen;nein;0LoalUG48V4Fa0ztJLpq;Blessing
G244;2;Kluge;Jörg;;1959-09-12;+491571773148242;07123381927;joerg.fam.kluge@gmail.com;;ja;To8bjUUHhnyddC3oTa3u;Blessing
G244;2;Kluge;Jörg-Walter;;1959-09-12;;+497123381927;jhifdd@gmail.com;Riederich;nein;0LympfMcSRPbUPf0Fcjs;Blessing
G245;2;Castro Perez;Maria;;1991-11-13;;+4971278778;bernd.kimmerle@t-online.de;Reutlingen;nein;2D4rtyq1M3bQxrUJ09Vi;Blessing
G245;2;Castro Perez;Maria Antonia;;1991-11-13;+4916095796411;;;Reutlingen;nein;0M9ldLEmWWIYzxD4TAE6;Blessing
G246;2;Rexer;Bernd;;1963-05-23;;+49712152969;bernd.rexer@elkw.de;;nein;0Mjs20ZMIvi2PNVPHLCu;Blessing
G246;2;Rexer;Bernd;;1963-05-23;;+4971215147766;;Wannweil;nein;iT6ynfoRQFz5aQdRNEQZ;Blessing
G247;2;Passauer;Alexander;;1977-10-08;+491727670164;;apassauer@gmail.com;;nein;0MxcLzi61TI6eef4McHM;Blessing
G247;2;Passauer;Alexander;;1977-10-08;+491734362163;;;Reutlingen;nein;Bn0hXtkvhBrLuRZsZKcf;Blessing
G248;2;Iabichella;Silvia;;1969-01-31;+491728297961;;s.iabichella69@gmail.com;;nein;0N7l2Lo5zVyWFFJuZX3l;Blessing
G248;2;Iabichella;Silvia;;1969-01-31;+491728297961;434080;;Reutlingen;nein;7VcpgKuxZqqeJuQMG3wQ;Blessing
G249;2;Röckel;Felix;;1995-05-23;;+49177436016;;Pfullingen;nein;0NU2uMIEjbQJX5rl1K4A;Blessing
G249;2;Röckel;Felix;;1995-05-23;+491774306016;;felix.roeckel@yahoo.de;;nein;q3se7jrP96F3DEwqyfPt;Blessing
G250;2;Stübing;Jürgen;;;+4915117436189;;juergen.stuebing@gmail.com;;ja;0OCpbsO7jdeNUpPDQdHh;Blessing
G250;2;Stübing;Jürgen;;1969-11-21;;+497123879001;juergen.stuebing@gmail.com;Riederich;nein;1xcKh9Eo4DYU3qvmWIPf;Blessing
G251;2;Jost;Wolfgang;;-359596800000;;+49712333521;cwjost@t-online.de;Frickenhausen;nein;0PRKekVaZWI2QqUkwdpl;Blessing
G251;2;Jost;Wolfgang;;1958-08-10;+491717277904;;cwjost67@gmail.com;Frickenhausen;nein;dEnk8kRmW3ItyWysqaPF;Blessing
G252;2;Rudolf;Greta;;2016-09-06;+4917652218009;;;Dettingen;nein;0PZZPzCZ4cmEuYjOrAbv;Blessing
G252;2;rudolf;greta;;;+4917652218009;;;;nein;mAbX3uwdbzgu2QRuJZFs;Blessing
G253;2;Mastrantuono;Magda;;1986-04-14;;1362282;;Reutlingen;nein;0RjGynk9O7Rk6vl6vfnx;Blessing
G253;2;Mastrantuono;Magda;;1986-04-14;+4915115376931;;madziussa@googlemail.com;;nein;nmBj6oQeaxThgNPymUiO;Blessing
G254;2;oßwald;darian;;2013-07-06;;;;;nein;0SGZAvCALKyzqXGyliBH;Blessing
G254;2;Oßwald;Darian Alexis;;2013-07-06;;+4971219649822;;Reutlingen;nein;P9T6gCKCjokbFktJh8kf;Blessing
G255;2;Cakar;Serap;;1992-03-22;+4915227735868;;;Reutlingen;nein;gjYqBy383XcxKPDmnVzq;Blessing
G255;2;Carka;serat;;1992-03-22;+4915227735868;;;;nein;0UyMBV31rsgtZMfI5try;Blessing
G256;2;Streble;Cathrin;;;+4915737781210;;cathrin.streble@web.de;;ja;0VFxMbjMrVR17axFrlAb;Blessing
G256;2;Streble;Cathrin;;-187660800000;;+497125948166;cathrin.streble@web.de;;nein;nnti0c7WLDIyorS47zxY;Blessing
G257;2;Wallmersperger;Margarete;;1940-10-09;;230831;;Reutlingen;nein;0VuzWEusbfPsB2veVVhG;Blessing
G257;2;Wallmersperger;Margarete;;1940-10-09;;;;Reutlingen;nein;OEdYyZW246LaoPsc9J3T;Blessing
G258;2;Knödler;Rebekka;;;+491774509266;;rebekkaknoedler@gmail.com;;ja;0WkmRSETsaSb8hWBrglK;Blessing
G258;2;Knödler;Rebekka;;;+49 177 4509266;;rebekkaknoedler@gmail.com;;ja;5bIys6Hiw63H8BsFqyU4;Blessing
G259;2;Weber;Mathias;;1956-01-30;+491785851236;;;Nusplingen;nein;xI2IiwkNe3P0SS9amwsV;Blessing
G259;2;Weber;Matthias;;1956-01-30;;+4974295390203;;Nusplingen;nein;0WlTVl9mnqAFj1LUWy4P;Blessing
G260;2;stapelbrock;ruben;;1982-01-14;;;;;nein;2fNlge0lgWfVBcQ9h05x;Blessing
G260;2;Stapelbroek;Ruben;;379814400000;;+4971232770692;;Neuffen;nein;0X1LbBK4yFGmS8oOWge1;Blessing
G261;2;Sachs;Maike;;1960-03-02;+491716573344;;msachs2360@gmail.com;;nein;0YAVWdwfusqIVApDereI;Blessing
G261;2;Sachs;Maike;;1960-03-02;;+497122820233;;St Johann;nein;pnyf4WdHcKjWRm6r4mwj;Blessing
G262;2;bösch;Luca;;2001-03-17;;;;;nein;0Yhb26aegjfJH2CiNLG8;Blessing
G262;2;Bösch;Luca Florian;;2001-03-17;;;;Reutlingen;nein;UBwiCxlExoFmBqrXlJiM;Blessing
G263;2;Diete;Ludmilla;;279676800000;;;;Bad Urach;nein;0ZCBaqTizRv67MWfQ571;Blessing
G263;2;Diete;Ludmilla;;1978-11-12;+4915906651315;;ludmilla-diete@t-online.de;;nein;QyS6QaUCKlAS48Dk5ZOu;Blessing
G264;2;Schmid;Sula;;;+4917660455110;;;;nein;frSfuhHOLho3Fv7ZmyBS;Blessing
G264;2;Schmid;Ursula;;1948-10-31;+4917660455110;+49712723310;;Neckartenzlingen;nein;0ZNQHCTwZgUZFA573kW8;Blessing
G265;2;Weber;Claudia;;525139200000;;;;;nein;0cAXjdSgo53TXMNNCRje;Blessing
G265;2;Weber;Claudia;;1986-08-23;+4917661038095;;claudiafrueh@gmx.de;;nein;9DKsd8EWodTH38zEmJAX;Blessing
G266;2;Dziuban;Olga;;1985-01-25;+4915172118218;;olhadziuban@gmx.de;;nein;6Z9XiIJqoDOlD1DsIz80;Blessing
G266;2;Dziuban;Olha;;1985-01-25;+4915172118218;;olhadziuban@gmx.de;Grafenau;nein;0cGnThnKsBafp5CND10y;Blessing
G267;2;Maleshaj;Hairie;;2007-07-23;+4915299470808;;;Metzingen;nein;tkFUDhxQPCNDQzKutUQA;Blessing
G267;2;MalesHaj;Hayriye;;2007-07-23;+4915209470808;;;;nein;0cHrPmSxlOrShlk9Stvf;Blessing
G268;2;Dokman;Nikola;;1978-03-13;+491781883780;;sndokman@gmail.com;Reutlingen;nein;0csYz7mWhIZj5BmAQkdD;Blessing
G268;2;Dokman;Nikola;;;+49 178 7528443;;sndokman@gmail.com;;ja;QnCVGw5hdXXGHflOHJZm;Blessing
G269;2;Dumlu Pinar;Hatice;;;+491795189276;;;;nein;0cwbkSMOR9lG83qkPoBm;Blessing
G269;2;Dumlupinar;Hatice;;;+49 179 5189276;;haticedumlupinar02@gmail.com;;ja;6mP48Ayqyd76iMUBPmIu;Blessing
G270;2;Bauer;Gerd;;-254016000000;+491626219324;+4971216959725;;Reutlingen;ja;0eR9vn9QtXn21VaMIcan;Blessing
G270;2;bauer;gerd;;;+491626219324;;;;nein;RbE0N5ohBAjZOzDJdfC3;Blessing
G271;2;Aguirre Jaramillo;Juan-Carlos;;1974-08-13;+491711033740;;;Reutlingen;nein;0eg6XVIhEClyqQmyd15p;Blessing
G271;2;Aguirre Jaramillo;Juan-Carlos;;1974-08-13;;;;Reutlingen;nein;0qJ3yv7a060JBqpYfxuY;Blessing
G272;2;Fritz;Erich;;1947-08-25;;670309;;Reutlingen;nein;0fMiSop0MOuwnOovJgx0;Blessing
G272;2;Fritz;Erich;;1947-08-25;;+497121670309;ehfritz-sick@web.de;Reutlingen;nein;oNvcVBy8cEmhdtlm6hSF;Blessing
G273;2;Dengler;Charlotte;;1931-08-05;+4915733964193;;caspar.alfred@web.de;;nein;0ge9nfsa7QfmWmWJO2z6;Blessing
G273;2;Dengler;Charlotte;;1931-08-05;;+4974733790053;;Reutlingen;nein;anWXPXFPZRcEIHiggkEI;Blessing
G274;2;Schwörer;Simon;;1983-03-16;;+4971275705132;;Aichtal;nein;0hQnkMNeUADAHf9kyVTO;Blessing
G274;2;Schwörer;Simon;;1983-03-16;;+4971275705132;simon.schwoerer@arcor.de;Aichtal;nein;DRermfcPGlcQA4Rbp0uO;Blessing
G275;2;La Rocca;Vincenzo;;1948-02-08;+4917661209915;;claudio.larocca01@icloud.com;Eningen;nein;0hi7yxvxxFkg59T05snT;Blessing
G275;2;La Rocca;Vincenzo;;1948-02-08;+4917661209915;82934;;Eningen;nein;H5Xwy1FsIFpfHGQiIXKT;Blessing
G276;2;Tomsky;Annette;;1960-07-27;+4917661017006;;at@annette-tomsky.de;;nein;0hn0exQfdidDzkyCmXrp;Blessing
G276;2;Tomsky;Annette;;1960-07-27;;+49565560;annette.tomsky@web.de;Reutlingen;nein;Atft5GeTqaM55xdWlKbQ;Blessing
G277;2;Glaser;Peter;;;+4915780390243;;999797119.027056@kabelbw.de;;ja;0hoUOXLxpyqflzpr6wxO;Blessing
G277;2;Glaser;Peter Horst;;-412300800000;+4915780390243;;999797119.027056@kabelbw.de;Reutlingen;ja;ZJkVjaOdg9436EScfU90;Blessing
G278;2;Qunoo;Hasan;Dr.;1982-01-10;+491727198096;;hqunoo@gmail.com;Reutlingen;nein;0hzgfPyaH0IslH3aLkGa;Blessing
G278;2;Qunoo;Hasan;;1982-01-10;+491727198095;;hqunoo@gmail.com;;nein;LtNq78mzTH3vAgqvAMBH;Blessing
G279;2;Klettinger;Rudolf;;-412992000000;;;;;nein;0i0x48do2Bo4Pkpl2liC;Blessing
G279;2;Klettlinger;Rudolf;;-412992000000;;+497121491792;;Reutlingen;nein;AdK1XnmrCJ9x5ic9yIdb;Blessing
G280;2;Arifi;Sefki;;1970-08-06;;;;Reutlingen;nein;0jAhyyKxgp9dbFxvNk78;Blessing
G280;2;Arifi;Sefki;;1970-08-06;;;;Reutlingen;nein;DrDrOvD2phelhJYVD9RE;Blessing
G281;2;Dohrmann;Jonas;;783475200000;;+4973851375;;Engstingen;nein;0jENrfPjRuDMGtjycDer;Blessing
G281;2;Dohrmann;Jonas;;783475200000;;;;;nein;prqAhb6SYcg3ofhCohCX;Blessing
G282;2;Najami;Nadine;;1387497600000;+491721698995;;nano-ja@hotmail.de;;ja;0jJauzjotwIi5O4kZHkF;Blessing
G282;2;Najami;Nadine;;1387497600000;+491721689995;;;Reutlingen;nein;jQ18lsO27ndwgHTsPEbF;Blessing
G283;2;Lang;Cornelia;;-188092800000;;;;;nein;0jT5T5rCqufHiSyOCfT1;Blessing
G283;2;Lang;Cornelia;;1964-01-16;+491746124103;+497125968889;corure@googlemail.de;Bad Urach;nein;p9I57txMWD71LBUS6o27;Blessing
G284;2;Dittrich;Amrei;;;+4915789586192;;amreicdittrich@gmail.com;;ja;n327DuU2IRWJpeD3jkAk;Blessing
G284;2;Dittrich;Amrei Charlotte;;1999-09-09;+4915789586192;;amreicdittrich@gmail.com;Tübingen;nein;0jt0rpQYxX89lDNmr4sx;Blessing
G285;2;Lutschinski;Chiara;;1993-06-13;+491781781535;;chiara.lutschinski@gmail.com;;nein;Y2yCvnnYsNAWx2TBTATZ;Blessing
G285;2;Lutschinski;Chiara Sophie;;1993-06-13;+491781781535;;;Reutlingen;nein;0k6OU2N9tvqrAvb0YVPC;Blessing
G286;2;Kaszun;Brigitte;;-661824000000;;81349;;Eningen;nein;0kqbVjDwn2MH5MCNsk1k;Blessing
G286;2;Kaszun;Brigitte;;1949-01-11;;+49712181349;b.kaszun@gmx.de;;nein;yiB5zQyaqiq5a1mzospg;Blessing
G287;2;Bogusz;Patrycja;;;+491623017860;;Patrycja.Bogusz@web.de;;ja;6Q3luWDwczqVJcgCBMjH;Blessing
G287;2;Bogusz;Patrycja Maria;;1993-08-15;+491623017860;;;Walddorfhäslach;nein;0lglmS4txtQTaei3ld8d;Blessing
G288;2;Hammer;Christel;;1950-11-21;+491751632788;;chris-jo.hammer@t-online.de;Reutlingen;nein;0lydbCy5uL2Otk6XGcsu;Blessing
G288;2;Hammer;Christel;;;+49712145850;;chris-jo.hammer@t-online.de;;ja;VLoyzkwZsBqhtw1PPaUn;Blessing
G289;2;Lentz;Monique;;1983-04-06;+4915207471661;;moniquelentz83@gmail.com;;nein;0mN9ztYKOQ6Sq1TJAz9B;Blessing
G289;2;Lentz;Monique;;1983-04-06;;330419;;Reutlingen;nein;K7FhbIG3CQN516NVQG2p;Blessing
G290;2;Ibrahim;Haneen;;;+49 15566 465946;;hana3836236@gmail.com;;ja;SPw1UDofJK71WN50K4ei;Blessing
G290;2;Ibrahim;Haneen Mohamed;;1247702400000;+4915566465946;;;Bad Urach;nein;0nD7pW5OjIIfk4MOg3O7;Blessing
G291;2;Lind;Andreas;;1966-10-05;+4917615827088;;;;nein;QcKay2dyvqrAVYU3npue;Blessing
G291;2;Lindt;Andreas;;1966-10-05;+4917615827088;;;Lichtenstein;nein;0naVlYNhFAOYXiZZhpfk;Blessing
G292;2;Frank;Manuel Leon;;2002-02-12;+4915151949973;+4971241332;tanjafrank2812@icloud.com;Trochtelfingen;nein;0ohEqOIJITSOjZezpHKo;Blessing
G292;2;Frank;Manuel Leon;;2002-02-12;;+4971241332;;Trochtelfingen;nein;lBtuFm0KxWU1p5XrBwcW;Blessing
G293;2;goger;christiane;;;;+497123200580;;;nein;0pa77JOkXMTNnUIpt75L;Blessing
G293;2;Goger;Christiane;;1953-05-31;;+497123200580;;Metzingen;nein;dycQwp8UWSKCstOLbzof;Blessing
G294;2;Sahil;melike;;1989-04-21;;;;;nein;0rJhBwZegDIGE4tI0mHv;Blessing
G294;2;Sahin;Melike;;1989-04-21;+491601080865;;;Reutlingen;nein;lYv1ZCnOUlX30kBzON4l;Blessing
G295;2;Länge;Christian;;322012800000;;+4971211370284;claenge@gmx.de;;nein;0rT65yg2auYOZlsbcKHY;Blessing
G295;2;Länge;Christian;;1980-03-16;;1370284;;Reutlingen;nein;6fNl8Bq0fU1fBj5QAFNp;Blessing
G296;2;Er;Michaela;;1975-08-31;;6955158;;Reutlingen;nein;0rb2x7uKC2rAf0m6ZJH1;Blessing
G296;2;Er;Michaela;;1975-08-31;;579714;;Reutlingen;nein;mxdmrHHicnO2dk5oR6h3;Blessing
G297;2;Rais;Norbert;;1951-06-26;;+49712181714;norbertrais@web.de;Eningen;nein;0rm3aHxs0Yi1XxGYgvX1;Blessing
G297;2;Rais;Norbert;;1951-06-26;;81714;;Eningen;nein;HUg1ERPMZTxhQFUWWoFm;Blessing
G298;2;Stuhlinger;Joachim;;1956-10-31;;+497121240538;stuhlinger-reutlingen@t-online.de;Reutlingen;nein;0sCXAZr4p4iinROqOeYO;Blessing
G298;2;Stuhlinger;Joachim;;1956-10-31;;240538;;Reutlingen;nein;BqyM9Wa0kGdigChJpzih;Blessing
G299;2;Trück;Bianca;;573868800000;+491716975362;;bianca.trueck@web.de;;ja;0sP3fQEIgJ0RpIr5XeeO;Blessing
G299;2;Trück;Bianca;;1988-03-09;;1362686;;Reutlingen;nein;WOUSXNac5e999izldfhB;Blessing
G300;2;Grohne;Tabea;;2019-03-05;;;;;nein;0spQhH97YisiXPVIWDMB;Blessing
G300;2;Grohne;Tabea Philine;;2019-03-05;+4915118047802;;;Pliezhausen;nein;miPBCecIIualMhuZi16t;Blessing
G301;2;Filip;Miriam;;1979-06-24;+491728966418;;;Riederich;nein;w3BTPStVtrOA8NuDYsJ4;Blessing
G301;2;Fliep;Mirjam;;1979-06-24;+491728966418;;;;nein;0tBghCUk7bIIYoaJeSk7;Blessing
G302;2;Geier;Laura;;2015-09-10;+4917661708195;;daniel.son@hotmail.de;;nein;ouzQe0ZlGDvcHggIKx40;Blessing
G302;2;Geier;Laura Cecylia;;2015-09-10;+491786116904;;;Reutlingen;nein;0tKYhTx1OhIeVGNDlDp3;Blessing
G303;2;Sliwka;Doreen;;;+4915735514568;;nzstudent2015@t-online.de;;ja;0tkNValP8FkXpDmGo8N4;Blessing
G303;2;Sliwka;Doreen;;2000-09-09;+491632728800;+4915735514568;;Neckartenzlingen;nein;PzqHoU7QZi0DWhmEBbtp;Blessing
G304;2;Schleicher-Fritz;Ilse;;1964-05-28;+491639017302;;i.schl@gmx.de;;nein;0tx2YJoc5Mif6XRo7oev;Blessing
G304;2;Schleicher-Fritz;Ilse;;1964-05-28;+491639017302;+4970726009410;;Reutlingen;nein;4HTOkzMNMilF4KPYcdtv;Blessing
G305;2;Tkremmel;CHristiane;;1973-07-31;+491721803672;;;;nein;0uU4PcMK1MAkoXg8Aak9;Blessing
G305;2;Tremmel;Christiane;;1973-07-31;+491721803672;;;Kohlberg;nein;BCkuYgdKNplZMTz3ExVg;Blessing
G306;2;klopp- schleweck;Gisela;;1952-09-15;;+497121290050;gisela.klopp@gmx.de;;nein;0uWqHGIb3GFU6ulcqfw1;Blessing
G306;2;Klopp- Schleweck;Gisela;;1952-09-15;;+497121290050;;Reutlingen;nein;73BVfaMkVvgRoO7SNhQX;Blessing
G307;2;Ettwein;Luca;;2013-06-30;+4915901171118;;katharinaettwein@gmx.de;;nein;0vP4VR2LX6lke8gtEPC4;Blessing
G307;2;Ettwein;Luca Can;;2013-06-30;+4915901170118;;;Reutlingen;nein;zsDnMQDOyfU8m7d8qTps;Blessing
G308;2;Schwarz;Otto;;1963-05-30;+491727497630;;;Rottenburg am Neckar;nein;0vPbHOERTqHkkmeOhZqA;Blessing
G308;2;Schwarz;Otto;;1963-05-30;+491727497630;;;Rottenburg am Neckar;nein;z4UriZ2Z5y8W1wEZIFqZ;Blessing
G309;2;Akyüz;cigdem;;1991-06-24;+4917620182925;;;;nein;0vSrY8PCuT7Cfa8WeDfA;Blessing
G309;2;Akyüz;Cigdem;;1991-06-24;+4917620182925;;c-igdi@hotmail.de;;nein;EPZF6N9oTydEHeS9QpvY;Blessing
G310;2;Böhm;Hanna;;1982-10-16;;+4971216970303;hanna_boehm@web.de;;nein;0vbzPkPBIjnnNWVFZadp;Blessing
G310;2;Böhm;Hanna;;1982-10-16;+491636352627;;;Reutlingen;nein;n99nSXgkGmv3FDdQW6P6;Blessing
G311;2;de Marco;Isabel;;1993-12-08;+4915781764357;;;Reutlingen;nein;BLWSLe6w0KKo5E6VuAEx;Blessing
G311;2;De Marco Rau;Isabel;;755308800000;+49015781764357;;;;nein;0vmQl3FSjvkWVBOav8Jj;Blessing
G312;2;Banach;Martin;;1978-10-23;+491729010886;;;Kornwestheim;nein;0wbWtpJi9nem19nmJSec;Blessing
G312;2;Bannasch;Martin;;1978-10-23;+491729010886;;;;nein;iaphmjGpnY2qci1sNEnC;Blessing
G313;2;Schlipphak;Ursula;;-578448000000;;;;;nein;0xqp9jUAQ28VKjKFr1JZ;Blessing
G313;2;Schlipphak;Ursula;;-578448000000;+491607081150;240497;uschlip@gmx.de;Reutlingen;ja;ccxa50hwDBoRrbYAonWh;Blessing
G314;2;Elezovic;Ruth;;1950-04-06;;+497121346344;;Reutlingen;nein;0yfwRCbEkZZ0xvBtO2oh;Blessing
G314;2;Elezovic;Ruth;;1950-04-06;;;;Reutlingen;nein;2cEqeFrbTHk4zLusF3YB;Blessing
G315;2;Nguyen;Jason Chi An;;2015-11-14;+4915254572089;;;Reutlingen;nein;JY7JY8q7YZCD3Q7zlCv4;Blessing
G315;2;Nyguyen;jason;;2015-11-14;+4915254572089;;;;nein;10CwKSHGLN28xJ8B9KZ8;Blessing
G316;2;Brielmann-Ziefle;Rose;;1970-10-17;;+49747439541375;;Mössingen;nein;xsr9Wz4s7XZA0PPFwj6b;Blessing
G316;2;Brielmann-Ziefle;Rose Barbara;;1970-10-17;+4917659707992;;rb.ziefle@posteo.de;;nein;10EqkSJ9tsuzRGtlWHRp;Blessing
G317;2;Terraza Velasquez;Monica;;1993-02-24;+4915773654632;;mmterrazav@gmail.com;Münster;nein;fhGZucWZtoXGEmK3AQpH;Blessing
G317;2;Terraza Velasquez;Monica Marcela;;1993-02-24;+4915773654632;;;Tübingen;nein;12hK5ns1o6MsagdGqDKs;Blessing
G318;2;Schlecht;Gisela;;1959-01-11;+491639627284;;giselaschlecht@gmx.de;Frickenhausen;nein;lWwscV86GNJ3V150bXeG;Blessing
G318;2;Schlecht;gisella;;1959-01-11;+491639627284;;;;nein;1380oqbrlrDqQiDzaklS;Blessing
G319;2;Claus;Gerhard;;;+4915770456770;;gerhard_claus@web.de;;ja;13Vx6OVZ2zD8UkYnBajH;Blessing
G319;2;Claus;Gerhard;;1953-08-25;;+49712321971;gerhard_claus@web.de;Metzingen;nein;QOOLBNMTM6JrztfLCNfj;Blessing
G320;2;Theodoridou;Ilianna;;2001-11-21;;+497123947927;ilianna_t@yahoo.de;Metzingen;nein;13k8D1bIFrkH0BpiW7Je;Blessing
G320;2;Theodoridou;Ilianna;;2001-11-21;+491639180681;;ilianna_th@yahoo.com;;nein;rvqYjQ9ksiwaoXKYKTvh;Blessing
G321;2;noufal;roula;;1984-02-01;;;;;nein;14G0HRCHRLMJ0OiOIJad;Blessing
G321;2;Noufal;Roula;;1984-02-01;+4915256478755;;lorenzomtd@yahoo.com;Reutlingen;nein;M8E91919P3sfaJPZqGHF;Blessing
G322;2;Böpple;Marianne;;-927158400000;;07121601457;;;nein;14pMWXAg8u3IoesvyFIQ;Blessing
G322;2;Böpple;Marianne;;1940-08-15;;601457;;Kirchentellinsfurt;nein;MH6Pju65bGR1T73vUi2j;Blessing
G323;2;Turchetti;Karl Henry;;1983-11-21;;+497123979421;mandy.knoll@bruderhausdiakonie.de;Dettingen;nein;170ezf0YkZPtSofpt4jg;Blessing
G323;2;Turchetti;Karl-Henry;;1983-11-21;;+497123979421;behinaschwalbegr.1@bruderhausdiakonie.de;Dettingen;nein;qLgfYp4CgzShxd6XBJ3h;Blessing
G324;2;Rempfer;Carlo;;1034121600000;;+49702583351;;Neuffen;nein;187oy0exYjpTgVaajQDo;Blessing
G324;2;rempfer;carlo;;1034121600000;;;;;nein;Af7URH3Ju8KXizvTz5aQ;Blessing
G325;2;Weident;Marla;;2014-06-11;;+497121603676;hello@youarebride.de;;nein;qX2pwr4pWm1zVm5yd6G1;Blessing
G325;2;Weident;Marla Lou;;2014-06-11;+4915142340260;;;Reutlingen;nein;18BCibzsZyOp5mGdBj7x;Blessing
G326;2;Üstün;Zeynep;;1969-08-01;+4917660928733;;;Pfullingen;nein;18mKUFrT2h3TMHKNkoB6;Blessing
G326;2;Üstün;Zeynep;;1969-08-01;;;;Pfullingen;nein;JAPs3Cmwq7qRoG47t3Lm;Blessing
G327;2;Lici;Marsida;;2002-04-10;;+497129407049;natalialici37@gmail.com;Lichtenstein;nein;199KuYsoRGfANBGwWSyJ;Blessing
G327;2;Lici;Marsida;;2002-04-10;;381932;;Reutlingen;nein;AimXBtyVUJ2bT8Uda4Qn;Blessing
G328;2;O'Leary;Maire Sinead;;1972-08-08;+491628433823;;;Reutlingen;nein;1AaTkBAzwRtWyiBgb22w;Blessing
G328;2;O'Leary;Maire Sinéad;;;+491628433823;;soleary72@yahoo.com;;ja;MnyXCJF7zgDuBcxGNXJh;Blessing
G329;2;Sonnenschein;Mats;;2017-01-05;+4917683268630;;hannahkatharina@gmx.de;;nein;1CTGWziBUqmAFn2bsb4S;Blessing
G329;2;Sonnenschein;Mats Leonard;;2017-01-05;+4917683268690;;;Tübingen;nein;fCXAnYClnxKRF6i6Bsou;Blessing
G330;2;mayer;kim -carolin;;;+4915787404061;;;;nein;1Cx1B6kBknJTf3kEMpLD;Blessing
G330;2;Mayer;Kim-Carolin;;1992-10-04;+4915787404061;;;Pfullingen;nein;IjAQgQBG3I0TVvMEcxHe;Blessing
G331;2;Wendt;Torben;;1068508800000;;;;;nein;1DTdN2L7Rl7DOkLKSMhc;Blessing
G331;2;Wendt;Torben;;1068508800000;;;;;nein;JIL4ojKeuyzEEywD05oE;Blessing
G332;2;Szczepkowska;Hanna;;1991-06-15;+491639184140;;haniaszczepkowska@gmail.com;Tübingen;nein;Hzuxie6MP6NBJ28loOCF;Blessing
G332;2;Szczepkowska;Hanna Natalia;;1991-06-15;;;;Tübingen;nein;1E9R9u5VTKtLEGDMjP27;Blessing
G333;2;Malband;Iren;;2010-07-29;+491727809871;;;;nein;1FmVcC7OxeLXhAZ8Xvh0;Blessing
G333;2;Nalbant;Irem;;2010-07-29;+491727809871;;melekerkek78@gmail.com;Metzingen;nein;1RxcuJr7tFvEDlpuofJD;Blessing
G334;2;Griesinger;Jan;;1988-10-13;+491628078727;;jan.griesinger1@web.de;;nein;1FuWMFIIHSnSXlrSeaDN;Blessing
G334;2;Griesinger;Jan;;1988-10-13;+4915787598499;;;Bad Urach;nein;Ei7qWeaxM0rLqVIqJfDb;Blessing
G335;2;Drzal-Kaczmarek;Renata;;1964-04-18;;+49712124435;renata.kaczmarek@web.de;Reutlingen;nein;1Gnbm8dkh8IopqbWskMm;Blessing
G335;2;Drzal-Kaczmarek;Renate-Danuta;;1964-04-18;;24435;;Reutlingen;nein;75CuqPGKSlPFWRRmN7am;Blessing
G336;2;Wolf;Raluca;;1986-07-20;+491622691963;;raluca.wolf@gmx.de;Bempflingen;nein;1GoeFyphlM9Izez0so6u;Blessing
G336;2;Wolf;Raluca-Irina;;1986-07-20;+491622691963;;raluca.wolf@gmx.de;Bempflingen;nein;ZQCfISP2sHa6AgEttlqb;Blessing
G337;2;Schrode;Michael;;1969-10-02;+4915203490414;+497385965666;dschrode1971@gmail.com;Gomadingen;nein;1HTG4cnMhQxOji7nj24u;Blessing
G337;2;Schrode;Michael;;1969-10-02;+4915203490414;;dschrode1971@gmail.com;;nein;HZ5sPEPomzwejlfGiNVV;Blessing
G338;2;Yeldirim;Sabek;;1980-08-11;+4917662288229;;;;nein;EOLjg3nMavPfyA9L3STq;Blessing
G338;2;Yildirim;Sadik;;1980-08-11;+4917662288229;;;Dettingen;nein;1HzspptBlmAYCuPBUj6N;Blessing
G339;2;Baisch;Elena;;1995-02-26;;+4971241217;;Trochtelfingen;nein;1JOTWDaHXhi9rWbTpDOT;Blessing
G339;2;Baisch;Elena;;1995-02-26;+491744178833;;elenamaria@gmx.net;;nein;cn8vbuEwnxYBkpw2lIE9;Blessing
G340;2;Gonser;Bianca;;1998-05-12;;;;Eningen;nein;1KuDCLxSDhqJiQlvcYOr;Blessing
G340;2;Gonser;Bianca;;1998-05-12;;+49712183377;bianca-gonser@online.de;;nein;PisjWVc0fmY5DJH1sjWS;Blessing
G341;2;Sopaj;Lea;;2011-07-08;;+4971239570974;;Eningen;nein;1LU8kKp1NPyxjCE02oGo;Blessing
G341;2;Sopaj;Lea;;2011-07-08;+4917630604862;;sopaj@web.de;;nein;gfMxdsXiyxmHx48Vcww9;Blessing
G342;2;Kunath;Jan;;1985-08-02;+491708434539;;j.kunath85@gmail.com;;nein;d1XcKK4qiVlUp73VhVXO;Blessing
G342;2;Kunath;Jan Philip;;1985-08-02;+491708434539;;;Reutlingen;nein;1LbFZnoTCYvXxt6hS2iL;Blessing
G343;2;Agreil-Chrysakopoulos;Michele;;1945-11-15;;270834;agreil@web.de;Reutlingen;nein;EnggU3PKQqq3iXxRPPTq;Blessing
G343;2;Agreil-Chrysakopoulos;Michèle;;1945-11-15;+491739726014;;agreil@web.de;;nein;1Mw60ApMDW01GjlQm3iu;Blessing
G344;2;Fronmueller;Clara;;2001-11-01;;;;Reutlingen;nein;9hQDXZpD8w3prqHZBFF3;Blessing
G344;2;Fronmüller;Clara;;2001-11-01;;;;Reutlingen;nein;1MwrCFULrkAhrCKPSWM3;Blessing
G345;2;Omar;Nimar;;2014-02-18;+4915781296259;;;Reutlingen;nein;1Nx92LMFTCMzgbC0HqWy;Blessing
G345;2;Omar;Simar;;2014-02-18;+491777451056;;;Reutlingen;nein;HUeP7Dg1UiJS2WZHV96V;Blessing
G346;2;Cebeci;Elisa Ipek;;2022-12-12;+491626932039;;cebecis1603@gmail.com;Bodelshausen;nein;M2goEDYbz6R93DKeqr44;Blessing
G346;2;Cebeci;lisa;;2022-12-12;;;;;nein;1OErOibPaYoWRY3aUnlY;Blessing
G347;2;Schotka;Robin;;1992-09-27;+49151221827603;;;Schlaitdorf;nein;1OWy51auqz0q43d9cLJb;Blessing
G347;2;Schotkar;Robin;;1992-09-27;+4915221827603;;;;nein;GS6iXC7Ec4bfLKdJgbO8;Blessing
G348;2;Qayomi;Mahbooba;;1987-05-26;+4915251903491;;s.atayee@yahoo.com;;nein;1P4hQbZj2fDJuWQvlrXq;Blessing
G348;2;Qayomi;Mahbooba;;1987-05-26;+491774723760;;;Reutlingen;nein;oFBqxCdy82P9HSenXYgc;Blessing
G349;2;Preuss;Andreas;;1988-07-22;;;;Reutlingen;nein;1Paz0EYTGqXVi2OaDegB;Blessing
G349;2;Preuß;Andreas;;1988-07-22;;;;Reutlingen;nein;W0Ctuc17TGaw3McLD6SP;Blessing
G350;2;Fischer;Jutta;;1970-04-03;;+497123925772;;Metzingen;nein;1PoadJeR6wALpaNKW7yE;Blessing
G350;2;Fischer;Jutta;;1970-04-03;+491702922712;;jut.fischer@t-online.de;;nein;OJiEYwSnrSARq1Hbwz2z;Blessing
G351;2;Fingernagel;Felix;;2001-09-05;+491782131052;;felixfingernagel@web.de;Hohenstein;nein;1PzaIbZ2pRvTHyXJxa9y;Blessing
G351;2;Fingernagel;Felix;;;+49 1575 2148269;;felixfingernagel@web.de;;ja;GQZoqVybKI2PoX0UY8SQ;Blessing
G352;2;Fink;Anton;;1935-11-24;;+4971234477;;Metzingen;nein;1Pzjt2N1Q7PIDXNEPzAP;Blessing
G352;2;Zink;Anton;;1935-11-24;;+4971234477;;;nein;voDeBJ66p8Xjmt7ZBpcr;Blessing
G353;2;Hornung;Heidi;;1960-01-31;+491721838311;;heidihornung@web.de;Reutlingen;nein;1Q42t6C60zljqmnGDUWz;Blessing
G353;2;Hornung;Heidi;;1960-01-31;;;;Reutlingen;nein;B4Z7WcQ5jesuVKykwWXl;Blessing
G354;2;Eisenhardt;Sabine;;1971-09-08;+4915739642490;;bine8971@gmail.com;;nein;1QY5bESC4QeWDgiX3foL;Blessing
G354;2;Eisenhardt;Sabine;;1971-09-08;;+49712788606;;Pliezhausen;nein;SbW1Hf2wpBejao85xMrL;Blessing
G355;2;Bauer;else;;1937-05-02;;+4971218201363;;;nein;RTnyoGzCsBzkcWLV74om;Blessing
G355;2;Baur;Ilse;;1937-05-02;;8201363;;Eningen;nein;1QdE18DRzKLjueuTHurH;Blessing
G356;2;Brändle;Jason;;2007-05-11;;;;;nein;1QySw3KG4BTYuzatR1fa;Blessing
G356;2;Brändle;Jason Oliver;;2007-05-11;+491746340959;;;Reutlingen;nein;zrI4doRO1MvzmtqB8c9w;Blessing
G357;2;Betea;alca;;1983-03-01;+4917631630275;;;;nein;xBMALtTlhBf3o1n5po3e;Blessing
G357;2;Betea;Anca-Virginia;;1983-03-01;;;;Reutlingen;nein;1RCgOaxCOOqczpoX76zx;Blessing
G358;2;Beckmann;Ute;;1951-04-29;;300158;;Reutlingen;nein;1RWue2E48jnkOG3Efjq9;Blessing
G358;2;Beckmann;Ute;;1951-04-29;;+497121300158;;Reutlingen;nein;fDUW5wjUSKocN1jlldRB;Blessing
G359;2;Holzmann;Elisa;;2020-06-08;;+4971239394436;ines.f.holzmann@gmail.com;Kappishäusern;nein;1RZtG7beVOrJpbu9js7q;Blessing
G359;2;Holzmann;Elisa;;2020-06-08;;+4971239394436;ines.f.holzmann@gmail.com;Neuffen;nein;tn9VeQNeNLoyCleyYJaT;Blessing
G360;2;hannich;chloe;;1998-01-10;+4915208298105;;;;nein;1RzrEX5Ux64WJDcr9CWG;Blessing
G360;2;Hannich;Chloe Varinia;;1998-01-10;+4915208298105;;;Reutlingen;nein;qZ8k5SfMAvZrSfZudTHT;Blessing
G361;2;Jusufi;Haris;;1994-03-11;+4915782324257;;haris.jusufi@web.de;Frickenhausen;nein;1Sc6LbbfAqlfMb6AidvF;Blessing
G361;2;Jusufi;Haris;;1994-03-11;+4915782324257;;;Frickenhausen;nein;TS7mKJdeMqoG5NqrlzGE;Blessing
G362;2;Tsakiris;Simeon;;1973-04-25;+4917641173570;;;Neu-Ulm;nein;1SzIsxWOS5a1J22nZQUi;Blessing
G362;2;Tsakiris;Symeon;;1973-04-25;+4917641173570;;symeontsakiris@gmail.com;;nein;fk84rfHMbssR2HuLtjbb;Blessing
G363;2;Scholz;Melanie;;1985-03-03;+4915159445969;;scholz.me@gmx.net;Neckartenzlingen;nein;1TYtI5nNdX3vVQfqcly2;Blessing
G363;2;scholz;melanie;;;+4915159445969;;scholz.me@gmx.net;;nein;kghXYBVk0MKv26MYBXAI;Blessing
G364;2;Joppeck;Philipp;;1978-08-08;+4915159499061;;p.joppeck@icloud.com;Reutlingen;nein;1Tk9gOl7Tri8lvAbRgbp;Blessing
G364;2;Joppeck;Philipp-Daniel;;1978-08-08;+4915141288159;;;Reutlingen;nein;9mQqmxAmgUUhag6U88fx;Blessing
G365;2;Pinheiro Pereira;Angelina;;2009-02-23;;334293;;Reutlingen;nein;1Tq5DH4qQbOf2eiuRfHK;Blessing
G365;2;Pinheiro Pereira;Angelina;;2009-02-23;+491726205113;;olga.asberger@gmx.de;Reutlingen;nein;f6Y9XU77B40DblX5R717;Blessing
G366;2;Blanco;Maria Rita;;1966-09-20;;346266;rita.blanco@gmx.de;Reutlingen;nein;1WTJ4RyzHXPwoRUU4xLd;Blessing
G366;2;Blanco;Maria Rita;;1966-09-20;+491777482368;;rita.blanco@gmx.de;Reutlingen;nein;aQ20jJBM9LoSkhsALEru;Blessing
G367;2;Werner;Julia;;1998-01-28;+4915734244272;;juliawerner98@gmx.de;;nein;1YEiP2QJPjsZJFAVEBSg;Blessing
G367;2;Werner;Julia;;1998-01-28;;+4971292729;;Weingarten;nein;kTkbNbSHJLew8nfvch95;Blessing
G368;2;Steinbrueck;Ute;;-182649600000;+491744313747;+497121434650;ute.steinbrueck@web.de;Reutlingen;ja;wQNPWOUGVCbSAfhSJQcn;Blessing
G368;2;Steinbrück;Ute;;-182649600000;;;;;nein;1YQRjL4dfvZRz4ZyeEqd;Blessing
G369;2;La Caprara;Christiano;;2003-12-05;;624642;;Reutlingen;nein;bFchzUIayjvDg4gxkz82;Blessing
G369;2;la caprara;chrostiano;;2003-12-05;;;;;nein;1YQc2EYfdSmJcahh1oaU;Blessing
G370;2;Goebel;Lucas;;;+4917641509013;;lucci.goebel@gmail.com;;ja;1YkndESUkn3eVpKdt39A;Blessing
G370;2;Goebel;Lucas;;;+4917641509013;;lucci.goebel@gmail.com;;ja;uc1On9lDXp9BYM0C2rRR;Blessing
G371;2;Müller;Andreas;;537753600000;+491752578657;;andreas.mueller-nt@web.de;;nein;1ZbTJgLeGMQnMKDbLXen;Blessing
G371;2;Müller;Andreas;;1987-01-16;+491752578657;;;Reutlingen;nein;bqO9yfAoTL1tsHiMQ2Uz;Blessing
G372;2;Hellmuth;Sonja;;;+4915754015576;;sonjahellmuth76@gmail.com;;ja;1bE0odFKPSe9myOS5I1N;Blessing
G372;2;Hellmuth;Sonja;;1976-05-05;;+497473270484;sonjahellmuth76@gmail.com;Mössingen;nein;2YdIL0aQaiNGFFSW8tNw;Blessing
G373;2;Lange-Schneemilch;Sylvia;;1949-01-30;+4915154895093;;langesch@gmx.de;Eningen unter Achalm;nein;1bhq0pWSGa3kn84dkiS2;Blessing
G373;2;Lange-Schneemilch;Sylvia;;-660182400000;+4915154895093;+497072921182;;Reutlingen;ja;Kx1eTAyG0KpeozqVbn5Z;Blessing
G374;2;Drescher;Trudel;;-911260800000;;+4971253429;;Bad Urach;nein;1ct8DB9dpsvFxjfJOTIb;Blessing
G374;2;drescher;trudel;;1941-02-15;+4915120644370;;gtdrescher@gmail.com;;nein;y4fc1MQFn4OFbFCws73v;Blessing
G375;2;Bürck;Alvin;;1998-04-03;+4917641128684;;alvin.burck@gmail.com;;nein;1d8KHuG81w4tLiGyzpJJ;Blessing
G375;2;Bürck;Alvin-Karl;;1998-04-03;+4917641128684;;;Bad Urach;nein;hgNWsD114zE5TaS5f2dU;Blessing
G376;2;Rückle;Joachim;;1967-07-28;;+497111656267;;Tübingen;nein;1dyjYSLVna2x0xsFH30C;Blessing
G376;2;Rückle;Joachim;;1967-07-28;+4915201946840;;joachimrueckle@gmx.de;;nein;EagHkl7WJCExJokxpaaC;Blessing
G377;2;Koch;Michael;;1991-06-05;+4915752106432;;michael_koch_pfullingen@web.de;;nein;1eBUvUOue4YnCqK72K04;Blessing
G377;2;Koch;Michael;;1991-06-05;;;;Pfullingen;nein;KEhg1tdHR9OoEmiXPz3P;Blessing
G378;2;Mayer;Gabriele;;1958-01-21;;+497121929263;mayergh@yahoo.com;Reutlingen;nein;7DoKNFDUb07PMn8BzOXA;Blessing
G378;2;Mayer;Katrielle;;;+497121929263;;;;nein;1eexRmuCiCJu0d49ruxG;Blessing
G379;2;Früh;Wilhelm;;-306892800000;;;;;nein;1en8uYsDwgMUfj724Jz2;Blessing
G379;2;Früh;Wilhelm;;-306892800000;+491751846429;+49712718915;wilhelm.frueh@googlemail.com;Neckartenzlingen;ja;h6M1NITekuh2fTvAfvKT;Blessing
G380;2;Klass;Brunhilde;;-970963200000;+4915121514784;07022-62613;bruni.klass@t-online.de;;ja;1gftG5xC7d9DA5Owqpij;Blessing
G380;2;Klass;Brunhilde;;1939-03-27;+491603503737;+49702262613;bruni.klass@t-online.de;Nürtingen;nein;zfGxluv1zJfviHR1NMcz;Blessing
G381;2;Nussbaum;Renate;;-255830400000;;;;;nein;1uJ2l4M92yXngRDbs0cS;Blessing
G381;2;Nußbaum;Renate;;1961-11-23;;;;Reutlingen;nein;1gzfYYYB24dKJJ0YofjH;Blessing
G382;2;Stahl;Josefine;;;+49 15566 275047;;josefine.j.stahl@gmail.com;;ja;1hDJPjefQU9bSKOk06IQ;Blessing
G382;2;Stahl;Josefine Jasmin;;1989-06-14;+4915566275047;;josefine.j.stahl@gmail.com;Kusterdingen;nein;iLKMPr3LQ7MyB4hQKGzL;Blessing
G383;2;Lotzmann;Eleen;;2009-09-22;+491735635609;;;Reutlingen;nein;1hO4oYthq9HWL2BPVluH;Blessing
G383;2;Lotzmann;Eleen;;2009-09-22;+491733626733;;ml1706@meine.mail.de;Reutlingen;nein;5zqglqKNaAkKn9YEgENq;Blessing
G384;2;Demir;Buket;;2001-01-01;+4917642750954;;buketdmr01@icloud.com;Reutlingen;nein;1hfoTbNJyHd5RruNqSXX;Blessing
G384;2;Demir;Buket;;2001-01-01;+491631468977;;;Reutlingen;nein;GIzP2mVH00qUWJZ0UfvQ;Blessing
G385;2;Lauer;Erwin;;1962-04-24;;+497121321344;;Reutlingen;nein;1iAtDI5sAWEvb4BIaPmR;Blessing
G385;2;Lauer;Erwin;;;+497121321344;;erwinmine@web.de;;ja;cBTGONoN1Bavioh2oiKL;Blessing
G386;2;Ruckwied;Doris;;-896486400000;;+49707134148;irene.bader@gmx.net;Kusterdingen;nein;1iKj4iWCl3d3sq4OyI62;Blessing
G386;2;Ruckwied;Doris;;1941-08-05;;+49707134148;;Kusterdingen;nein;ueR9rC6cHII99BoCUzXU;Blessing
G387;2;Kaurig;Wilfried;;1942-07-15;+4915779804279;+49712187174;wilfried.kaurig@t-online.de;;nein;1iawXp2vDBMvA3dBcbp9;Blessing
G387;2;Kaurig;Wilfried;;1942-07-15;;+49712187174;;Eningen;nein;n75vhNUF3jD6a5QcLMZp;Blessing
G388;2;Siegle;Hanna;;2018-01-07;;+497123943425;;Metzingen;nein;1idxihbZWuQOEhMBWhUZ;Blessing
G388;2;siegle;hannah;;2018-01-07;;;;;nein;2jv868QIYLTWIvTBfNj7;Blessing
G389;2;Weise;Elfriede;;-1048809600000;;+497121503534;;Reutlingen;nein;QapEkWabHdH5IzUG2yLZ;Blessing
G389;2;Weiße;elfride;;1936-10-07;;503534;;;nein;1imyYfxvu5MH8hTUuP8h;Blessing
G390;2;Ramisch;Regina;;1973-12-26;+4915902176889;+4971215149595;regina.ramisch@web.de;Reutlingen;nein;ctwK4qmuQXH34gmnWQbX;Blessing
G390;2;Ramisch;Reglna;;;+4915902176889;;regina.ramisch@web.de;;ja;1jJWk4c7PHoK1n13EjAp;Blessing
G391;2;Rong;Malte;;1997-08-10;+4915734921806;;malte-rong@gmx.de;;nein;1lrVZqVZDjV4FY7BGRTS;Blessing
G391;2;Ronge;Malte;;1997-08-10;+4915734921806;;;Tübimgen;nein;6YjKinU5GpKhifcGTG5J;Blessing
G392;2;Meder;Julia;;1991-06-12;+4915731622092;;;Neufra;nein;1mWLlWzY2mOXrnajqCkv;Blessing
G392;2;Meder;Julia Andrea;;1991-06-12;+4915731622092;;jule0612@mail.com;Neufra;nein;2d175uLUrOkVzV1DOHIa;Blessing
G393;2;Badawae;Apia;;2003-04-26;+4915217993441;;;;nein;8ZMdSVPYfU6a4KY8ysts;Blessing
G393;2;Badawee;Atia;;2003-04-26;+4915217993441;;;Reutlingen;nein;1nMK6qy44jbZuFo0Abjt;Blessing
G394;2;Cicek;Ünal;;1985-05-01;+491629753992;;uenal_cicek@web.de;;nein;1nTyEvqk7yigysdoZv9t;Blessing
G394;2;Cicek;Ünal;;1985-05-01;509685;1364030;uenal-cicek@web.de;Reutlingen;nein;IBSPCFQXMCbU8XiJ5Ff0;Blessing
G395;2;Speidel;Steffi;;1968-05-15;+4916095630260;;;Reutlingen;nein;1nzD5gyWTJIs8i7XkFgT;Blessing
G395;2;Speidel;Steffi;;1968-05-15;+491732830843;;steffi.speidel@gmx.de;Reutlingen;nein;CvefCmU5pUv1puxdd5ay;Blessing
G396;2;Schönle;Laura;;1994-09-04;+4915788321722;;lauraschoenle@web.de;;nein;1pKWmsCS3ikzUqghqeXX;Blessing
G396;2;Schönle;Laura Nicole;;1994-09-04;+4915788321722;;;Tübingen;nein;c9dh4kM1GiymqO70i4oS;Blessing
G397;2;Schranz;Alessandra;;2000-05-19;+491782138084;+495209755302;as@globalvip.net;;nein;DlOmWTvRQCjH2eiMYQVs;Blessing
G397;2;Schranz;Alessandra Camilla;;2000-05-19;+491782138084;;;Münsingen;nein;1pfkzTuLMiQr2kJoleZb;Blessing
G398;2;Streit;Gudrun;;1963-02-02;+4915123506952;;;Pliezhausen;nein;1q0uPS7H98PfiUbkKCVV;Blessing
G398;2;Streit;Gutrun;;1963-02-02;+4915123506952;;;;nein;DS1cKKJ1Ru5YtarOZd9g;Blessing
G399;2;De Sutter;Marcel;;1995-12-26;+4915736135048;;info.marcel.desutter@gmail.com;;nein;1qDP0UK0l4thxbArnCZL;Blessing
G399;2;Sutter;Marcel;;1995-12-26;+4915736135048;;;Reutlingen;nein;VKLT1QcT5BTVJ5OByXOy;Blessing
G400;2;Hamdi;Amira;;1998-06-08;;;;Göppingen;nein;1rhID8wpG7cqJqklPxQL;Blessing
G400;2;Hamdi;Amira;;1998-06-08;+4917664962336;;hamdiamira049@gmail.com;Göppingen;nein;ATfcwmoKlqTDeXI0lOp8;Blessing
G401;2;Walker;Elke;;1958-08-28;;+49712117366;elke-walker@gmx.de;;nein;1roFeH7AIorOxKRVtpRF;Blessing
G401;2;Walker;Elke;;1958-08-28;;;;Reutlingen;nein;3zIicLviNpKQJLjqzEum;Blessing
G402;2;Kosmitzki;Sabine;;1967-11-16;+4915232091548;;sabinekosmitzki@gmail.com;;nein;1rrIEsuCFYVjk9y76kKb;Blessing
G402;2;Kosmitzki;Sabine;;1967-11-16;;+497127948123;;Reutlingen;nein;H00mznQf4iwK47QrvLu5;Blessing
G403;2;Wuest;Gerhard;;1953-03-07;+491738488284;346260;;Lichtenstein;nein;jmpdtnn09hB60Gjeqcp1;Blessing
G403;2;Wüst;Gerhard Jürgen;;1953-03-07;+491738488284;;wuest-reutlingen@t-online.de;Lichtenstein (Württemberg);nein;1sHkeYQZK54V4tgIDjCR;Blessing
G404;2;Graf;Emelie;;2010-04-07;;+497385965476;;Gomadingen;nein;1t9VEU27axgDhwJHye8k;Blessing
G404;2;graf;emelie;;2010-04-07;+491631340880;;siena.by.train@web.de;;nein;r5byKRbhJsNBjkqXLZW4;Blessing
G405;2;Wagner;Luca;;1304380800000;+491606336601;;rosanna.wagner@gmx.de;;ja;1tf0BUC1Q8buo2yfEULQ;Blessing
G405;2;Wagner;Luca;;2011-05-03;+491751816279;;rosanna.wagner@gmx.de;Pliezhausen;nein;KYmxTkfd70DDLJgvQCJo;Blessing
G406;2;Grützner;Uwe;;1966-12-19;;+497121239294;u.gruetzner@t-online.de;Reutlingen;nein;1uhShFOH832fZ1VciKEx;Blessing
G406;2;grützner;uwe;;1966-12-19;;+497121239394;;;nein;Lv9nC4Hxfk6unEPusCNE;Blessing
G407;2;Goetz;Irmgard;;1937-06-05;;;;Reutlingen;nein;SZ0FIGW9k9iST6ZCRRcW;Blessing
G407;2;Götz;Irmgard;;1937-06-05;;;;Reutlingen;nein;1uiGypNrgeO4KVuVckfo;Blessing
G408;2;Schurig;Norina;;2001-04-30;+4917645179447;;nschurig@outlook.de;;nein;yO3nkjKLSQEY8T6F6dql;Blessing
G408;2;Sthulig;Norina;;;+4917645179447;;;;ja;1vNi8DSlUzBlCpgA8mHm;Blessing
G409;2;Maric;Novak;;2014-11-09;+4915902177973;;;Reutlingen;nein;r7ZOWAUv4nEqpMLgS5pD;Blessing
G409;2;Mariz;Nowak;;1415491200000;;;;;nein;1vsCHbpVcHFagbsxpKY5;Blessing
G410;2;Ott;Annerose;;1964-11-01;;+4971244161;annerose-ott@web.de;Trochtelfingen;nein;1xK1sD82fQ4OjsNj6Vl1;Blessing
G410;2;Ott;Annerose;;1964-11-01;+4916093591515;;annerose-ott@web.de;;nein;QL7ExrqCC8xs9U1nptGP;Blessing
G411;2;Ott;Erik;;1998-01-10;+4915127097395;;;Reutlingen;nein;1xdYKEnNobjVn5lwf2WY;Blessing
G411;2;Ott;Erik;;1998-01-10;+4915127097395;;eriko0198@googlemail.com;Riederich;nein;Uvj5TgqvlvVqXVYjcERK;Blessing
G412;2;Süre;Necla;;1987-01-25;+4915153912091;;necla.suere@gmail.com;Reutlingen;nein;1y7UnjdkwxtZAN69AWvp;Blessing
G412;2;SÜRE;NECLA;;1987-01-25;+4915153912091;;;;nein;wEY7n3ZnbgoEnC1RG15z;Blessing
G413;2;Schröder;Philipp;;2013-02-08;+491726859761;;;Reutlingen;nein;1yGGqrxkFHEJJYVu1s42;Blessing
G413;2;Schröder;Philipp;;2013-02-08;+491726859761;;ioulia-schroeder@freenet.de;Reutlingen;nein;kv8qhxUhCV0lEdkK9Sbt;Blessing
G414;2;Weise;Petra;;1969-05-17;+491713282855;;;Reutlingen;nein;1zOg0bUMMmjsiKbuJro0;Blessing
G414;2;weise;petra;;;+491713282855;320338;;;nein;lFR4S9CjVwExSBGBnbG6;Blessing
G415;2;Yildirim;Mira;;2016-10-07;+491578831863;;;Reutlingen;nein;1zkVY4LlMThIF8C7BcdJ;Blessing
G415;2;Yildirim;Mira;;2016-10-07;+4915788318763;;dermapunkt@gmx.de;;nein;n7gIJWTVQJPPQNL7VBp8;Blessing
G416;2;Mackala;Samantha;;926985600000;+491608151172;6970030;;Reutlingen;nein;20nFFIQjQ0SvcunVNJ0Q;Blessing
G416;2;Mackala;Samantha;;1999-05-18;+4915229961841;;sam.mck2@gmx.de;;nein;IBxea2glMY2WByUlYYSx;Blessing
G417;2;Schmid;Margarete;;1941-05-17;;73727;;Pfullingen;nein;211K1NQifNOx6BsLCmHp;Blessing
G417;2;Schmid;Margarete;;1941-05-17;;+49712173727;heide.eppler@t-online.de;Pfullingen;nein;gWLN7XjSDTyZaZVqpXqR;Blessing
G418;2;Schneider;Wolf-Dieter;;1953-08-03;+491778701408;;;;nein;23Qi00buNd4KDdKnNATY;Blessing
G418;2;Schneider;Wolf-Dieter;;1953-08-03;+491778701408;;;Reutlingen;nein;7vE9zYY6PKSMdmwmLscS;Blessing
G419;2;Donder;Maria Helene;;1963-08-27;+4915770456616;;marl.lene@gmx.de;;nein;uG3IuV1moyvxMqnevDxH;Blessing
G419;2;Donder;Maria-Helene;;1963-08-27;+4915770456616;;mar.lene@gmx.de;Nürtingen;nein;24IYFBFHffXmzGfsmvXi;Blessing
G420;2;robbelt;siegesmund;;1949-02-23;;+49712341192;;;nein;K8dBdRbjzYVd5ZdbJ4nf;Blessing
G420;2;Roppelt;Sigismund;;-658108800000;;+49712341192;;Metzingen;nein;24b9jNrmZjO4VF6enF0I;Blessing
G421;2;Pasiali;Georgia;;1985-05-12;+4916095141845;;;Reutlingen;nein;25qqciiEFWrOqWkXM60I;Blessing
G421;2;Pasiali;Georgia;;1985-05-12;+4917663642721;;georgia.pasiali@hotmail.de;;nein;Sek3NvCBkuPY261jHqbQ;Blessing
G422;2;Burgardt;Janna;;1979-06-30;;+4971239561869;janna.burgardt@web.de;Metzingen;nein;28BBlkdVWg433JSbrWhb;Blessing
G422;2;Burgardt;Janna;;1979-06-30;;;;Metzingen;nein;U0LD79uVZStJ00e9DL7O;Blessing
G423;2;Freigang;Janette;;1017187200000;+491728864822;;;;nein;T7HHg0H62yKcPHSYNAS7;Blessing
G423;2;Freigang;Jeanette Kaddy;;2002-03-27;+491728864822;678845;;Reutlingen;nein;28POeNxFRtiC4AdoKIMQ;Blessing
G424;2;Kamal-Hussein;Hala;;335059200000;;;;Reutlingen;nein;28w8DdyEYnIJSls6aeiu;Blessing
G424;2;Kamal-Hussein;Hala;;1980-08-14;+491723544582;;hala14kamal@gmail.com;Reutlingen;nein;ydcNPA5zTCWziMSMQGrt;Blessing
G425;2;Fink;Julia;;1993-05-08;;+4971211378714;juliamarx93@gmx.de;Reutlingen;nein;29mIbNumOjJTiOXhguXm;Blessing
G425;2;Fink;Julia;;1993-05-08;;580151;;Reutlingen;nein;HhwiLzADo5WEsPAopdAa;Blessing
G426;2;Werner;Renate;;1962-06-15;+4915753992923;;renatewerner62@web.de;;nein;29tG0fdndmRYRBXqEx30;Blessing
G426;2;Werner;Renate;;1962-06-15;;+49712788208;;Reutlingen;nein;VsWYzu2wSQINuwPAcCwi;Blessing
G427;2;Cardaci;Katia;;1993-10-22;+491733894919;;;Eislingen;nein;2ANm68VJ7lJ6Zg3f9S6M;Blessing
G427;2;Cardci;Katja;;1993-10-22;;;;;nein;ey1AkNXLF7nRBQI3bt07;Blessing
G428;2;Länge;Lara;;1999-03-05;+491773277322;;lara-laenge@web.de;;nein;2AO1gsSW39JYjN8cxopY;Blessing
G428;2;Länge;Lara Madeleine;;1999-03-05;;+4973825028;;Römerstein;nein;olySN4o5oVYXPsJpnvE6;Blessing
G429;2;SAKUR;ISABEL;;1994-10-07;+4915226070384;;;;nein;NvF7ezV4JzynXAiX4tg9;Blessing
G429;2;Sakur;Isabel Lucin;;1994-10-07;+4915226070384;;;Leinfelden-Echterdingen;nein;2APoozL1JgyWJm0EuLun;Blessing
G430;2;Ergün;Emel;;1973-09-22;+4917662457123;;emel.erguen@icloud.com;;nein;2BfZa4FP8B3P5ztrYYno;Blessing
G430;2;Ergün;Emel;;1973-09-22;+491736860681;;emel.erguen@icloud.com;Reutlingen;nein;k7zObe6yFZKpqeygNSmO;Blessing
G431;2;El- Khatib;Khalil;;1955-08-05;;+497123720612;;Dettingen;nein;2D4DIeq3OZ7fRwhBayTB;Blessing
G431;2;El-Khatib;Khalil;;1955-08-05;+491745399237;;;Reutlingen;nein;msn89OsPhmaQAESDLFw6;Blessing
G432;2;Bäuerle;Holger;;1968-06-06;;6227399;;Reutlingen;nein;2D5Kla5FsfQoUVrfX6qX;Blessing
G432;2;Bäuerle;Holger;;1968-06-06;+4917631150720;;info@holgii.de;Reutlingen;nein;YHIzNaAaG3dyfHIJ22XS;Blessing
G433;2;Briggs;Linda;;;+49 1522 8966156;;lindasuebriggs02@gmail.com;;ja;2DAqWBmJKce0rDISiHBE;Blessing
G433;2;Briggs;Linda-Sue;;1011225600000;+4915228966156;;lindasuebriggs02@gmail.com;Aichtal;ja;V4jmkfaLg24em6pF8buH;Blessing
G434;2;Schilling;Otto;;1938-12-14;;+4973825944;;Römerstein;nein;2DYIiX7wieCEQFD6Qi7Q;Blessing
G434;2;Schilling;Otto;;1938-12-14;;;;Römerstein;nein;qAdIfoxtQ5DI5Bl1IdJJ;Blessing
G435;2;CUtRUNEO;Fabio;;1980-11-08;;;;;nein;2Dk8VfDW5JnURxggoF6c;Blessing
G435;2;Cutruneo;Fabio;;1980-11-08;+491727157816;+4970712977676;;Bempflingen;nein;oHc1cOdHFBtawKCMDUDs;Blessing
G436;2;Striebel;Ute;;-306547200000;+491727382275;;striebelute@gmail.com;;ja;2DmMZmWMYCFGXN4OEWyw;Blessing
G436;2;Striebel;Ute;;1960-04-15;;+497127972444;striebelute@gmail.com;Pliezhausen;nein;Yrn9fHvMhQnuBeVswp9P;Blessing
G437;2;Eissler-Knauf;Agnes;;-410227200000;+491719455996;578948;;Reutlingen;ja;2ERsoS8A7morRA64zwQD;Blessing
G437;2;Eissler-Knauf;Agnes;;1957-01-01;;+497121578948;eissler-knauf@t-online.de;;nein;5KOaERq905fLRfuEsAh5;Blessing
G438;2;Knura;Lenny;;2009-08-14;+4915233902229;;martination@web.de;;nein;2Ev4AT0U0lQlgbGoqPi9;Blessing
G438;2;Knura;Lenny Wolf;;2009-08-14;+4915772060721;;;Pliezhausen;nein;eMw8AALZB92Y4SmVv3Fx;Blessing
G439;2;Digel;Gabriele;;1955-05-12;;61683;;Reutlingen;nein;2FlIZJyfzTb2D3ZfuN7f;Blessing
G439;2;Digel;Gabriele;;1955-05-12;;+49712161683;edigel@t-online.de;;nein;kmyApr5yVQtFSsCVlbMo;Blessing
G440;2;Lumpp;Lara;;814406400000;;;;Wannweil;nein;2HE3kp5VoBDXls65G2WB;Blessing
G440;2;Lumpp;Lara;;1995-10-23;+4915757346922;;lara.lumpp@gmx.de;;nein;zNaejhdb9MMl2ASpJPb4;Blessing
G441;2;Merkel;Kirsten;;1967-03-25;;+497128304644;;Reutlingen;nein;2HEd1kQnsFrhrcUmkkbP;Blessing
G441;2;Merkel;Kirsten;;1967-03-25;+4915788959375;;kirstenmerkel@web.de;;nein;SaEH4uQMXPZZZhKqt6wq;Blessing
G442;2;Mohamed;Mirjam;;1985-05-18;+491712809727;;mirjam.mohamed@gmx.de;Stuttgart;nein;f2eSuEb5MGzTQ2oxeCGN;Blessing
G442;2;mohmed;miriam;;1985-05-18;+491713809727;;;;nein;2HiEgaDXYRZ4tCPCoW82;Blessing
G443;2;Rosik;Johannes;;1937-03-01;;24465;;Reutlingen;nein;2ISn8Hcp4i1YU6oRu4vS;Blessing
G443;2;Rosik;Johannes;;1937-03-01;;+49712122305;danjasaalbach@gmail.com;Reutlingen;nein;Wofivp1sGSUkVAouWZkM;Blessing
G444;2;Hulder;Fritz;;;+497121290178;;;;nein;2IbmLwBRg5k3NdasAGVs;Blessing
G444;2;Older;Fritz;;;+497121290178;;;;nein;33lxrUpqw1TCt2qFc7Pc;Blessing
G445;2;Walz;Leticia Melania;;2004-09-05;;;;Neckartailfingen;nein;2JKJKEcRRJLjo1OUANh0;Blessing
G445;2;Walz;Letizia;;2004-09-05;;;;;nein;HeERc8ol5kJhgWAQSDqD;Blessing
G446;2;Becker;Rudolf;;-575164800000;+491786671521;;rudibeckerrt@gmail.com;;ja;2L9SprmtL6dBBcN7uYa1;Blessing
G446;2;Becker;Rudolf;;1951-10-11;+491786671521;21843;rudibeckerrt@gmail.com;Reutlingen;nein;TmUO8SAI3G28O8z0pCkl;Blessing
G447;2;Maier;Katharina;;2000-05-18;+4917680772388;;katharina.maier12@gmail.com;;nein;2LDijPCcpbM77qkT9kiL;Blessing
G447;2;Maier;Katharina Deborah;;2000-05-18;+4917680772388;;;Neuffen;nein;nzsIKvKZANtm8dwQ5mFJ;Blessing
G448;2;Schmidt;Albert;;;;+4971258972;;;nein;2MQC4ITxjf5VnLRAQy91;Blessing
G448;2;Schmidt;Albert;;1964-01-09;;+4971258972;;Bad Urach;nein;Qj9VIfJvNfyjiXVr91mf;Blessing
G449;2;Ullrich;Amira;;874540800000;+4915772877475;;;;ja;oPBsv7Wv6ddIkCHpVhCi;Blessing
G449;2;Ulrich;Amira;;874540800000;;;;;nein;2MpEL2NgGqAKSlbk2nOj;Blessing
G450;2;Mustafi;Elida;;203299200000;+4915779802359;+497025846239;;Neuffen;ja;2NBgfCbn4U47xcof1K5e;Blessing
G450;2;Mustavi;Elida;;1976-06-11;;+497025840239;;;nein;EnCfsYc0atQdZZdp7cFg;Blessing
G451;2;KEHRER;MAX;;;+4915227932641;;;;nein;CSD0NVlbEmu8eDOIAF41;Blessing
G451;2;Kehrer;Max Johannes;;2001-08-26;+4915227932641;;;Metzingen;nein;2Naz30o4fG3hMX8b7KdT;Blessing
G452;2;Ebert;Elja;;520992000000;;+497558204;;Reutlingen;nein;2Ndii7NqdiCjSAiRLpFK;Blessing
G452;2;Ebert;Elja;;1986-07-06;;+4971217558204;eljaebert@gmail.com;;nein;wH121qTUrk9Xk0PpRkU7;Blessing
G453;2;Rein;Jürgen;;-177984000000;+491607513936;;;;ja;2Nl9NtwEtJK3jZsfnaEh;Blessing
G453;2;rein;Jürgen;;-177984000000;+4901607513936;;;;ja;vXQaZypZcx66sQCcv5gw;Blessing
G454;2;Glück;Lilly;;;+4915777008533;;glucklilly@gmail.com;;ja;2NsjyOol47VRY04tQz1R;Blessing
G454;2;Glück;Lilly Lotta;;1017360000000;+4915777008533;+497387984019;glucklilly@gmail.com;Hohenstein;ja;xi5dO7ufmYAvOIrEqhOc;Blessing
G455;2;Pfeiffer;Laini;;;+497025843725;;;;nein;2Nv8rR22Qs5s9n6KpvQw;Blessing
G455;2;Pfeiffer;Leni Marie;;2015-09-22;;+497025843725;;Kohlberg;nein;rSFcBEgwLeIr6rZduU9q;Blessing
G456;2;Sahin;Semih;;1085875200000;+491739135645;;semih.sahin0435@gmail.com;;ja;2OUqwlaNZiBbJ51Tfd4T;Blessing
G456;2;Sahin;Semih;;2004-05-30;+4917645771656;;;Pforzheim;nein;evCdeguedEeUGOkNIQBN;Blessing
G457;2;Nicolae;Liliana;;1987-07-30;+4915141398894;;lilianacatalinanicolae@yahoo.com;;nein;2OqoePTtN1OBsD4QxzGW;Blessing
G457;2;Nicolae;Liliana-Catalina;;554601600000;+4915141398894;;lilianacatalinanicolae@yahoo.com;Reutlingen;nein;FHbpY9k5Fp0Il84HbHri;Blessing
G458;2;Kuhnle;Charlotte;;2019-01-30;;+49171211360706;;;nein;2Ot2fkBEK9Tz6JnCQn5U;Blessing
G458;2;Kuhnle;Charlotte Marlies;;2019-01-30;+4917682157866;+4971211360706;;Reutlingen;nein;z7k40Ox0JdisrRTAQ4HP;Blessing
G459;2;Cutruneo;Ilemia;;;+491623816095;;;;nein;2P0nJ1Fm9Xj7nOrqBRjq;Blessing
G459;2;Cutruneo;Ilenia;;1985-08-10;+491623816095;;;Metzingen;nein;h4st015yrZXb7iGU87x5;Blessing
G460;2;Wagner;Claus;;1969-01-19;+491797749897;;wagnere66@gmail.com;Pfullingen;nein;2PvqOv4XsgY9G9OzYY3O;Blessing
G460;2;Wagner;Claus;;1969-01-19;+491797749807;;;Pfullingen;nein;mXXddSaGA5Fa1JQsNJPl;Blessing
G461;2;Werz;Hartmut;;1956-06-21;;+4971223286;;St. Johann;nein;2QU0L8jAUcw2TTSTceQV;Blessing
G461;2;Werz;Hartmut;;1956-06-21;+4915223036848;;hartmut-werz@t-online.de;St. Johann;nein;laAOPMQJvmxV1SXlDKEi;Blessing
G462;2;Leibfarth;Irene;;106790400000;+4917620064555;;gleibfarth@gmx.de;;ja;2R75uyT05Oyk9N3m32bw;Blessing
G462;2;Leibfarth;Irene;;1973-05-21;;+4971234412;;Metzingen;nein;STWWeFYnuLvwyIj4GjMI;Blessing
G463;2;Hartmann;Klara;;1961-04-11;;+4971190414720;;Reutlingen;nein;2SA9pAjnfBFW4Pl7EwcK;Blessing
G463;2;Hartmann;Klara;;1961-04-11;;+497121139215;klara.hartmann@web.de;;nein;5LvWpR9lXvCQVkgPR6IU;Blessing
G464;2;Jakob;Petra;;1966-02-24;;+497127814876;;Pliezhausen;nein;2SyKWpCLJD34mXkDxrT5;Blessing
G464;2;Jakob;Petra;;1966-02-24;;+497127814876;;Pliezhausen;nein;ympYuBM4XlohtIOSDiSr;Blessing
G465;2;rizz;giuseppe;;2003-07-28;+4915225122108;;;;nein;7UfQgyOTUbZNtPIj2aBm;Blessing
G465;2;Rizzo;Giuseppe;;2003-07-28;+4915225122108;;;Bad Urach;nein;2T0AKBhbSEOAsuNZCFgV;Blessing
G466;2;Georgijevski;Denis;;2001-05-14;;621772;;Reutlingen;nein;2TF0zNGFnOyodlKYqDYG;Blessing
G466;2;Georgijevski;Denis;;2001-05-14;+4917657925667;;denigeorg@gmail.com;;nein;l3Inol31DhetI3uB8u9R;Blessing
G467;2;Walter;Elsbeth;;1956-02-19;+4915756188526;;elsbeth-walter@web.de;;nein;2TQgy7aEd1xphqPMpX5F;Blessing
G467;2;Walter;Elsbeth;;1956-02-19;+4915756722526;;;;nein;eAXiLlik0Z00I3obFj9J;Blessing
G468;2;Müller;Monika;;-588297600000;;;;;nein;2V8LgZ1gQvayKmppmMB4;Blessing
G468;2;Müller;Monika;;1951-05-12;+491799423109;;monispost51@gmail.com;Reutlingen;nein;AeTpgxPXKHkX31J2RY8j;Blessing
G469;2;Böffgen;Phil;;;+49 177 2353410;;boeffgenph@gmx.de;;ja;2VQbzoGTDbsIcPRaCg0i;Blessing
G469;2;Böffgen;Phil;;961286400000;+4915775058758;;boeffgenph@gmx.de;Köngen;ja;ifoMFOpEgg1tVFxLp7Rx;Blessing
G470;2;Brkic;Sonja;;1985-08-21;+491783526982;;sonja@holzmueller.net;;nein;2WtJMeByLyFJ2P7fT4fr;Blessing
G470;2;Brkic;Sonja;;1985-08-21;+491783526982;;sonja@holzmueller.net;Reutlingen;nein;3LiEBXvj3ONmtakRdHTA;Blessing
G471;2;Burkhart;Gabriele;;;+49 170 7327625;;gabrieleburkhart@t-online.de;;ja;2XNZF1Bb25sDWrHADJEo;Blessing
G471;2;Burkhart;Gabriele;;1956-12-09;;+49712147396;gabrieleburkhart@t-online.de;Reutlingen;nein;9fxAUaLz7P08UfkFZYq4;Blessing
G472;2;pötter;gina;;2000-10-07;;;;;nein;aZJ2v0UQvdBd7Unm73KD;Blessing
G472;2;Pötter;Gina-Maria;;2000-10-07;+491783186092;;;Reutlingen;nein;2XZSfu52j5raY6kqRWhY;Blessing
G473;2;Kundic;Agneza;;1941-10-08;;;;Reutlingen;nein;2Xzv6nFkCpY6zDK92Qqj;Blessing
G473;2;Kundic;Agneza;;1941-10-08;;;;Reutlingen;nein;N9tibXdO9JA3rExgNkVD;Blessing
G474;2;Kissner;Aleyna;;1999-07-02;+4917664827713;;;;nein;2ZRI2YfYkRVMHSnGBlD6;Blessing
G474;2;Kistner;Alena;;1999-07-02;+4917664827713;;alena.kistner@web.de;Metzingen;nein;e0EOvHuthtGFE8MrOLSD;Blessing
G475;2;Franziano;Maria Concetta;;146793600000;+491728321515;;;;ja;OxFPfcjuumOJpPoyvJH7;Blessing
G475;2;Fraziano;Maria Concetta;;1974-08-27;+491728321515;;fraziano.concetta@web.de;Metzingen;nein;2Zy0F9wRmT4MDqqP0rlC;Blessing
G476;2;Eminaj;Fllonza;;1992-08-14;+4917641179525;;;Albstadt;nein;2aeDSfdOyzIZWAqJnKaM;Blessing
G476;2;eminaj;sllonza;;1992-08-14;;;;;nein;VssAElJZhWqPoSO5NSrF;Blessing
G477;2;Gunsser;Sibylle;;1941-06-28;;29454;;Reutlingen;nein;2b97DOwNKwGYUlpOLy57;Blessing
G477;2;Gunsser;Silylle;;1941-06-28;;;;;nein;HENGtbVdU2FPVDTCV944;Blessing
G478;2;Manz;Silke;;1988-12-02;+4917697925666;;;Pliezhausen;nein;2baXUWzG9PuOG6iMw451;Blessing
G478;2;Manz;Silke;;;+4917697925666;;;;nein;AxYY1hb359T9bjlBX1bM;Blessing
G479;2;raoschnling;mina;;1962-02-01;+4915224863221;;;;nein;fyQP4Vpody06kA7TyyiF;Blessing
G479;2;Rauschning;Nina;;1962-02-01;+4915224863221;;nadeschda-nina@web.de;Reutlingen;nein;2bod07cjVsnYGSOaLycL;Blessing
G480;2;kechele;heike;;;+491734747546;;;;nein;OyTnFQck50bm0fM6I9zb;Blessing
G480;2;Kächele;Heike;;1966-04-18;+491734747546;+4973813534;heike.kaechele@kabelbw.de;Bad Urach;nein;2d0B7CHpsM47cveDStCT;Blessing
G481;2;Lobinger;Elisabeth;;1941-09-07;;+497123200016;elisabeth.lobinger@web.de;;nein;2eaKRREEn9VHX3RrVqLX;Blessing
G481;2;Lobinger;Elisabeth;;1941-09-07;+491709351693;;julia.lourenco@gmx.de;Metzingen, Württ;nein;2yZzyuq6NSpAzWYjhC0Y;Blessing
G482;2;Reichert;Matthias;;1977-06-20;+4917623690012;;reichert77@outlook.de;Köngen;nein;2hdFP67rxgMETls3LvjZ;Blessing
G482;2;Reichert;Matthias;;1977-06-20;+4917623690012;;reichert77@outlook.de;Köngen;nein;9LsuYFgcAWI8NNjnp8F8;Blessing
G483;2;Brodbeck;Marco;;910915200000;+4917641778704;;marco.brodbeck@web.de;Reutlingen;ja;2icG8MalKNFUEUxIYbYG;Blessing
G483;2;Brodbeck;Marco;;1998-11-13;+4917641778704;;marco.brodbeck@web.de;Reutlingen;nein;DyKamnHcrxQ8AhPdlrOY;Blessing
G484;2;Friess;Susanne;;1963-02-18;;70184301;susanne.friess@ksk-reutlingen.de;Reutlingen;nein;2j8GTxrVRIJu0e4b4uxM;Blessing
G484;2;Friess;Susanne;;1963-02-18;+491712993117;;susanne.friess@gmx.de;Reutlingen;nein;ahnPhcsLyx5BNguz9cjF;Blessing
G485;2;Braster;Sabine;;1962-10-27;;+49712315064;braster-kappis@t-online.de;Neuffen;nein;2jHIJyIQMME5rEquIQFa;Blessing
G485;2;Draster;Sabine;;1962-10-27;;+49712315064;;;nein;dpVbNaCAYFBZzg9svMeJ;Blessing
G486;2;Betschinger;Gudrun;;1954-05-10;+4917620803004;;guma.betschinger@gmx.de;;nein;2ltCq0BWtGNORRJdDTGY;Blessing
G486;2;Betschinger;Gudrun;;1954-05-10;+4917623328637;+4971295075;guma.betschinger@gmx.de;Lichtenstein;nein;yuGxu5Q0l2obNiE8Fs7A;Blessing
G487;2;Schmerbach;Daniel;;1988-03-12;+491794398861;;d.schmerbach@gmail.com;;nein;2mLC5fQXk1edfuUoI7Xj;Blessing
G487;2;Schmerbach;Daniel;;1988-03-12;+491794395561;506728;;Reutlingen;nein;jB6VqiBTmskM8znNMDnn;Blessing
G488;2;blankemhorn;oliver;;1981-02-27;+491733432311;;;;nein;2mOcyviaWpybxkeU5WRI;Blessing
G488;2;Blankenhorn;Oliver;;1981-02-27;+491733432311;;;St. Johann;nein;rqMDyFSI8RMYPJpysXsk;Blessing
G489;2;Müller;Ulrike;;1971-07-01;+4915754052379;;ulmanibe.mueller@t-online.de;Altdorf;nein;2nOCSqshe9lqTRh6Rnjw;Blessing
G489;2;Müller;Ulrike;;1971-07-01;;+497127580704;;Altdorf;nein;fuhvYM5AukaxvgIltaLX;Blessing
G490;2;Hömske;Ina;;1975-11-28;+491605830410;+49715764575;r.hoemske@t-online.de;Weil im Schönbuch;nein;2oIwGDbwlSf2CYVYtJAB;Blessing
G490;2;Hömske;Ina;;1975-11-28;+491605830410;;r.hoemske@t-online.de;Weil im Schönbuch;nein;wZWHAm73Q8bkVl2Fq84z;Blessing
G491;2;Fischer;Karin;;1953-10-11;;+49712331020;;Grafenberg;nein;2oqCdEqLHDO6aAfIoUl8;Blessing
G491;2;Fischer;Karin;;1953-10-11;+491711509241;;mkfischer@t-online.de;;nein;v6OR5aZmSGDiSyDgsjHH;Blessing
G492;2;Bayer;Ina;;1997-10-16;+4915774472282;;ina.gramenske@gmx.de;Pfronstetten;nein;2pXUalq4NezH3DF1XXi4;Blessing
G492;2;Bayer;Ina;;1997-10-16;+4915774472282;;ina.gramenske@gmx.de;;nein;dLCYwS6MhiOmD25gomgs;Blessing
G493;2;Sautter;Ulrike;;1954-10-21;+4915159103966;;usat@gmx.de;Eningen;nein;2qmsPWDiaSf9Xf40teTC;Blessing
G493;2;Sautter;Ulrike;;1954-10-21;;+491519103966;;Eningen;nein;oUMSSG57Xx9BVtkkYWxp;Blessing
G494;2;Meierhöfer;Benedikt;;1992-02-29;+491795007044;;benedikt.alexander.meierhoefer@gmail.com;;nein;2rN0BH0FkpeCTkVIMSzs;Blessing
G494;2;Meierhöfer;Benedikt;;1992-02-29;+491795007044;;;Mössingen;nein;NlfwhSxB6yixWqvCp9gI;Blessing
G495;2;Reiff;Leon;;1327276800000;+4916099184870;;hurgele@web.de;Reutlingen;ja;2s2UAUoPOWspA1CmwDJA;Blessing
G495;2;Reiff;Leon;;1327276800000;+491711900906;;;;nein;oKNle56EBsr7Nfb0iMcx;Blessing
G496;2;Sarkar;Rosmarie;;-888969600000;+491786898710;;;Aichtal;ja;2s2YsbL3c6e8Q0og5T59;Blessing
G496;2;Sarkar;Rosmarie;;-888969600000;+491738394685;;rosmariesarkar@gmail.com;;ja;ByTUR5QfNiMJA6U73eE7;Blessing
G497;2;Mandaroux;Jennifer;;;+49 176 31277354;;jennifer.mandaroux@gmx.de;;ja;2shMGg2beJtqYMD77TbQ;Blessing
G497;2;Mandaroux;Jennifer;;1980-12-08;;+497121742050;jennifer.mandaroux@gmx.de;Reutlingen;nein;rZjgQ5UAwjcsRGPxCLCT;Blessing
G498;2;Kristofic;Robert;;240796800000;+491738295937;;robi-77@web.de;Wannweil;ja;2tIMafxhTfyXMcEtoO0s;Blessing
G498;2;Kristofic;Robert;;1977-08-19;+49173295937;;;Wannweil;nein;L2yROWSH6lRiinPABD8a;Blessing
G499;2;Leibfritz;Annika;;1995-08-19;;+4971282939;;Pfullingen;nein;2tT4ND0OseaZLTxXsU5r;Blessing
G499;2;Leibfritz;Annika;;1995-08-19;+491704640135;;annika.leibfritz@gmx.de;;nein;qxCvvPnZ5YUMiAbPzikI;Blessing
G500;2;Fischer;Jan;;1980-11-15;+4915782811861;;;Reutlingen;nein;2u11Fd9Q3EkwAtZNUmgG;Blessing
G500;2;Fischer;Jan;;;+4915782811861;;;;nein;kqfWUDDc0wZLZMitEi7T;Blessing
G501;2;Fauss;Ilona;;-221788800000;+4915203286011;621200;;Reutlingen;ja;2u4wZIdFDXxa0ge5ZnBT;Blessing
G501;2;Fauß;Ilona;;1962-12-22;;+497121621200;ilona.fauss@online.de;;nein;KN4bY7g3Y32EB0uhh3JZ;Blessing
G502;2;Wobus;Josefa;;;+49702248216;;;;nein;uKaGRFe3dPTVmiJ6D0Ly;Blessing
G502;2;Worpus;Josefa;;1936-11-17;;+49702248216;;Großbettlingen;nein;2uiSgP3IcLgytwUkiDlq;Blessing
G503;2;Schmid;Georg Alexander;;2003-07-13;+4916099467650;+49707151628;;Tübingen;nein;2w92k6Mv3alATYpjswtJ;Blessing
G503;2;Schmid;Georg Alexander;;2003-07-13;;;;Freiburg;nein;lAbAYu3rPVm0blXWFX5Z;Blessing
G504;2;Finkbeiner;Edwin;;1955-03-20;;;;Reutlingen;nein;2y3dvkzGDZRxlwdkm5EI;Blessing
G504;2;Finkbeiner;Edwin;;1955-03-20;;+49712166923;ede55@web.de;;nein;3mtL43F6RDUiGA3MyjYJ;Blessing
G505;2;Flohr;Hilde;;1940-08-30;;66655;;Reutlingen;nein;2yk7N4B9xxuBcbIyRK2N;Blessing
G505;2;Flohr;Hilde;;1940-08-30;;+49712166655;klaus.szemkus1@gmail.com;Reutlingen;nein;6ehHT32Pa9NoibOIS9Oh;Blessing
G506;2;Kralik;Dana;;1948-02-27;;+49712125451;dana_ka@hotmail.com;Reutlingen;nein;2zd66GbW2VUV4YDQt4wn;Blessing
G506;2;Kralik;Dana;;1948-02-27;;+49712125451;dana_ka@hotmail.com;Betzingen;nein;MZLomPrArCGLi9SMOLdZ;Blessing
G507;2;Kurz;Angelika;;1949-09-24;+491717020344;;geli-kurz@web.de;Reutlingen;nein;2zrE3EtmWayfaGQ20TYq;Blessing
G507;2;Kurz;Angelika;;1949-09-24;;+49309236;;Reutlingen;nein;halunqIbTMIa41Zx0Qel;Blessing
G508;2;Seybold;Iris;;1981-06-13;+491797028401;;;Reutlingen;nein;31YZZkx7qGTrYTlgdmjx;Blessing
G508;2;Seybold;Iris;;1981-06-13;+491797028401;;seyboldrsa@yahoo.de;;nein;xPUOvUyoHn1GWI9RDYDD;Blessing
G509;2;Spac;Damian;;1522195200000;+4915259783875;;alinaprepelita09@gmail.com;Bad Urach;ja;kOutzQCdW6O7xDROjvEA;Blessing
G509;2;Spac;Daniam;;2018-03-28;+4915259783875;;;;nein;329jzUrqFnJXgnHsDK29;Blessing
G510;2;Ginder;Julia;;1979-07-11;+4917657889019;;juliaginder@icloud.com;Pfullingen;nein;33KoiOwEKPgjqQrTPboA;Blessing
G510;2;Ginder;Julia;;1979-07-11;+491623050415;;julia.ginder@bruderhausdiakonie.de;Pfullingen;nein;RbfbhkjDlUgu8ya85hqG;Blessing
G511;2;Gollmer;Sieglinde;;-268617600000;+491639266049;+4973825392;sieglinde_gollmer@t-online.de;Grabenstetten;ja;33PURkiDHSGRUqEVRVXb;Blessing
G511;2;Gollmer;Sieglinde;;;+4916096080213;;sieglinde_gollmer@t-online.de;;ja;z6o2aG0XJBMG4Ngur5Tz;Blessing
G512;2;Volz;Alfred;;1960-04-30;+4915121503202;;;Wannweil;nein;33ZT1kR1adt0O8kS8XAk;Blessing
G512;2;Volz;Alfred;;1960-04-30;+4915121503202;;alfred.volz@t-online.de;;nein;4FGk5GHhDrI9hwBkhRYl;Blessing
G513;2;Hertrich;Helgard;;1944-11-20;;+49712751443;;Aichtal;nein;34B9Tfmd6HFmWniVLmRU;Blessing
G513;2;Hertrich;HELGART;;1944-11-20;;;;;nein;dkTCXI84SkhsrbiNi9O6;Blessing
G514;2;Knecht;Waltraud;;-457228800000;;+4971278400;;Reutlingen;nein;34Q01PYX9IhLsFFZCfrc;Blessing
G514;2;knecht;waltraut;;;;+4971278400;;;nein;6e7K9n8DkMCvgawz3M5t;Blessing
G515;2;kneller;ellen;;;;+497123389943;;;nein;35QgaAq4kw3kA6NZBK0H;Blessing
G515;2;Kneller;Ellen;;1952-02-04;;+497123389943;;Grafenberg;nein;VMVKXK7k7ss2tmPP5lYh;Blessing
G516;2;Walker;Christiane;;1960-12-24;;+497072922360;;Kusterdingen;nein;35cgMa80TIZuScxtNBwc;Blessing
G516;2;Walker;Christiane;;1960-12-24;+491777427897;;twalker@t-online.de;Kusterdingen;nein;736W7zW8UQACmsUSTjxY;Blessing
G517;2;Scheu;Anna-Sophie;;2000-07-30;+4917620018982;;;Reutlingen;nein;3620zMdHDIaxfDeG808a;Blessing
G517;2;Scheu;Anna-Sophie;;2000-07-30;+4915203242964;;anna2000.0@gmx.net;;nein;aQJB70PKOISAVTTvOQex;Blessing
G518;2;Bernhard;Veronika;;2017-09-27;+4915128877670;;dcob@web.de;Reutlingen;nein;36zFLz3vmRGTsUrQSp0T;Blessing
G518;2;Bernhard;Veronika;;2017-09-27;+4915560995543;;dcob@web.de;Reutlingen;nein;Ds1RutNnZfrUj3wCrZbo;Blessing
G519;2;Maeck;Christoph;;-120960000000;;+497123969924;;Metzingen;nein;37YXq9mJ4RiOT1a0J9Zd;Blessing
G519;2;Mäck;Christoph;;1966-03-03;+4915779827677;;christoph.maeck@t-online.de;;nein;XFF8MmMNLFdYRvlwQ2y9;Blessing
G520;2;Saussele;Emelie;;2014-03-28;;;;Reutlingen;nein;38FSus1fiMqOCosJ6egK;Blessing
G520;2;Sausssele;Emelie;;2014-03-28;+4917661374875;;;Reutlingen;nein;b9r6A5J7gR2gfiuWWk0F;Blessing
G521;2;Neumann;Viola;;-358646400000;+4917654021943;;viola.neumann@outlook.com;;ja;38nWSlW1NxiJySAY7oKQ;Blessing
G521;2;Neumann;Viola;;1958-08-21;;+497127923179;;Neckartenzlingen;nein;6RgoZ9iZ23plm3OocqrL;Blessing
G522;2;Lauinger;Marco;;1979-09-14;+491727891101;;lauge@gmx.de;Reutlingen;nein;398K1sFElXynoe0KREzV;Blessing
G522;2;Lauinger;Marco;;1979-09-14;;+4971211360330;;Reutlingen;nein;zOdwYDMs3wZgbUEwXP9M;Blessing
G523;2;Ziese;Martina;;1959-08-29;;+49491728;;Reutlingen;nein;39DzunBEVwXgJoGYati7;Blessing
G523;2;Ziese;Martina;;1959-08-29;;+49491728;;Reutlingen;nein;v3sPqFp1wpJcbul9hHR2;Blessing
G524;2;Beiss;Yvonne;;1976-07-19;+4917647218277;;mail@by-layout.de;Neckartenzlingen;nein;39uLIaD02A2Sd8hJ2uSR;Blessing
G524;2;Beiß;Yvonne;;1976-07-19;;+4971275700206;mail@by-layout.de;Neckartenzlingen;nein;Ay8nK1JcRlOShipieMjr;Blessing
G525;2;Holloway;Edward;;1968-07-19;;+497128304702;;Sonnenbühl;nein;wOr58OXjVjld2a4Bj1GN;Blessing
G525;2;Holloway;Edward Maurice;;1968-07-19;+4915770207308;+4971211363205;;Reutlingen;nein;39zDkbgjw4MDobOcwiNg;Blessing
G526;2;Hug;Florian;;2003-04-14;+4915140771926;;florian.pascal.hug@gmail.com;;nein;3Ae96hufFMNiCcCj7YQu;Blessing
G526;2;Hug;Florian;;2003-04-14;;25932;florian.pasccal.hug@gmail.com;Reutlingen;nein;LQTsVRZcMTRXio4kOZS0;Blessing
G527;2;Ugarkovic;Jasna;;1974-01-28;+491721913165;;jasna-ugarkovic@gmx.de;;nein;3BiDDmnKhoNiwnTvhz4t;Blessing
G527;2;Ugarkovic;Jasna;;1974-01-28;;+49712361110;;Metzingen;nein;KGD522zpXExH4QGRKTsi;Blessing
G528;2;Betschinger;Clarissa;;1991-02-25;+4915120744944;;p.betschinger@icloud.com;;nein;3CHzgqiiFpS4c9Q4x0Hw;Blessing
G528;2;Betschinger;Clarissa Andrea Edith;;1991-02-25;+49171558372;;;Reutlingen;nein;txgulSjHM3rCFW33cSeV;Blessing
G529;2;Politz;Matthias;;1975-12-05;503446;;;;nein;3D496ggHPEP8zWEYspvE;Blessing
G529;2;Pollitz;Matthias;;1975-12-05;+491739566115;;matthias.pollitz@gmx.de;Reutlingen;nein;MN3dKBEFQpXjNRGqA4ho;Blessing
G530;2;Knecht;Waltraud;;1952-11-29;+491713770540;;waltraud-knecht@t-online.de;;nein;3D4fyYxH1NkHJnC1ihbq;Blessing
G530;2;Knecht;Waltraud;;1952-11-29;;+49712770730;;Reutlingen;nein;zTdoHCjwy0qbst2VwPoG;Blessing
G531;2;bräuer;bono;;;+4915233800976;;;;nein;GS38olY2YQ0HEB0fb08p;Blessing
G531;2;Bräuer;Bruno;;-433900800000;+4915233800976;;;Lenningen;ja;3D7kMlKiARfzreH5Xzhb;Blessing
G532;2;Ziegler;Angelina;;580694400000;+4915151106084;;angelina.sautter@gmx.de;Reutlingen;ja;3DNMuk5GmTjZiOXxbUqi;Blessing
G532;2;Ziegler;Angelina;;;+49015151106084;;angelina.sautter@gmx.de;;ja;DGE4EtnjmlmD4Z6DetmO;Blessing
G533;2;Hasni;Nabiha;;1977-03-13;;;;Reutlingen;nein;3DXOYoLRjyJfY0sN7s2F;Blessing
G533;2;Hosni;Nabiha;;1977-03-13;+4915775200694;;nabihahosni@gmx.de;Reutlingen;nein;ur2LcNzjgaeGiDqJicsm;Blessing
G534;2;Wirkes;Josef;;1965-12-07;+491729182230;;j.wirkes@arcor.de;;nein;3EXDjIZKKRLbNdq5RQRi;Blessing
G534;2;Wirkes;Josef;;1965-12-07;578137;;;Reutlingen;nein;pxSptDGLOwg9YkjZVkQ9;Blessing
G535;2;Kuhnle;Bernd;;-644803200000;;580360;;Reutlingen;nein;GjAC7WaK6MyEBGo4YGmY;Blessing
G535;2;Kuhnle;Berndt;;1949-07-27;+4917692320887;;bkuhnle@yahoo.de;;ja;3EYv4Bcsc3q7PAF31Nax;Blessing
G536;2;Scheuer;Hans-Martin;;1958-11-18;;+49711626623;;Stuttgart;nein;SOJkgxjH1qpEUBdVyUUI;Blessing
G536;2;Scheurer;Hans Martin;;1958-11-18;;+49711626623;;;nein;3ExKaOZk5NiQ0gTuw6H9;Blessing
G537;2;Häusler;Janis;;1999-08-20;;+4971293738;;;nein;yNst5iFj22Q9QZuRQoXt;Blessing
G537;2;Häußler;Janis;;1999-08-20;+4916093319939;;janis.haeussler@t-online.de;Engstingen;nein;3FbImj4Vnk0G56oyTsCM;Blessing
G538;2;Ernst;Georg;;-247363200000;;;;;nein;3G4dG6hUxrXF0LRWuHJh;Blessing
G538;2;Ernst;Georg;;-247363200000;+4915782960558;+4971253799;georg.ernst@online.de;Bad Urach;ja;DQ4oXVOkOtr54F8ms219;Blessing
G539;2;wörner;Ana-sophie;;2006-08-26;;;;;nein;3HVnfQW3KgIJxtghoA1s;Blessing
G539;2;Wörner;Anna-Sophie Katja;;2006-08-26;+4915117447076;;;Pfullingen;nein;D4NoJO5z6HsUdTbsnRkh;Blessing
G540;2;Krohmer;Stefanie;;691200000;+4915146449463;;;Reutlingen;ja;3HVt1z0KNqSHCBQeGKTs;Blessing
G540;2;Krohmer;Stefanie;;691200000;;;;;nein;tT4FeX0xI9uyiICosMrC;Blessing
G541;2;Baydur;Esat;;1987-03-25;+4917622008397;;esat.baydur@web.de;;nein;3HxsUBYx8pt8lainlJ0l;Blessing
G541;2;Baydur;Esat;;1987-03-25;+4917622008397;340804;esat.baydur@web.de;Reutlingen;nein;C2YxFJ3OVfB4JmhCzK11;Blessing
G542;2;Wachtel;Lilly;;1982-05-05;;6963277;;Reutlingen;nein;3IAbJNJzj5XsOpHDvfs0;Blessing
G542;2;Wachtel;Lilly;;1982-05-05;;+4971216963277;viktor.lillywachtel@hotmail.com;;nein;rPXtcNNHL6UUOeJbVndX;Blessing
G543;2;Karamehmed;Sevginar;;1989-03-18;+4915781373578;;sevikm.89@gmail.com;Reutlingen;nein;3ICLS77ZZjwXTSBuFHkP;Blessing
G543;2;Karamehmed;Sevginar;;1989-03-18;+4915777112327;;aydankaramehmed@gmail.com;Reutlingen;nein;jfjrjrnC4NvdVMDFHkRw;Blessing
G544;2;Hanselmann;Johannes;;517622400000;+491781311168;;;Wannweil;ja;3Ic24Hq4xK1pm0HIF2RA;Blessing
G544;2;Hanselmann;Johannes;;1986-05-28;+491781311168;;j.hanselmann@gmx.net;;nein;4HZgAKTT3gqaQfX1GIGC;Blessing
G545;2;Brunner;Margrid;;1960-06-07;+491723533946;;;;nein;3IrIcVl77QnuEim7GdAu;Blessing
G545;2;Brunner;Margrit;;1960-06-07;+491723533946;;;St. Johann;nein;VUfaoqe8A5gYX7Yit5dg;Blessing
G546;2;Bejzak;Mirveta;;1994-05-30;+491788855518;;mirvetabejzak893@gmail.com;Reutlingen;nein;3J8FwWCZGZM7j1EHuqqy;Blessing
G546;2;Bejzak;Mirveta;;1994-05-30;+491755588818;;mirvetabejzak893@gmail.com;;nein;y1qSxmcRs5v9vgE2CyRM;Blessing
G547;2;Dennelberg;Waltraud;;1943-01-24;;+4971224529866;;;nein;3JMcJ76JIfl02WW7pwUI;Blessing
G547;2;Desselberg;Waltraud;;1943-01-24;;+4971224529866;;St. Johann;nein;Iwhl8Kf7d9U61fcR5mon;Blessing
G548;2;Dinh;Minh Tuan;;1961-07-31;;6969139;;Reutlingen;nein;3Jj1NAFyWI9ijpYiIWl2;Blessing
G548;2;Dinh;Minh Tuan;;1961-07-31;+4917654568383;;minhtuan@gmx.de;;nein;tsd7pkk8Ra1hNLwYJ5xJ;Blessing
G549;2;Masood;Wali Muhammad;;2011-02-09;+4915217503483;;;Reutlingen;nein;3JzNYw5LO9XCWzyza6qz;Blessing
G549;2;Masood;Wali Muhammad;;2011-02-09;;;;Reutlingen;nein;ZdXR9wvNzQvgThSF111l;Blessing
G550;2;Fazlija;Liridona;;1992-02-11;+4915901316249;;liridona.idrizi@outlook.de;;nein;3Kg0r4xb1NHZFylqxQxF;Blessing
G550;2;Fazlija;Liridona;;1992-02-11;+4915207045265;;;Reutlingen;nein;qPNAGGiP8ItTRfQr61Dl;Blessing
G551;2;Trockel;Renate;;-977961600000;;+49712155350;caetro@gmx.de;Reutlingen;nein;3Mav1uRkgoikmKQwCgB9;Blessing
G551;2;Trockel;Renate;;1939-01-05;;55350;caetro@gmx.de;Reutlingen;nein;5i7luFvJwqVbfs8Dyqev;Blessing
G552;2;Piech;Leon;;;+491634790655;;;;nein;bsTgkH350SWyHgp3tKKI;Blessing
G552;2;Piech;Leon-Benny;;2004-08-16;+491634790655;;;Reutlingen;nein;3MjUCzNmxcZn0s6llElp;Blessing
G553;2;Gänzle;Gerd;;;+49 175 9490584;;Gerd.Gaenzle@t-online.de;;ja;3N9dkBcM9qpe6bmHhnrH;Blessing
G553;2;Gänzle;Gerd;;;+491759490584;;Gerd.Gaenzle@t-online.de;;ja;OHeqHGa7sdOv7kfbylib;Blessing
G554;2;Bez;Fabian;;1267488000000;;+4971249338933;;Trochtelfingen;nein;3NLC6F1CDa8KLeDabt6K;Blessing
G554;2;Bez;Fabian;;2010-03-02;+4915787333139;;martinabez@yahoo.de;;nein;9JymXkefbYkPUQZ606Qs;Blessing
G555;2;Hencken;Ute;;1962-05-09;;+497122827020;;Lichtenstein;nein;3NowwoEM9UqzgwJQPcLs;Blessing
G555;2;Hencken;Ute;;1962-05-09;+491732179280;;enjoyinfo@aol.com;;nein;Bzj4VZywfevQACKDf4Yy;Blessing
G556;2;stich;nadine;;;+491734098573;;;;nein;zJguC4rIKHJClHiIdqIc;Blessing
G556;2;Stichs;Nadine;;2002-02-17;+491734098573;;stichs.nadine@gmail.com;Bretten;nein;3Opa24rPAmuW50J4j3Lu;Blessing
G557;2;Guo;Elina;;2019-04-02;+4917638081832;;andreayuanfang@gmail.com;Albstadt;nein;n2g9NR71kurQIludPSAl;Blessing
G557;2;Guo;Elina Shu-Wan Tan;;2019-04-02;+4917638081832;;;Böblingen;nein;3PYHRTHUd63V9uJcjQaU;Blessing
G558;2;Dorf;agnes;;1952-10-02;;+4971236956;;;nein;3PcmYUf3Ja3ISlnnbD44;Blessing
G558;2;Dorf;Agnes;;1952-10-02;;+4971236956;;Metzingen;nein;cRif6NWnJRRNZfCBjPuE;Blessing
G559;2;Martinez;Tim;;2002-06-28;;;;Reutlingen;nein;3QKnNpVjQ8GIY4M7NAPK;Blessing
G559;2;Martinez;Tim;;2002-06-28;+491704332850;;t_martinez28@aol.de;Reutlingen;nein;5wBOyPPFnnsXVXxHhLHX;Blessing
G560;2;Steiert;Inge;;-557366400000;;;;Reutlingen;nein;3QdJIlxXAFfCIOZSdGix;Blessing
G560;2;Steiert;Inge;;1952-05-04;;963218;;Reutlingen;nein;KLrfwXyTri4wSj7dYQfL;Blessing
G561;2;Koebcke;Amy-Leony;;2000-08-09;;;;Tübingen;nein;3ReM7ujIF79325tgC6xA;Blessing
G561;2;Koebcke;Eamy;;2000-08-09;+491702950968;;;;nein;7kmyZOynsIA5bGwMZ88d;Blessing
G562;2;Groepler;Anthony Lars;;2009-06-25;;+497122827554;;St. Johann;nein;3SWDEdZ3uhwW6tFctKA2;Blessing
G562;2;Gröpler;Anthony;;2009-06-25;+491722893138;+497122827554;j.groepler@t-online.de;;nein;C1vZRHpV7XVt72lgA6Tp;Blessing
G563;2;schmitz;Marie-Luise;;-672624000000;;;;;nein;3TkwAY7mDLOZ1hsNg0Xb;Blessing
G563;2;Schmitz;Marie-Luise;;-672624000000;;+49580600;;Reutlingen;nein;HYLc4qboy8QUuvpLc8qv;Blessing
G564;2;Alao;Otana;;2011-12-26;;;;;nein;LyZhxSCOHAIIJCpLC0ix;Blessing
G564;2;Alao;Otana Oluwayanmife;;2011-12-26;;+497121334438;;Reutlingen;nein;3UjSnfqDHfAkcXZ55vdW;Blessing
G565;2;Zondler;Jochen;;1965-04-11;+4915735451500;;;Walddorfhäslach;nein;O0QdqUZVIWPERPaQQ67U;Blessing
G565;2;Zoneler;Jochen;;1965-04-11;+4915735451500;;;;nein;3V7qfTBISYYWtfWhkKtF;Blessing
G566;2;Barbaro;Helene;;1997-01-20;;+4974735020352;;Ofterdingen;nein;Efyb88ByXknH0zZ27NtE;Blessing
G566;2;Barbaro;Selene;;1997-01-20;+4915780929229;;;Nehren;nein;3VHXQWjIFeakqkTZbK70;Blessing
G567;2;dolapsoglou;konstanitino;;1965-04-03;;;;;nein;3WiKi8Y2CExEpgJhFoCY;Blessing
G567;2;Dolapsoglou;Konstantina;;1965-04-03;;+497121334051;;Reutlingen;nein;l9WAWx7yYk1GBRdLRXfF;Blessing
G568;2;Krauter;Sabine;;1958-10-24;+491605805522;;modekrauter@t-online.de;;nein;3XBpbHbELE5iMb5TQeGA;Blessing
G568;2;Krauter;Sabine Maria;;1958-10-24;+491605805522;;;Reutlingen;nein;Nm2DEJHwePfUUOod51Fe;Blessing
G569;2;Kalmbach;Moritz;;2011-06-17;;+4973822640019;kristinr1@gmx.de;;nein;3XdX0ewLxZO3c8Qkcra2;Blessing
G569;2;Kalmbach;Moritz Hans;;2011-06-17;;+4973822640019;;Römerstein;nein;e70oW9amFTzdzxiMTdKU;Blessing
G570;2;Jaudas;Ulrike;;-64281600000;+4915781014073;;ulja19@gmx.de;;ja;3YNt6RHklBQZFAV6G0Ql;Blessing
G570;2;Jaudas;Ulrike;;1967-12-19;;+4971244146;;Trochtelfingen;nein;yot96LMqTC24cXKL1JPu;Blessing
G571;2;Strohm;Sabrina;;1993-12-31;+4915786036236;;sabrina-strohm@web.de;;nein;3YlqqloeN99qo32KGy0y;Blessing
G571;2;Strohm;Sabrina;;1993-12-31;+4915786036236;;;Gomadingen;nein;Y6Q6tMPly8YIw8XdWSBt;Blessing
G572;2;Heusel;Heike;;1969-05-29;+491773779227;;heuselshouse@web.de;;nein;3ZDs9ST0dhHgB6QQOi5X;Blessing
G572;2;Heusel;Heike;;1969-05-29;;;;Eningen;nein;enOVWcm4ejnT9Jaxy0cR;Blessing
G573;2;Markov;stevan;;1980-01-25;+4915229526072;;;;nein;3Zj82YrNi30MbFzJoj4P;Blessing
G573;2;Markov;Stevan;;1980-01-25;+491627260542;;dragana.markov@icloud.com;Reutlingen;nein;InmTzRPvDaqeBv4gPxcs;Blessing
G574;2;Lagner;Anja;;1993-08-09;+491789775820;;;Tübingen;nein;iQPcjqZWs62V5z1MAZfd;Blessing
G574;2;Langner;Anja;;1993-08-09;+491789775820;;anja.langner@gmx.net;;nein;3b4lyV36zxw5oLrRiY2x;Blessing
G575;2;Loroff;Paul;;1949-06-26;;+49712333459;loroffb@gmail.com;Riederich;nein;3bW9f87xyRZt9huSeV7U;Blessing
G575;2;Loroff;Paul;;-647481600000;;+49712333459;paul.loroff@t-online.de;;nein;7JrE1TFaaxqnyDvl8nim;Blessing
G576;2;Hipp;Eva-Maria;;-398131200000;;580470;ovi.hipp@t-online.de;Reutlingen;nein;3dDBjFtA2skiTbsRG7tF;Blessing
G576;2;Hipp;Eva-Maria;;-398131200000;+4917621023333;;evi.hipp@t-online.de;;ja;FA6C3K1tjHdo5IaeEUdD;Blessing
G577;2;Ongaro;Elia;;2013-06-03;+393761681246;;favero.eva@gmail.com;;nein;3dPShXhc9IymCerUO0Ny;Blessing
G577;2;Ongaro;Elia;;2013-06-03;+4917675896930;;;Reutlingen;nein;Jj9lBayGjkHjXvC2zj20;Blessing
G578;2;Schulz;Karin;;1946-12-17;;+49712331016;;Bempflingen;nein;3eKvnmNRsgOgxD7j0qJ4;Blessing
G578;2;Schulz;Karin;;1946-12-17;+4915771289046;;schulzkarin@t-online.de;;nein;JfUtP7ByIVLyhVzEpYdK;Blessing
G579;2;Garripoli;Samuele;;2000-07-08;;340193;;Reutlingen;nein;3fwiXd5sy4AR8SrXqV2y;Blessing
G579;2;Garripoli;Samuele;;2000-07-08;+491729056311;;samuelegarripoli3@gmail.com;;nein;zyMMLHmh1QexEqcuoQ69;Blessing
G580;2;Thumm;Cedric;;892684800000;+4917667536229;;thummcedric@gmail.com;;ja;3gB4Xk6JE80oiqU99jwn;Blessing
G580;2;Thumm;Cedric;;1998-04-16;;6701233;;Kirchentellinsfurt;nein;c3QeTKCvlKPwu4k6kvzN;Blessing
G581;2;Heinkel;Heinz;;1940-12-22;;+4970254623;heinz.heinkel@gmx.de;;nein;3gL9tEXy2oEbLAxcutsG;Blessing
G581;2;Heinkel;Heinz;;1940-12-22;;+4970254623;;Kohlberg;nein;8gM71wUFvLfsM5hsbUC4;Blessing
G582;2;Talaviya;Pradipkumar;;1993-09-17;+491794077499;;pradip17993@gmail.com;Waiblingen;nein;tMXmibXdGhZXOlM31Y4G;Blessing
G582;2;Talaviya;Pradipkumar Nikulbhai;;1993-09-17;+491794077499;;;Reutlingen;nein;3gawYLuQdcun1tn0H5V2;Blessing
G583;2;Seeber;Susanne;;1963-07-16;+491749810293;;seesu@web.de;;nein;3gqXmESjwgvPpeZN1CB9;Blessing
G583;2;Seeber;Susanne;;1963-07-16;+491749810293;+4971729113923;;Lorch;nein;jHHAVs8zkABaW6kG7oZH;Blessing
G584;2;Weissinger;Dieter;;;+4915236130833;;weissinger.dieter@web.de;;ja;3hRIPuRWjlrSdB2tASFf;Blessing
G584;2;Weissinger;Dieter;Dr.;1953-03-07;+4916090818144;+4915236130833;;Reutlingen;nein;kZ2FJYniVm01iahej58C;Blessing
G585;2;Förstel;Veronique;;73612800000;;+49491303;;Reutlingen;nein;3hbo44P0jcnK4z5Z11kB;Blessing
G585;2;Förstel;Veronique;;1972-05-02;+4915156247400;;vfoerstel@gmx.de;;nein;dmsM17zMTO1gX0WLIIFE;Blessing
G586;2;nakis;Ali;;1969-02-01;+491626850993;;;;nein;PX2LupJYoroPEbGckFrT;Blessing
G586;2;Nakis;Ali-Ekber;;1969-02-01;;;;Pfullingen;nein;3hg4wI61oF4SWXjRVu2M;Blessing
G587;2;Anoumou;Serge;;1227830400000;;2846822;;Reutlingen;nein;3ib4rUvtJpaouZvVDnyO;Blessing
G587;2;Anounou;Serge;;2008-11-28;;;;;nein;lT0a2vgw51KxIwlZZ6UQ;Blessing
G588;2;Rieger;Daslin;;1997-07-27;+491728501176;;daslin.rieger@gmx.de;;nein;j2oVo7FHmSR4Lv8ajo2k;Blessing
G588;2;Rieger;Daslin Patricia;;1997-07-27;+491729134870;;;Wannweil;nein;3iwctMLWDmqqN2peBgD7;Blessing
G589;2;Lutz;Monika;;1938-10-27;;311167;;Reutlingen;nein;3j2Dwgv9U8dmXzmoZq0H;Blessing
G589;2;Lutz;Monika;;1938-10-27;;+497121311167;lutzsen@t-online.de;;nein;MSU53Y1Qq6huoBUypF43;Blessing
G590;2;Sido;Adam;;2014-01-18;+4917634369922;;sidohousein@gmail.com;Reutlingen;nein;3jGjGF3GWJgAVzgibbJt;Blessing
G590;2;Sido;Adam;;2014-01-18;;;;Reutlingen;nein;THMygDhRZUL1xGsOmD3f;Blessing
G591;2;Körner;Alexander;;1988-02-04;+4915754730263;;koerner.alex@web.de;;nein;3jwQ2H1NjucF3BBGeAOP;Blessing
G591;2;Körner;Alexander;;1988-02-04;;+497127334748;;Reutlingen;nein;rGNAJYoZpk2YXrPSoAdF;Blessing
G592;2;Wagner;Karin;;1956-10-23;;+4944479223637;;Reutlingen;nein;3kza3497KW8uHD715LRR;Blessing
G592;2;Wagner;Karin;;1956-10-23;+491787287751;;kw.karinwagner@t-online.de;;nein;xeAXzEp2alKYCfObstD2;Blessing
G593;2;Niesse;Wilhelm;;1960-09-27;;+497127237237;wilhelm.niesse@t-online.de;Neckartenzlingen;nein;3lKT62CPaHKv4iDOZqKH;Blessing
G593;2;Niesse;Wilhelm;;;+491742945406;;Wilhelm.Niesse@t-online.de;;ja;w5mepP9o4uiZvkBItHIZ;Blessing
G594;2;Koller;Cora;;2005-12-21;+491727508464;;cora_koller@outlook.de;Metzingen;nein;3mZkBuzpqf3O8CQGomwg;Blessing
G594;2;Koller;Cora Maria;;2005-12-21;;+497123947557;;Metzingen;nein;ITdzUEvcWygbrRwo6HKl;Blessing
G595;2;Korkmaz;Sami;;846806400000;+491626875023;;;Denkendorf;ja;3nklB22eM9SzYK22Iy2t;Blessing
G595;2;Korkmaz;Sami;;1996-11-01;+491626875023;;sami.krkmz00@gmail.com;;nein;iahRehG9Qc4W9TdzLQde;Blessing
G596;2;Kutlu;Önder;;305164800000;+4915123000494;;kutlu@kleiderkabine.com;Reutlingen;ja;3oWDFx5tFraSD50Kmry4;Blessing
G596;2;Kutlu;Önder;;1979-09-03;+4915123000494;;kutlu@kleiderkabine.com;;nein;ITtYDwV9JNakYbSUuztX;Blessing
G597;2;Wallisch;Kilian;;1361318400000;+491755561747;;;Mössingen;ja;3oYb4Kp7SQJC0MiLLQoq;Blessing
G597;2;Wallisch;Kilian;;2013-02-20;+491627417381;;twallisch@freenet.de;;nein;U3q5q9bnIhXKMztsjFJO;Blessing
G598;2;Scheck;Hannelore;;-434332800000;;+4971217536599;scheck.hannelore@web.de;;nein;3onvJomaO9J56OgCY1XE;Blessing
G598;2;Scheck;Hannelore;;1956-03-28;;550788;;Wannweil;nein;einoOH1m4aeUvkgW21f8;Blessing
G599;2;Wolf;Birgit;;1950-07-29;754209;;;Pfullingen;nein;3pJmqLIKbhkcpP99rY95;Blessing
G599;2;Wolf;Birgit;;1950-07-29;;+497121754209;wolf.birgit.1@web.de;;nein;v8zoohCwRZJ6plKnXt2F;Blessing
G600;2;Fischer;Werner;;1941-07-16;;+49712333607;;Grafenberg;nein;3qPwHWVIng3G1FfAcQt4;Blessing
G600;2;Fischer;Werner;;1941-07-16;;+49712333607;fischerjohanna@t-online.de;;nein;eVyeTjhV6aCNKyszC2Mo;Blessing
G601;2;Biazari-Kari;Asieh;;94608000000;+4915734206738;;;Reutlingen;nein;P0mi2vDV5YregGBcKYzP;Blessing
G601;2;Biazarikari;Asieh;;1972-12-31;+491783044979;;asiebiazar12@gmail.com;;nein;3qfnmQnhkHci9WxwZzwf;Blessing
G602;2;Klingler;Tim;;2007-09-19;+4915122853170;;bklingler@web.de;;nein;3qv3I7nuDSvBNoJhWNzZ;Blessing
G602;2;Klingler;Tim;;2007-09-19;;+497382936074;;Grabenstetten;nein;cO2bnp6ER01r1uCXiMZh;Blessing
G603;2;Nagel;Ralf;;1962-05-04;+491727628811;;;Reutlingen;nein;3rPPQJPR5mnNUi7z1FjD;Blessing
G603;2;Nagel;Ralf;;1962-05-04;+491727628811;+4971125007218;;Reutlingen;nein;JsTXpsAL5Um4VQtNs0mb;Blessing
G604;2;Mitrovic;Marina;;1977-08-21;+4915758326054;;marinaant@gmx.net;;nein;3rbyL3SEGS2yKLqkj6hW;Blessing
G604;2;Mitrovic;Marina;;1977-08-21;;+4971216287673;;Reutlingen;nein;yna4gDCKc4fu1adW9oWM;Blessing
G605;2;Pfander;Andreas;;-513216000000;;+497121371861;;Reutlingen;nein;3thDQOHlUUhiQycanjlR;Blessing
G605;2;Pfander;Andreas;;1953-09-27;+4915157371409;;capk.2010@gmail.com;;nein;KqIy7nioSFb42LgYIJnn;Blessing
G606;2;Lebid;Nikida;;;+491639829419;;;;nein;3vOhwF8bvaCDOOXS4YT2;Blessing
G606;2;Lebid;Nikita;;1997-10-26;+491639829419;;;Reutlingen;nein;cEfe1dcIPojzd1C7yeal;Blessing
G607;2;Schäfer;Sven;;1976-10-10;+491781881998;;schaefer.10@gmail.com;Reutlingen;nein;3vlmZl95iuGtQijkHOgm;Blessing
G607;2;Schäfer;Sven;;1976-10-10;;678745;;Reutlingen;nein;MBs0ADvBryjDOqw32hG6;Blessing
G608;2;Müller;Ute;;1959-01-14;+4915221383101;;buchenhaustuer@gmx.net;;nein;3wETqFLHPY3ZXISlV5vE;Blessing
G608;2;Müller;Ute;;1959-01-14;;+49712333219;;Bempflingen;nein;tVIvzhVWEybCk2VA3tiT;Blessing
G609;2;Zürcher;Johannes;;2003-05-21;+4915776947261;;jojojo.zur@gmail.com;;nein;3wP0LPqHEGsOGTupPmVV;Blessing
G609;2;Zürcher;Johannes;;2003-05-21;+4915776947261;;jojojo.zur@gmail.com;Frickenhausen;nein;VwMHEJWYzegEh2J8nlCa;Blessing
G610;2;Schmidt;Pascal;;1999-11-18;515112;;;Reutlingen;nein;3wWVa3hM5GdJtHYuwcRd;Blessing
G610;2;Schmidt;Pascal;;1999-11-18;+4915736123653;;pasi12335@gmail.com;;nein;owgzlJd8Sh1TzHYFGLiB;Blessing
G611;2;Eindler;Ute;;;+4970264324;;;;nein;3x56kWt0XDtHegPPPl1u;Blessing
G611;2;Klingler;Ute;;-352684800000;;+4970264324;;Lenningen;nein;ZRLn5s9zeejhxK8wim6G;Blessing
G612;2;Tross;Timm;;1973-04-17;+491738256680;;timm.tross@freenet.de;;nein;3xj5zpbFAgTMliZUJEzq;Blessing
G612;2;Tross;Timm;;1973-04-17;+491738256680;204560;;Reutlingen;nein;v50eTANYZW8RnQWUkvMb;Blessing
G613;2;Dick;Michael;;1964-04-22;+4916090818188;;;Reutlingen;nein;3yAr5wUjwQEVh2qt6Nej;Blessing
G613;2;Dick;Michael;;;+4916090818188;;;;nein;LIlQzAJCs4wU7NoUA2ex;Blessing
G614;2;Brudaru;Claudiu;;1976-01-28;+491788396520;;;Reutlingen;nein;req1j2cYUV9C1CO96qXp;Blessing
G614;2;Brudaru;Claudiu Adalberth;;1976-01-28;+491788396520;;claudiu76.cb@gmail.com;;nein;41pNcU7rroFFBuZS7uVn;Blessing
G615;2;Hartmann;Bernd;;1959-10-02;+491705558701;;hartmann.rt@web.de;;nein;41vbcAF7Ev4axeTKO2LL;Blessing
G615;2;Hartmann;Bernd;;1959-10-02;;+4971178612252;hartmann.rt@web.de;Reutlingen;nein;PKhyazOQlsc4lHpuN6TO;Blessing
G616;2;Senpinar;Hatice;;1972-02-01;+4917632732843;;ece.eda82@googlemail.com;Reutlingen;nein;42EDrb4rdTBbiuaXVLj3;Blessing
G616;2;Senpinar;Hatice;;65750400000;+491735423308;;ali.senpinar@outlook.de;Reutlingen;nein;uOVzvAF8aFIVnc61nM7Z;Blessing
G617;2;Griebsch;Stefan;;-410832000000;+4915906362943;;;Metzingen;ja;42L543vSgGlaNKfGzbr3;Blessing
G617;2;Grietsch;Stefan;;1956-12-25;;;;;nein;bJxZbaUYAsSXy44UuwUt;Blessing
G618;2;Walter;Judith;;176083200000;+491772767719;+497123367474;walter.judith@yahoo.de;Riederich;ja;42MVvngHvyxSecM9HoKA;Blessing
G618;2;Walter;Judith;;1975-08-01;+491772767719;;walter.judith@yahoo.de;Riederich;nein;AiJ0omKUfGzxtKm6WI3F;Blessing
G619;2;Bauer;Christian;;1991-02-03;+491725194156;;;Metzingen;nein;42mMzSLNJ2PC5ScwxvZv;Blessing
G619;2;Bauer;Christian;;;+491725194156;;;;nein;9Afn2G2idLqHZXee3iTa;Blessing
G620;2;Petry;Antonia;;2015-08-31;+491637329870;;friedrich.petry@drpetry.de;Reutlingen;nein;GD7EZUdYZWKhyTq3b5v5;Blessing
G620;2;Petry;Antonia Wu Taixi;;2015-08-31;+491637329870;;;Reutlingen;nein;43Ck9M49NeyxWT260Q8H;Blessing
G621;2;Lam;Aaron Hung;;121564800000;;;;Reutlingen;nein;43jEffv1UCgF6g3aq7CD;Blessing
G621;2;Lam;Aaron Hung;;1973-11-08;;;;Reutlingen;nein;lrnQh9xYWcSHg0klxG5G;Blessing
G622;2;hermann;waltraut;;1947-07-31;;;;;nein;DYlZemPcMfzKKRfMXIMu;Blessing
G622;2;Herrmann;Waltraud Christel;;1947-07-31;;;;Bempflingen;nein;45c14jLOFbgtXmPb8Y22;Blessing
G623;2;Müller;Janina;;1989-03-01;+491757057359;;;;nein;RrhyYneKX0ovSjighQHu;Blessing
G623;2;Müller;Janina-Francesca;;1989-03-01;+491757057359;;;Walddorfhäslach;nein;45uyPeJtLTPpLmpdeUU4;Blessing
G624;2;Hägele;Kay;;2003-07-16;+4915737134824;;kay1672003@gmail.com;;nein;462sUsAYLYBe2XpyOeK9;Blessing
G624;2;Hägele;Kay Oliver;;2003-07-16;;;;Eningen;nein;5snxzS9OzR1NJ81SyVu9;Blessing
G625;2;Habiger-Müller;Monika;;1956-12-09;+491639249416;;;Reutlingen;nein;486w9FvIk6H2dACZ9ysN;Blessing
G625;2;Habigor-Müller;monika;;1956-12-09;;;;;nein;C1rhF7Uxcgf9EnQBbKZy;Blessing
G626;2;harter;saskia;;;;+497123969709;;;nein;ERmiXGDnNckrMTpxNlYM;Blessing
G626;2;Harter;Saskia Celine;;2004-09-19;;+497123969709;;Metzingen;nein;48CKf1cKCHDa8tAtloRJ;Blessing
G627;2;Fischer;Christian;;1989-09-20;+4917642922200;;cfischer3@hotmail.com;Eningen unter Achalm;nein;48aXSy8jrm08H5sP4Xjv;Blessing
G627;2;Fischer;Cristian;;1989-09-20;;+4971211380521;;;nein;wZupRCIGngd2CRW9npSs;Blessing
G628;2;Beck;Waltraud;;1939-09-02;;+497123963981;;Metzingen;nein;4B2GQoD5pCSLKWirawso;Blessing
G628;2;beck;waltraut;;1939-09-02;;;;;nein;GPXv5qwIgROFP17Ed9NJ;Blessing
G629;2;Springmann;Priska;;;+497121240109;;;;ja;4BhBNNIiQoB7OM9JEcY2;Blessing
G629;2;Springmeinase;Priska;;;+497121240109;;;;nein;VHwfisIHP84hFUCUdgmp;Blessing
G630;2;Fakou;Smaro;;1968-10-29;+4915253716686;+497123975481;s.fakou@t-online.de;Bempflingen;nein;BNU8h3Sn7YzWB7jGmr9Q;Blessing
G630;2;fakou;smato;;1968-10-29;+4915253716686;;;;nein;4BjIyH1QWevvFshXmXFR;Blessing
G631;2;Schuck;Simone;;;;+49492383;;;nein;4BtoyWlYi9ZTIcOuuNF8;Blessing
G631;2;Schuck;Simone;;1998-08-21;+491776390964;+49492383;;Nürtingen;nein;goP9EChXTVKyn9XyHnpZ;Blessing
G632;2;Christ;Gretel;;-462672000000;+4915730129102;;;Großbettlingen;ja;qvgy9JTZWwhfXkFzlArq;Blessing
G632;2;Christ;Gretel Luise;;1955-05-05;;;;;nein;4EDJiN4OPFmiXt56hmY2;Blessing
G633;2;Wagner;Andreas;;;+491703044715;;andreas-wagner-1@t-online.de;;ja;5OZv5VEzezQ27SAOeAgL;Blessing
G633;2;Wagner;Andreas Jürgen;;-120614400000;+491703044715;;andreas-wagner-1@t-online.de;Filderstadt;ja;4FfEDwbyVmulvS3rur5Q;Blessing
G634;2;Höller;Michael;;1969-04-28;+4915256365671;;;Bad Urach;nein;4HY9A08DrSfmcHp24bhO;Blessing
G634;2;Höller;Michael;;;+4915256365671;;;;nein;np0vKHzwaScBVJCCECLW;Blessing
G635;2;Hansow;Manuela;;1991-09-11;+491738848870;;elahansow@gmail.com;Orsingen-Nenzingen;nein;4IAOp2CfnHCvf6RngiqC;Blessing
G635;2;Hansow;Manuela;;1991-09-11;;;;Reutlingen;nein;hmnloUDlbCwjYAdX8FqO;Blessing
G636;2;Czerwinski;Werner;;1952-11-27;;+49712314039;b_czerwinski@gmx.net;Metzingen;nein;4IXGbg32iqO5p1HqZlxd;Blessing
G636;2;Czerwinski;Werner;;1952-11-27;+4915209851096;;b_czerwinski@gmx.net;;ja;A4WretaUN2gNmDEJJltH;Blessing
G637;2;Pugge;Petra;;-31017600000;;;;;nein;4IvaL1KlLB6raMCW5HCW;Blessing
G637;2;Puggé;Petra;;1969-01-07;;+49712333280;petra@pugge.de;Bempflingen;nein;OdIc5QNYzL2gfVpWqMWC;Blessing
G638;2;Al Drees;Somaya;;1984-05-22;+491762144928;;;Bad Urach;nein;CCUWm758TVn3B60yEm1n;Blessing
G638;2;Aldrees;Somaya;;1984-05-22;+4917621444928;;samaldrees@gmail.com;;nein;4KBwdbdWYjjoD3FSBeSq;Blessing
G639;2;Beck-Fritsche;Charlotte;;-557366400000;;+497129141839;;Lichtenstein;nein;4KxFOx6sTVP8LUEI93PX;Blessing
G639;2;Beck-Fritsche;Charlotte;;1952-05-04;;+49206269;;Lichtenstein;nein;njgwzu08EF78DG7FFFVv;Blessing
G640;2;Dinkel;Aienne Sofie;;2018-12-22;;;;Metzingen;nein;BxeJtyUPREyQ9dMUfSg9;Blessing
G640;2;Dinkel;Aienne, Linnea;;2018-12-22;+491712019904;;thomas.mayer-dinkel@my-conet.de;Metzingen;nein;4MSnhsrpPz9bJnO0hOlF;Blessing
G641;2;Pust;Sonja;;1988-05-17;+491743260269;;;Reutlingen;nein;4PVna3VJbEklAOecagHR;Blessing
G641;2;Pust;Sonja;;1988-05-17;+491743260269;;s.tiringer@web.de;;nein;pX6P464QMCgdOVEmxc4d;Blessing
G642;2;tekbilek;tugce;;1992-11-21;;;;;nein;4PeCRzHjqPp3SrtJHash;Blessing
G642;2;Tekbilek;Tugce;;1992-11-21;+491728273696;;;Reutlingen;nein;upL5fvtyXLSUbsZKFyRq;Blessing
G643;2;Tomljemovic;Helena;;1993-01-08;;;;;nein;4PeIg72mbWZDUf8FdHw6;Blessing
G643;2;Tomljenovic;Helena;;1993-01-08;+4915737581095;;;Kirchentellinsfurt;nein;XtehxHXHfRTCgdvRRuVI;Blessing
G644;2;KLUT;KARAH;;1988-04-08;+491782124880;;;;nein;4Py3fhx0CsZkGzGbKRK8;Blessing
G644;2;Kluth;Sarah;;1988-04-08;+491782124880;;;Reutlingen;nein;HnH4MxPFXVCoGQPcYYyT;Blessing
G645;2;Leimann;Edeltraud;;1939-09-28;;+4971233607366;;Metzingen;nein;q7etDZwJRh6Y5CxF4yRr;Blessing
G645;2;Leimann;Edeltraut;;1939-09-28;;+4971233607366;;;nein;4QD6tUWR8nNxX61qtkzd;Blessing
G646;2;Layh;Christian;;1986-12-22;;;;Ostfildern;nein;4S4rH5O8IN7xeRBdxpSM;Blessing
G646;2;Layh;Christian;;1986-12-22;+491726962960;;;Ostfildern;nein;AVawzsU8MMpJeTyqGAI6;Blessing
G647;2;Lichtenstein;Carmen;;1959-01-12;+4917632905727;;lichtenstein59@web.de;Reutlingen;nein;4Tfs2KJL2HirwUhlkewi;Blessing
G647;2;lichtenstein;carmen;;1959-01-12;;;;;nein;PjA3I9nypRTPNT4nsWN3;Blessing
G648;2;Urban;Martina;;1968-07-01;+491607415350;470723;;Reutlingen;nein;4Tjrxo7rOhYpkxW7Ttce;Blessing
G648;2;Urban;Martina;;1968-07-01;+4917661323926;;martiban@gmx.de;;nein;etYiI5wx4vXdkb5aUoVu;Blessing
G649;2;Nuredini;Arijeta;;2003-07-28;+4915735469769;;;Pfullingen;nein;4U2MBGxyFe1GCvcs6yWV;Blessing
G649;2;Nuredini;Arjeta;;2003-07-28;+4915735469769;;;;nein;xRIw7YCcoauwXGhASDJw;Blessing
G650;2;Maculewicz-Arzi;Franziska;;1987-03-14;+4915209243868;;franziska.maculewicz@outlook.com;;nein;G6pgM2UYaL6wZ3g2rHc0;Blessing
G650;2;Maculewicz-Arzi;Franziska Anna;;542678400000;+4915209243868;;;Reutlingen;ja;4UCiSzJx6ysMPNGjWdtV;Blessing
G651;2;Zipperer;Petra;;1969-07-23;+491726397643;;zipperer@hochzeitunddesign.de;;nein;4UCuWpLvMMVJ8J7uXT6O;Blessing
G651;2;Zipperer;Petra;;1969-07-23;+491738123394;;;Hechingen;nein;cwabVBdYQWJOFK7iPUlu;Blessing
G652;2;Wolbold;Ulrich;;1966-11-12;;210046;;Reutlingen;nein;4UWyq6HYiwWodbYoAsDC;Blessing
G652;2;Woleold;Ulrich;;1966-11-12;+4917623531477;;;;nein;RzfHtglc8ZuO5iytYiJ7;Blessing
G653;2;König;Marcel;;1979-05-28;+4917631137039;;marcel_koenig1@yahoo.de;;nein;4UqrCuOpFSLkCVF7KqrD;Blessing
G653;2;König;Marcel;;1979-05-28;+4917631137039;;;Tübingen;nein;iJFNBVv3RB1Nn1SL2Gba;Blessing
G654;2;Rothe;Lisa;;1990-05-23;+4915774400584;+497387984044;lisa.rothe@t-online.de;Hohenstein;nein;4VCkSL4VLl4WvF4tsTnU;Blessing
G654;2;Rothe;Lisa;;1990-05-23;+4915774400584;;lisa.rothe@t-online.de;;nein;lClLgZVQ5eiLT30YU97B;Blessing
G655;2;Villwock;Roman;;1974-12-23;+491795428018;;roman@villwock.pro;Reutlingen;nein;4VipQx90DZqbnmTvZv5Y;Blessing
G655;2;Villwock;Roman;;1974-12-23;+491726254810;;roman@villwock.pro;Reutlingen;nein;wZnJBLbgTgTBfP2afR6d;Blessing
G656;2;Deser;Steluta;;1964-06-18;+491739386350;;;;nein;LJKvRUTmnmHjxcQIWAA1;Blessing
G656;2;Desor;Steluta;;1964-06-18;+491739386350;;;Bempflingen;nein;4VtYT5RbzTb9Vf2HAMks;Blessing
G657;2;Sonnenschein;Lev;;2014-06-27;+4917683268630;;hannahkatharina@gmx.de;;nein;a4e6hT49pSi0Dzad0YWj;Blessing
G657;2;Sonnenschein;Lev Caspar;;2014-06-27;;;;Tübingen;nein;4WYViScaK8hJweeg8leR;Blessing
G658;2;Winkler;Hans-Peter;;1956-09-20;;+49719184943;hanspeter.winkler@gmx.de;;nein;4X94LSxeis8OkZkUoIiA;Blessing
G658;2;Winkler;Hans-Peter;;1956-09-20;+491714420554;;hanspeter.winkler@t-online.de;Backnang;nein;b6hozrvVNPMYYWqWJH5B;Blessing
G659;2;Groß;Frida;;1933-12-07;;+49712318590;;;nein;4YOV2PbzUObnPe6lXjlh;Blessing
G659;2;Groß;Frieda;;1933-12-07;;+49712318590;;Metzingen;nein;oYeO6MjUjgMq4GGl8fSL;Blessing
G660;2;schroot;rebecca;;1974-03-18;+4915730687564;;;;nein;4ZH75UUISvqpHpLK0TJ9;Blessing
G660;2;Schroth;Rebecca;;1974-03-18;+4915730687564;;;Reutlingen;nein;qfZe5IzXTLJyNEpsOvmq;Blessing
G661;2;Duran;Burcin;;1995-05-27;;+497123165777;;Stuttgart;nein;4ZpgxY9e6lGyIBQMpGE3;Blessing
G661;2;Duran;Burcin;;1995-05-27;+4917683120233;;bozel@me.com;;nein;Pig8ZPbotSCMc5fJR5KZ;Blessing
G662;2;Henneke;Claudia;;1956-06-15;;+49334937;;Tübingen;nein;4a7wYsij0ifrXdvrs3ST;Blessing
G662;2;Henneke;Claudia;;1956-06-15;+4915225983565;;c.i.he.tb@t-online.de;;nein;gmpzPqpefGEXApYkujlk;Blessing
G663;2;Brühl;Sebastian;;2001-04-08;+491723692326;;sebastian.bruehl04@gmail.com;;nein;4aJJWUWLJR7FRsCPVO9Z;Blessing
G663;2;Brühl;Sebastian;;2001-04-08;+491723962326;2846177;sebastian.bruehl@jahoo.de;Reutlingen;nein;bmy05iakrfakWhndrJ6v;Blessing
G664;2;Fronek;Carina;;681696000000;+491726036388;;carinafronek@gmail.com;;nein;4aT1uKmsvnEMYu8WxMJj;Blessing
G664;2;Fronek;Carina Julia;;1991-08-09;+491726036388;;carinafronek@gmail.com;Mössingen;nein;PDrPuvhVyZNRMIRg4md4;Blessing
G665;2;Weymer;Matthias;;1979-10-26;+491727464562;;m.weymer@web.de;;nein;4bJWxLz9Vt8xasKYNe5b;Blessing
G665;2;Weymer;Matthias;;1979-10-26;+491727464562;;;Pliezhausen;nein;YPvSc76n4ZhS9QzGQB8D;Blessing
G666;2;Schulz;Brighid;;;+4915759225282;;brighid.schulz@t-online.de;;ja;4bP4xbQgcCd1E916fOuj;Blessing
G666;2;Schulz;Brighid-Elke;;-231638400000;+4915759225282;+49715868232;brighid.schulz@t-online.de;Filderstadt;ja;eg4VMeYQnOHQB2iQwVso;Blessing
G667;2;Bischof;Karl Heinrich;;-573782400000;+491783583252;;kahabi@t-online.de;;ja;4bXM067uYL3QkhsjrQR4;Blessing
G667;2;Bischof;Karl-Heinz;;-573782400000;;+497121260567;;Reutlingen;nein;q0dVA804eoeQaHSOInXG;Blessing
G668;2;Wrobel;Adrian;;1997-06-17;;+4971213043317;;Reutlingen;nein;4bxOMzwZrMJyJiDE3FcA;Blessing
G668;2;Wrobel;Adrian;;1997-06-17;+491721027765;;adrian.wrobel.adrian@gmail.com;;nein;l7p8jl4L7CjCFNJ1gjMu;Blessing
G669;2;Petz;Andreas;;1944-12-10;;621673;;Reutlingen;nein;4cCMf33PqRIGzsLO5cXR;Blessing
G669;2;Petz;Andreas;;1944-12-10;+491627279358;;petz-andreas@gmx.de;;nein;n5BUR5TOVYrStPTc9upj;Blessing
G670;2;Schoppa;Arkadius;;1989-09-29;+491737957732;;;Reutlingen;nein;4cHNPX9y1IICMCeidHRi;Blessing
G670;2;Schoppa;Arkadius;;1989-09-29;;;;Reutlingen;nein;LfphM3IL33d6FRR6MVqJ;Blessing
G671;2;Zamida;Christian;;1990-05-17;+4915151184647;;c.zamida@gmx.de;Reutlingen;nein;4cUvbm4oTBITW8SxhrgW;Blessing
G671;2;Zamida;Christian;;642902400000;;334795;c.zamida@gmx.de;Reutlingen;nein;N35ImpOhjTNjH29SsPWr;Blessing
G672;2;Mayer;Susanne;;1952-06-15;;+497022502095;susimayer1952@web.de;Nürtingen;nein;4cghwN1aUMvMjz4OokpL;Blessing
G672;2;Mayer;Susanne;;1952-06-15;+491604580950;+497022502095;susimayer1952@gmail.com;Nuertingen;nein;UxGyK3uquOds1UQWqRu2;Blessing
G673;2;Thiel;niklas;;2009-04-24;+4917672159516;;;;nein;EPvM2CD78QVOPC6VxlTx;Blessing
G673;2;Thiele;Niklas;;2009-04-24;;;;Metzingen;nein;4d8vSibyHxi4DFcWDsZD;Blessing
G674;2;Wojcik;Daniel;;2001-12-25;+491632314390;;wojcik.daniel@gmx.de;;nein;4elycOr2EWVNaG7RLMuP;Blessing
G674;2;Wojcik;Daniel;;2001-12-25;;+49712540223;kwojcik@gmx.de;Bad Urach;nein;I14AzHBNRbC0I1SjIpGX;Blessing
G675;2;Luz;Dorothea;;-670377600000;;+49491469;;Reutlingen;nein;4f7IoMyHr29Oa3gkADoL;Blessing
G675;2;Luz;Dorothea;;1948-10-04;;+497121491469;frido.luz@t-online.de;;nein;GZAiEi7qXqOkQS4IU6sI;Blessing
G676;2;Rauscher-Demmelmaier;Jutta;;1957-09-11;+491633698572;620514;;Reutlingen;nein;4fSf3pgUQLHl8EtqEuSF;Blessing
G676;2;Rauscher-Demmelmaier;Jutta;;-388368000000;+491633698572;+497121620514;achim.demmelmaier@web.de;;nein;MzGxeaX2ggmj9ZTBpI4p;Blessing
G677;2;Rotenstein;Dirk;;1976-03-16;;+4971213259676;;;nein;kYIYfnM1cIkCf26ndhz8;Blessing
G677;2;Rothenstein;Dirk;;1976-03-16;;+4971213259676;;Pfullingen;nein;4frQyivhE8aEdhWLwWP4;Blessing
G678;2;Roth;Carl;;2005-08-16;;+497121677652;simone.roth.rt@gmx.net;;nein;4gAoaAqn3K8K6nGGkl6C;Blessing
G678;2;Roth;Carl Christian;;2005-08-16;;+497121677642;simone.roth.rt@gmx.net;Reutlingen;nein;ukJ9DKK8BTczU6NBsoj5;Blessing
G679;2;Wolf;Mandy;;1997-06-18;+491732107151;;;Jena;nein;4gvozZnEoqJk6qnhbMqk;Blessing
G679;2;Wolf;Mandy;;1997-06-18;+33766447007;;mandy.wolf.19@neoma-bs.com;Reims;nein;F7Q0rNuRZZGkyBYFDYyS;Blessing
G680;2;Hirn;Yannik;;2007-09-06;+4917631382568;;bhirn@gmx.de;;nein;KS5YYDzU2qffC1BhYwfV;Blessing
G680;2;Hirn;Yannik Sinan;;2007-09-06;+4917631382568;+4970258438647;;Neuffen;nein;4he7IWMe5Nd5wNooMRGr;Blessing
G681;2;Atinger;Lydia;;1994-06-28;;+4971213884726;;;nein;EbXpRUghPyGO66aHozNm;Blessing
G681;2;Attinger;Lydia;;1994-06-28;+4917656682588;;;Grafenberg;nein;4hgqA9ldOUp9QvmlhNKT;Blessing
G682;2;welsch;Stefanie;;510624000000;;;;;nein;4hydcvc3aMMGV4jFR72s;Blessing
G682;2;Welsch;Stefanie;;510624000000;+491738666039;;stefanie-welsch@gmx.net;;ja;FUo4RGV3HzVyH4m3nUd9;Blessing
G683;2;Aipp;Luisa;;;+491733064242;;;;nein;4i8mMtrYzWORO9jOLJz2;Blessing
G683;2;Hipp;Luisa;;980121600000;;01733064242;;;nein;bQczB49HRCjXwIGRK6Du;Blessing
G684;2;Heymig;Marion;;1975-09-21;+4917643669109;;marion.heymig@web.de;;nein;4koJwjZ1lL08rAACTKEo;Blessing
G684;2;Heymig;Marion;;1975-09-21;+4917643669109;3824082;marion.heymig@web.de;Reutlingen;nein;9Ls629ZW1MYZbta3aeTV;Blessing
G685;2;Saussele;Sabine;;1981-10-12;+491781844695;;;Reutlingen;nein;4lSnC6PT20QvKlXoLO92;Blessing
G685;2;Saussele;Sabine;;1981-10-12;+4917661374875;;sabine@saussele.com;;nein;pOlCc2ih2rfWrzGl8qbA;Blessing
G686;2;Al Msouti;Salim;;1990-09-15;+4915255433479;;saleemalmsoty@gmail.com;;nein;4ll05NDl6qlb0iV3siEb;Blessing
G686;2;Al Msouti;Salim;;1990-09-15;+4915255433479;;;Riederich;nein;Eb9YUVwZXh36GI10Q9Nm;Blessing
G687;2;Miskic;Edita;;1991-03-03;+491776945063;;;Metzingen;nein;4mcHEXiEksgyUoe5MKSZ;Blessing
G687;2;Miskic;Edita;;1991-03-03;+491629856764;;edita.jusic33@gmail.com;;nein;KMbKTd7IVg1zDTZ7vj9t;Blessing
G688;2;marcic;martei;;;+4915208683922;;;;nein;4nTuYEt8VwvsZlTdTZPn;Blessing
G688;2;Marsic;Matej;;1998-09-11;+4915208683922;;;Metzingen;nein;bbhRceq4sZH6fGetfhF9;Blessing
G689;2;Schöll;Pia;;2018-10-29;+4915208572116;;;;nein;4o7bW4bQwygGap6FZKbI;Blessing
G689;2;Schöll;Pia Mathilda;;2018-10-29;;+4973839425296;;Münsingen;nein;I9FvXVwXoJcP3x1zMGhP;Blessing
G690;2;Ramisch;Christian;;80524800000;+491755910075;;ramischc@gmx.de;Reutlingen;nein;4pXj7MbivbBLK5SfgiD6;Blessing
G690;2;Ramisch;Christian;;1972-07-21;;;;;nein;O1suAzEyvISWEh6hEzOZ;Blessing
G691;2;Gioftsiou;Ilias;;1960-05-11;+491724631912;;;Reutlingen;nein;4qA4SDv7oNqqG17bXKK4;Blessing
G691;2;Gioftsiu;Ilias;;1960-05-11;;;;Reutlingen;nein;rsOpyyayeuWr7Ji4z7Ms;Blessing
G692;2;Unverzagt;Clarissa;;1999-01-24;+4915783821262;;;Dettingen;nein;4qTnelHU3LJ43RZPaTeF;Blessing
G692;2;unverzagt;clarissa;;;+4915783821262;;;;nein;eiZAE9Xeqla1PHOCneab;Blessing
G693;2;Knoll;Tanja;;-42940800000;;+4971239560734;;;nein;4rNkUm2AjoaPdK3gs57C;Blessing
G693;2;Knoll;Tanja;;1968-08-22;;+497123959490;;Metzingen;nein;PCc22dITHKTUXsGF0MIE;Blessing
G694;2;Herrmann;Bernd;;1954-12-01;;+4971283796;;Sonnenbühl;nein;4s0TR7t2nUQUkwUi5lDE;Blessing
G694;2;Herrmann;Bernd;;1954-12-01;+491607876022;;b.j.herrmann@t-online.de;;nein;T7Y6ga4jbOGvOO7hSIXJ;Blessing
G695;2;Herrmann;Mike;;2001-02-15;+491726559934;;mikeherrmann117@gmail.com;Nürtingen;nein;4tGnfrbbeOwSBHzAZvse;Blessing
G695;2;Herrmann;Mike;;2001-02-15;+4917661441013;;mikeherrmann117@gmail.com;;ja;qYi87aDnXFiQ0zlDKEOQ;Blessing
G696;2;valler hottinger;sabine;;1969-09-25;+4917653802644;;;;nein;uY2t2xTMUWQT0ccX4d0b;Blessing
G696;2;Waller-Hottinger;Sabine;;1969-09-25;+4917653802644;;;Metzingen;nein;4tzeqoh8imCcTxXA1D17;Blessing
G697;2;Roggenstein;Gabi;;1965-01-24;+491744547785;;gabi_roggenstein@web.de;;nein;4uqQgIhGx8C6iUcnEUyn;Blessing
G697;2;Roggenstein;Gabi Petra;;1965-01-24;+491744547785;+4971241821;;Trochtelfingen;nein;r9SzrO7eYMZHDkT7cMNF;Blessing
G698;2;Weidenau;Corina;;656035200000;;017843560534;;;nein;4w3tpgbhCgNFRuAg1bt7;Blessing
G698;2;Weidenauer;Corina;;656035200000;;;;;nein;Qefsah1T3wqyCABJdTNy;Blessing
G699;2;Schicker;Benajamin;;1976-11-26;;;;;nein;4w8Ipt9Z96Thg0fxZ3eV;Blessing
G699;2;Schicker;Benjamin;;1976-11-26;+491637586921;;;Mössingen;nein;ISgaynBWYX03AyNldYIF;Blessing
G700;2;De Crignis;Catherine;;1972-02-20;+4917657852160;;cdecrignis@freenet.de;Stuttgart;nein;4wmaI8uLPq4UIsNV9uvC;Blessing
G700;2;de Crignis;Catherine;;1972-02-20;+4916095793993;+491752601161;;Stuttgart;nein;dtWV4HFk4AgTb8hcjh39;Blessing
G701;2;Ostertag;Elias;;2013-04-19;+491629364757;;ramonaostertag16@gmail.com;;nein;yB7mE7ewape8w5oE9uT7;Blessing
G701;2;Ostertag;Elias Matti;;2013-04-19;+491629364757;;;Dettingen;nein;4z0pbDBxpNPMFzca0kfV;Blessing
G702;2;Marx;Graciela;;1952-10-13;;+497121240661;graciela.marx@gmx.de;;nein;4z9wgaiEaR4egXKeT6Qz;Blessing
G702;2;Marx;Graciela-Beatriz;;1952-10-13;;240661;;Reutlingen;nein;VkNsTaOIpzAuSNHLqJTP;Blessing
G703;2;Welker;Beate;;1962-12-20;;+49712723063;beate.welker@gmail.com;Altdorf;nein;4zv82e2nVyoxZzcFh3Qj;Blessing
G703;2;Welker;Beate;;1962-12-20;+4915772058615;0712723063;beate.welker@gmail.com;;ja;olSBV0YcDvdkFDB496qM;Blessing
G704;2;Rück;Tim;;2010-12-07;+491601413944;;alexandra.rueck@mail.de;Reutlingen;nein;50FgKt4Keuvu1fwUhq9j;Blessing
G704;2;Rück;Tim;;2010-12-07;+491601413944;;;Reutlingen;nein;YKLTmA0zS4Y65fmmlwyu;Blessing
G705;2;Queisser;Harald;;1964-03-22;+491719788277;;h-queisser@outlook.de;Reutlingen;nein;50qDBxZZdCm6lGQUSdkc;Blessing
G705;2;Queisser;Harald;;1964-03-22;;+49745155660;;Reutlingen;nein;eqm2rFKe1sDrBWXtQXZi;Blessing
G706;2;Haritonski;Tatjana;;;+49 01573 7232059;;tatjana.62@gmx.de;;ja;53dgkeuLHjgRMIWyIzmK;Blessing
G706;2;Haritonski;Tatjana;;1962-06-09;+4915737232059;;;Reutlingen;nein;XiT4lLaXuZxBFFwLsqOe;Blessing
G707;2;Saleem Del Giudice;Enrique;;2011-03-15;;+4971211397931;;Reutlingen;nein;53fjhfOre8SVBHhPWz8w;Blessing
G707;2;Saleem Del Giudice;Enrique;;2011-03-15;+491704332963;;vali_1989@hotmail.de;Reutlingen;nein;Xb7n1rCB4aSSXPowAJkh;Blessing
G708;2;Bergold;Marcus;;1965-03-06;+491781458469;;marcus.bergold@gmx.de;Reutlingen;nein;53nK5emx7Zt3BP6HE3UU;Blessing
G708;2;Bergold;Marcus;;-152236800000;+491607032440;;;Reutlingen;nein;5wbPMDdaP7giprEsFE6G;Blessing
G709;2;Kächele;Karin;;1964-10-24;+4915737134125;+49712371739;;Dettingen an der Erms;nein;53oHl38JFdWFXwRVjI2e;Blessing
G709;2;Kächele;Karin;;;;+49712371739;;;nein;n12CvssgQJGgPhX7up3l;Blessing
G710;2;Vöhringer;Ulrich;;1953-05-14;;+497121754088;ulrich.voehringer@web.de;Pfullingen;nein;54TpHdyVkyfqhRq3sIG5;Blessing
G710;2;Vöhringer;Ulrich;;1953-05-14;;+49992330;ulrich.voehringer@web.de;Pfullingen;nein;NQkqTCWD0x5LPdnsTUMu;Blessing
G711;2;Bühner;Steffen;;1986-07-11;;+4971239560428;steffenbuehner@gmail.com;;nein;54W5B3QvYM4KMn17sgiY;Blessing
G711;2;Bühner;Steffen;;1986-07-11;+4917664229363;;;Metzingen;nein;RB6FIBz7aaTpvmJrPBLZ;Blessing
G712;2;Schöne;Dimonique;;1995-08-08;+491726523631;;dominiqueschoene@gmx.de;Reutlingen;nein;VcAanvacJ5qfIpi2JQAM;Blessing
G712;2;Schöne;Dominique;;1995-08-08;+491726523631;;dominique.schoene@gmx.de;Reutlingen;nein;552kZp1PBClOZDU8TxXG;Blessing
G713;2;Durmus;Cigdem;;1994-03-31;+491733283988;;cigdem.durmus@outlook.de;;nein;567i3FcutsEB9tHY843V;Blessing
G713;2;Durmus;Cigdem;;1994-03-31;;+497129600537;;Lichtenstein;nein;UBCaiE9jnTyfaGo4NN1y;Blessing
G714;2;Lepple;Martin;;1964-04-30;+491729383582;;;Altenriet;nein;FToao5kNW5xMtBIvQjIW;Blessing
G714;2;Lepple;Martin LEMA;;;+49 172 9383582;;martin.lepple@lema-cad.de;;ja;568Z7QnCCgGHgVBNbAaw;Blessing
G715;2;Knödler;Stefan;;1974-07-08;+329149;;;Reutlingen;nein;57LW9BqPqJaJKkfMzQ3D;Blessing
G715;2;Knödler;Stefan;;1974-07-08;;+497121329149;blank.knoedler@web.de;Reutlingen;nein;JbM2qOHu0unPkianH0PY;Blessing
G716;2;Alimi;Elhame;;1982-07-05;+491773285433;;;Bad Urach;nein;57kGVNae15CJ1j3UNsQW;Blessing
G716;2;Alimi;Elhame;;1982-07-05;+491773285433;;alimilami82@icloud.com;Bad urach;nein;mXC4kp4AlOzicEPHLWhm;Blessing
G717;2;Funk;Natalie;;1977-11-20;+491773951516;;;;nein;5BCOX4j42FVNmStN9hOe;Blessing
G717;2;Funk;Nathalie;;1977-11-20;;+497123161609;;Metzingen;nein;7KJDg98YHt0940vNNcRN;Blessing
G718;2;Lehre;Alfred;;1964-03-26;;+497121610669;;Reutlingen;nein;5F9OP9EJ8G622uJlI8H0;Blessing
G718;2;lehre;Alfred;;;;07121610669;;;nein;QWvvNKyrpBRCIfsFapWZ;Blessing
G719;2;Hasi;Hatixhe;;1973-03-09;+4915750175317;;hasihatixhe8@gmail.com;;nein;5FndnjmNScNQTivDO8EH;Blessing
G719;2;Hasi;Hatixhe;;100483200000;;+49712151152;;Reutlingen;nein;A3SrbMqKpioLawiMwCqV;Blessing
G720;2;Balzereit;Hans-J;;1948-05-30;;78461;;Pfullingen;nein;5FqVtzZFCRIKcyvDP3IM;Blessing
G720;2;Balzereit;Hans-Jürgen;;1948-05-30;;+49712178461;h-j-balzerereit@kabelbw.de;Pfullingen;nein;kQ9VushJ4U1ByiCO9mzK;Blessing
G721;2;Battisti Knoblauch;Gustavo;;1985-09-23;+491738983843;;gulagt@gmail.com;Reutlingen;nein;egyWV63GKcCXsJRoFHOF;Blessing
G721;2;Battisti-Knoblauch;Gustavo;;1985-09-23;+491738983843;;;Reutlingen;nein;5Fwplfx4kv67qfqVCu8O;Blessing
G722;2;Beck;Anita;;1954-01-24;;+49712181350;anitabeck@t-online.de;Eningen unter Achalm;nein;5GwuJDQ4sJmtUB9Viped;Blessing
G722;2;Beck;Anita;;1954-01-24;;81350;;Eningen;nein;UCB5ZZCzq2ANpAcOa9UE;Blessing
G723;2;Stock;Harald;;1958-05-23;;+497121670592;hstock.rt@t-online.de;Reutlingen;nein;5GxtWmT3uZYAsEpImwdh;Blessing
G723;2;Stock;Harald Roberto Egon;;1958-05-23;+4915141688068;670592;hstock.rt@t-online.de;Reutlingen;nein;i4q7NzekCSU4yDpFLoHU;Blessing
G724;2;Mayer;Peter;;;+491776004600;;;;nein;5HHAkEft433uQ7BEfkqg;Blessing
G724;2;meier;Peter;;74476800000;+491776004600;;;;ja;tM9zYGp421Kprs7Q2Z29;Blessing
G725;2;Ohr;Marius;;;+4917626424408;;;;ja;5IoKlRJtcnosPsgwDtDM;Blessing
G725;2;Rohr;Marius;;1963-12-03;+4917626424408;+49354640;marius.rohr@gmx.de;Reutlingen;nein;cxqilkwnb8kVLOmDjDqo;Blessing
G726;2;Kopp;Sara;;-55826323200000;+4915738231913;0703234901;kopp_sara@web.de;;nein;5J5ISVzXA6iII0t22nQd;Blessing
G726;2;Kopp;Sara;;;+49703234901;;kopp_sara@web.de;;ja;moHHwhRvgz54yhYT4MCb;Blessing
G727;2;Shen;Zijun;;2000-03-18;+4915236284219;;shen.zijun@qq.com;;nein;5JLohFtcCUOISUi6goxo;Blessing
G727;2;Shen;Zijun;;2000-03-18;+4915236284219;;;Reutlingen;nein;bw70cSvR6ZuQPhcPuEsi;Blessing
G728;2;slivka;valeri;;;;+4971233806895;;;nein;5KBvYWScIVcm0hFozlON;Blessing
G728;2;Slivka;Valeri;;1951-06-11;;+4971233806895;;Metzingen;nein;tDMvQRRAwycUKroSqHZ3;Blessing
G729;2;Armbruster;Irina;;1959-02-08;+491728878429;+497127889730;armbruster-tv@arcor.de;Pliezhausen;nein;5KaeagRXJ9CGrYqzeqmK;Blessing
G729;2;Armbruster;Irina;;1959-02-08;;+497072923033;;Pliezhausen;nein;RGGM09xKsBbhJXoTxaff;Blessing
G730;2;Euchner;Vroni;;-274320000000;;+49712333561;;Grafenberg;nein;5Kz7VhEVhrIBY3fnknrf;Blessing
G730;2;Euchner;Vroni;;1961-04-23;+491721994472;;vroni.euchner@freenet.de;;nein;gxtKH7mxu5bHGJRB22FR;Blessing
G731;2;pinter;magdalena;;;;+49712732438;;;nein;5LwwGjXvuIggqGS3fgli;Blessing
G731;2;Pinter;Magdalena;;1937-09-27;;+49712732438;;Neckartailfingen;nein;dnjZzRI1iY93Uv17V2F8;Blessing
G732;2;Hoyer;Heinz;;-989366400000;;+49712770542;;Reutlingen;nein;5M9qsZH2oU9DvFmg9xBB;Blessing
G732;2;Hoyer;Heinz;;1938-08-26;;+49716177950;hmhoyer@me.com;Reutlingen;nein;dhCINJYYeBAUb7mnQVCK;Blessing
G733;2;Soekmen;Meryem;;1970-08-10;;+4971211270550;;Reutlingen;nein;5McCLmrJK8VRhaiPSG84;Blessing
G733;2;Sökmen;Meryem;;1970-08-10;;+4971211270550;sedasoekmen@yahoo.de;Reutlingen;nein;WTJ6VcgBPVdSTSi1gKBA;Blessing
G734;2;Fehn;Erika;;1958-11-20;;+4971214804088;;Eningen;nein;j5edkkeazaTbO6DwcNmj;Blessing
G734;2;fern;erika;;;;+4971214804088;;;nein;5Mcii9GjNjmPRxFbQUFI;Blessing
G735;2;Hörmann;Patrick;;1996-07-12;;337913;patrick.hoermann@gmx.net;Reutlingen;nein;5MrmnJflqHM32SEcHahJ;Blessing
G735;2;Hörmann;Patrick;;837129600000;;;;;nein;me5dAaVb3bA7Fo5i7Won;Blessing
G736;2;Giorgini in Caruso;Vincenza;;1946-01-22;;;;Reutlingen;nein;5Nhc9g9Lju9w5ixxPaSo;Blessing
G736;2;Giorgini in Caruso;Vincenza;;1946-01-22;;;;Reutlingen;nein;tGWeEW2Fb3GQNxugxLit;Blessing
G737;2;Rothe;Susanne;;;;;susanne.rothe@online.de;;ja;5NyoP7HjX9dv6RubbFxA;Blessing
G737;2;Rothe;Susanne;;1965-06-03;+491789325684;+497129932911;susanne.rothe@online.de;Engstingen;nein;99cP5iX8YbLMV4qiobeI;Blessing
G738;2;Schwille;Hans Dieter;;1957-04-01;;+497129693914;;Lichtenstein;nein;5O2gt06QBKpYpnMaaCbD;Blessing
G738;2;Schwille;Hans-Dieter;;;;+497129693914;;;nein;6mphDyBaFx1YoCkQhD9C;Blessing
G739;2;Kazmaier;Pia;;1996-09-10;+491774944390;+497125408571;;Kohlberg;nein;5O3thw0Hu2fxC5ZyRvFq;Blessing
G739;2;Kazmaier;Pia;;1996-09-10;+491774944390;;pia.kazmaier@t-online.de;Kohlberg;nein;z1LtFK5JqhPOEQbMmvJ0;Blessing
G740;2;Cipolla;Calogero;;364089600000;+4915752109007;;s.paci789@hotmail.it;Dettingen an der Erms;nein;5PNheeV3uzA6MCPwx9Qt;Blessing
G740;2;Cipolla;Calogero;;1981-07-16;+4915732297625;;s.paci789@hotmail.it;Dettingen;nein;ghu8eokD4lBr3itzuMgx;Blessing
G741;2;Buscemi;Maurizio;;1988-08-10;+4915757546174;;;Reutlingen;nein;5Pt1O6ovySn5PvT0hRHA;Blessing
G741;2;bushimi;mauritio;;1988-08-10;+4915757546174;;;;nein;vxnJrn0btChLzTqw0i2S;Blessing
G742;2;Fälchle;Nicole;;1989-03-04;+491778747276;;nici_schaefer@gmx.de;Altdorf;nein;5Qevyvb5BrakCxagoFoS;Blessing
G742;2;Fälchle;Nicole;;1989-03-04;+491778747276;;;Altdorf;nein;KbAX4liTitKAHz2GIdBw;Blessing
G743;2;Greulich;Katharina;;;+491629463413;;katharina.greulich@posteo.de;;ja;5Rt4Wut34u0Kr7CcS6kX;Blessing
G743;2;Greulich;Katharina;;1990-12-19;+4915154066815;;katharina.greulich@posteo.de;Rottenburg;nein;GUEnJZqrRnUbgaaLloUs;Blessing
G744;2;Fischer;Stephanie;;1993-04-09;+4917657764844;;steffiii_f@hotmail.de;Erkenbrechtsweiler;nein;5SPbHEbqjvYOUiUXjRDY;Blessing
G744;2;Fischer;Stephanie Vanessa Janin;;1993-04-09;+4917629152668;;;Erkenbrechtsweiler;nein;R51XgzG4ySvZHMsvc7cr;Blessing
G745;2;Hauder;Dorothee;;1984-11-08;+4915222818587;;d-hauder@web.de;Reutlingen;nein;5T2AyFrE6HLkPWtvrWtv;Blessing
G745;2;Hauder;Dorothee;;1984-11-08;+4915222818587;;d-hauder@web.de;Reutlingen;nein;MygG0h2IogQ2kDFi5y7w;Blessing
G746;2;Vavelidis;Valentina;;2019-10-28;+4917632425034;;;Reutlingen;nein;5UYFF3ObbHoKBmKuVj6X;Blessing
G746;2;Vavelidis;Valentina;;;+4917632425034;;;;nein;bDGQ8s3aJ5tMXK0PjeJh;Blessing
G747;2;Lux;Lee Christof;;1960-11-03;+4915758897427;;luxies4@arcor.de;Filderstadt;nein;dEWKFh2C3qEAMQhgq2JQ;Blessing
G747;2;Lux;Lee-Christof;;-289094400000;+4915758897427;;;Filderstadt;ja;5UyObdCbTzedeVlRaANk;Blessing
G748;2;Budak;Janet;;847411200000;;622001;;Reutlingen;nein;5UzvRc2aZjTNbC2NCib3;Blessing
G748;2;Budak;Janet;;847411200000;;;;Reutlingen;nein;7mDoKQ9CDKBD9NFDyMm9;Blessing
G749;2;Nass Felsky;Iara Leticia;;;+4917621277877;;iara.nass.in@gmail.com;;ja;Os39xEE1AVBMXVRjqRd5;Blessing
G749;2;Nass Felsky;Lara Leticia;;1982-01-16;+4917621277877;;iara.nass.in@gmail.com;Bad Urach;nein;5Wd7Zqxi373K9mRhPK35;Blessing
G750;2;Kunz;Yolanda;;2020-02-26;+4915140392100;;dennis.kunz.web@web.de;Kirchheim unter Teck;nein;jsiVaXmlQhl3yOVvyP3T;Blessing
G750;2;Kunz;Yolanda Aurora;;2020-02-26;+4915140392160;;;Kirchheim;nein;5YqDyRBTCpx6I9lGrsUy;Blessing
G751;2;Hartig;Jochen;;392515200000;+491727421611;;dani_hartig@yahoo.de;Frickenhausen;ja;5ZYo76HTnFEFdgNqGHth;Blessing
G751;2;Hartig;Jochen;;1982-06-10;+491727421611;;jochen.h1010@gmail.com;Frickenhausen;nein;o1PNyHpa3oyBPj71QIiZ;Blessing
G752;2;Keppler;Barbara;;1965-04-19;+4915208499389;;babsi.bk65@gmail.com;Pfullingen;nein;5aG0U103TXbP1YTM2p73;Blessing
G752;2;Keppler;Barbara;;1965-04-19;+491725186526;+49712182428;;Pfullingen;nein;ywdQT0a0HNIbHsPVD9Wd;Blessing
G753;2;Heugel;Jonathan;;1155513600000;+4915751148802;+4971239585398;ulrike.heugel@gmx.de;;ja;5aXcr4ijbtOVCDLvER3z;Blessing
G753;2;Heugel;Jonathan;;2006-08-14;;+4971277289327;;Grafenberg;nein;LsrHZWKHbXfsL5K7XjYw;Blessing
G754;2;silva da costa;nina;;2000-12-27;;;;;nein;wVzzdPYC6uEDmpM84gPJ;Blessing
G754;2;Silva da Costa;Nina Marie;;2000-12-27;+4915737291770;;;Lichtenstein;nein;5aoAddVaqu7pKFjwWcwV;Blessing
G755;2;Wellhaeusser;Daniela;;1975-10-30;+4915110535308;+497123720698;daniela.nils@web.de;Riederich;nein;oESUs6yIgTGGH6lfztMq;Blessing
G755;2;Wellhäußer;Daniela;;;+1 511 053 5308;;daniela.nils@web.de;;ja;5b84F7NpJBih2jucfzga;Blessing
G756;2;Schneider;Bernhard;;137980800000;+4915119512809;;schneider.art@web.de;;nein;5bh4SXYi75GDqBZRovLO;Blessing
G756;2;Schneider;Bernhard;;137980800000;;+4971233282;;Sonnenbühl;nein;U35KtZhGBixXTZ8mOI53;Blessing
G757;2;Deuschle;Rainer;;-441244800000;+491739648656;961350;;Pliezhausen;ja;WTK45zyKhRvA9hbkmTZe;Blessing
G757;2;doischle;rainer;;;+491739648656;;;;nein;5ddZOZqXku9BQSoD70iw;Blessing
G758;2;Salmen;Noah;;2011-05-19;+491781797538;;suasalmen@gmail.com;Kusterdingen;nein;5dqnNExVACNbh4p7mIN0;Blessing
G758;2;salmen;noah;;;+491781797538;;;;nein;fcnH4PIByizAv8AifAgQ;Blessing
G759;2;Jro;Hanaa;;2000-07-01;;;;Metzingen;nein;5e7Cx53UWGkXWuCaajfC;Blessing
G759;2;Jro;Hanaa;;2000-07-01;+4917672525562;;;Metzingen;nein;YCTN6kHoATAGKqMNrs1r;Blessing
G760;2;Schüler;Jael;;2017-08-28;;+4970721260183;sonja@mail-schueler.de;;nein;YoAcOS0thmWsLRRduPiK;Blessing
G760;2;Schüler;Jael Marie;;2017-08-28;;+4970721260183;;Dußlingen;nein;5fBnRwq7ly4Gx5Hs650z;Blessing
G761;2;Redinger;Luke;;2002-08-27;;+497022941593;;Nuertingen;nein;Dgf7kyO7FUfrPWOxW2Bx;Blessing
G761;2;Riedinger;Luke;;2002-08-27;;+497022941593;;;nein;5g3zDdc2K6brHGqcuJUr;Blessing
G762;2;Rühl;Christel;;1948-02-20;+491734611479;;;Reutlingen;nein;5iNkbr9321zSlsSTTcXo;Blessing
G762;2;Rühl;Christel;;1948-02-20;;;;Reutlingen;nein;woGlxvRBSnaWEBoU3xnc;Blessing
G763;2;siegberg;marina;;;+4915786503375;;;;nein;5jJ64KEUvhtjrafzliPm;Blessing
G763;2;Wickberg;Marina;;1987-07-29;+4915786503375;;marina_stoller@freenet.de;Riederich;nein;IUbuWApaXs0VMFrHanj9;Blessing
G764;2;Dorau;Almuth;;1974-04-21;;+497123925852;;Metzingen;nein;5jO6xo08ccfzMHMEORUk;Blessing
G764;2;Dorau;Almuth;;1974-04-21;+491771535653;;fam-dorau@web.de;;nein;MSiL2h0w569ezwQu9Ijz;Blessing
G765;2;kürz;renate;;;;+49712331729;;;nein;5jShGrWXZGziSpUyVvlZ;Blessing
G765;2;Kürz;Renate;;1954-11-26;;+49712331729;;Riederich;nein;U9SIQrU20kcViURXyhMV;Blessing
G766;2;Schubert;Ann-Katrin;;1994-03-11;;;;Pfullingen;nein;5jedfOyK5YPmcy0ESBcC;Blessing
G766;2;Schubert;Ann-Katrin;;1994-03-11;+4915731342149;;ann-katrin@aha-schubert.de;Konstanz;nein;x1819cbfKDA9CjQh1wLd;Blessing
G767;2;Kadriu;Leon;;2010-12-15;+491739194209;;kadriuilber@icloud.com;Metzingen;nein;5kGKexYRMyEmZi9qhzxi;Blessing
G767;2;Kadriu;Leon;;2010-12-15;+4915756206567;;;Metzingen;nein;VbnlcRWrRf78G3R7tpJZ;Blessing
G768;2;Theurer;Isabella;;;;;I.Theurer@gmx.de;;ja;5kfyLwf1VF6pwUuFCQjW;Blessing
G768;2;Theurer;Isabella Elfriede;;1959-06-08;+491743284155;;i.theurer@gmx.de;Reutlingen;nein;fSe7hGnNIGzKwe9xuzWy;Blessing
G769;2;Ekinci;Finja;;2018-02-08;+491783137158;;;;nein;9ekQvQv1B5OjaLdUafIG;Blessing
G769;2;Ekinci;Finja Lysann;;2018-02-08;+491783137158;;;Reutlingen;nein;5kih44Uy02tx4O4kraAT;Blessing
G770;2;Heusel;Liz;;2002-02-20;+4915782882743;;heuselliz@gmail.com;Pfullingen;nein;5mJf3N632p0uOXu4uZ2f;Blessing
G770;2;Heusel;Liz;;2002-02-20;+4915782882743;;;Pfullingen;nein;dD8oaPuFTXmI90V1Akr2;Blessing
G771;2;Breuer;Michael;;1951-06-17;+491711539216;;michael@s-j-breuer.de;;nein;5mXytE5lf80RbEjoGBWd;Blessing
G771;2;Breuer;Michael;;1951-06-17;;+49712392310;;Metzingen;nein;Noois9lUeM2lu2cvF8hP;Blessing
G772;2;Buck;Sonja;;1963-01-09;+491757198759;;sonja.buck@freenet.de;;nein;5myBDyKKepJl7Jtu1o0S;Blessing
G772;2;Puck;Sonja;;;+491757198759;;;;nein;r89a6gb18RUUSOm4gmjx;Blessing
G773;2;Werz;Silke;;1976-07-11;;+497387985813;silkewerz@freenet.de;Hohenstein;nein;hOe5Ys0Epm2fEOLJTi0r;Blessing
G773;2;Werz;Silkr;;205891200000;;;;;nein;5oDggNTgyYJC5JUEYLH6;Blessing
G774;2;Runkel;Waltraut;;1940-02-02;;+497121371329;;Reutlingen;nein;5oqs7TsBY20rud1Suxv3;Blessing
G774;2;Runkel;Waltraut;;1940-02-02;;;;Reutlingen;nein;vzrynN1SzJjKQshUggt0;Blessing
G775;2;Görgülü;Dilanur;;2004-09-14;+4915780949896;;;Pfullingen;nein;5pWNCj5VoUtzZ1kf6eV3;Blessing
G775;2;Görgülü;Dilanur;;2004-09-14;+4915142048110;;dilanurgorgulu@outlook.de;;nein;spDo7PYFGiIPE97JEjqz;Blessing
G776;2;Hasi;Ylber;;1974-02-25;+4917698985910;;;Reutlingen;nein;5qVoEJg7WvZxlPMBekIc;Blessing
G776;2;Hasi;Ylwer;;1974-02-25;+4915750175317;;;;nein;TCZlbxRKabd8cchxJX6V;Blessing
G777;2;Randecker;Petra;;1971-04-26;;+4970724830;;Reutlingen;nein;5qcxWQgYLOEYl5SyOAJO;Blessing
G777;2;Randecker;Petra;;1971-04-26;+4915730721343;;petra.randecker@gmail.com;;nein;o4rln2LBWafDrZEpSKBB;Blessing
G778;2;Uidel;Yvonne;;;+4915772910033;;;;nein;5qo9tMqPVEPuwG2VFuhj;Blessing
G778;2;Uidl;Yvonne;;1974-06-02;+4915772910033;;vonni74@gmx.de;Metzingen;nein;iSHmNodYfKBgFkFYagMH;Blessing
G779;2;Kraft;Karoline;;2008-04-10;+491756686801;;constanzemarggraf@gmx.de;Metzingen;nein;oVmlv13W5E4kWgxMKhCm;Blessing
G779;2;Kraft;Karoline Maria;;2008-04-10;;+4971239531831;;Metzingen;nein;5ruLj0YXocZE7Zck4mGQ;Blessing
G780;2;Haberl;Max;;805593600000;+491627739154;;max.emil.haberl@gmail.com;Tübingen;nein;GaQAiRwU8rlBWIPzQ9M0;Blessing
G780;2;Haberl;Max Emil;;1995-07-13;+491627739154;;;Reutlingen;nein;5s714UNrdXWHtaKdq1ur;Blessing
G781;2;Dorsch;Christel;;1937-12-17;;+49712360939;;St. Johann;nein;5sUve8A1IncDsfGYl5MN;Blessing
G781;2;Dorsch;Christel;;1937-12-17;+491744202352;;g.steudle@web.de;St. Johann;nein;hqJNsV79I0BFtHWjWsog;Blessing
G782;2;koukou;anastasia;;1962-12-09;+491743383102;;anastasiakoukou09@gmail.com;;nein;5sgvxg3z37SWyOZS5thi;Blessing
G782;2;Koukou;Anastasia;;-222912000000;;347924;;Pfullingen;nein;ZlRihS3XqEpcVusdL6DR;Blessing
G783;2;Hering;Katharina;;1990-01-04;;;;Schlaitdorf;nein;hs7LnCUVio4vlQHnf3Kh;Blessing
G783;2;herring;katharin;;1990-01-04;+4917623144871;;;;nein;5stney0EVMxR4bBPKt5M;Blessing
G784;2;Ernst;Tillman;;2005-04-15;;+497121820863;ernstkohler@t-online.de;Eningen;nein;5tBS3Yb6c6B26Zn2CL45;Blessing
G784;2;Ernst;Tilmann;;2005-04-15;;820863;;Eningen;nein;aE2mY0WVwjbNE2i72ibC;Blessing
G785;2;Ferencevic;Cristina;;1984-12-31;;+4971211391524;;Reutlingen;nein;JEMdPfGvAkMmgmcDmvED;Blessing
G785;2;Ferrenncevic;Christina;;1984-12-31;+4915208840213;;;;nein;5uKdScTGckzKGsKWt41a;Blessing
G786;2;Goncalves Pereira;Maria;;1962-02-11;;320792;;Reutlingen;nein;8XvkrSw4DjWDrFLgZ8Et;Blessing
G786;2;Goncalves Pereira;Maria Julia;;1962-02-11;;+497121320792;vania-pereira@web.de;Reutlingen;nein;5uWdV6SpFpY32SyOqVdw;Blessing
G787;2;Hochgreve;Doris;;1943-05-09;+491631982586;;hochgreve@gmx.de;Reutlingen;nein;5uplhpsSzk0e62M5BIKe;Blessing
G787;2;Hochgreve;Doris;;1943-05-09;;610422;;Reutlingen;nein;uwNUCor9jsNsx9PFzXDn;Blessing
G788;2;Groepler;Guenter;;-798768000000;;+49712360008;;Metzingen;nein;5vPT8RFUcdmST66qcwa4;Blessing
G788;2;Groepler;Guenter;;1944-09-09;+4915175026339;+4971224529898;guenter-groepler@t-online.de;Metzingen;nein;Yf3gme7BLrsN3B3SbDEP;Blessing
G789;2;Weisshaar;Benjamin;;1999-04-17;+4917643828467;;benjamin.weisshaar@web.de;Münsingen;nein;5vVmLqVHPxioszHP4mXU;Blessing
G789;2;Weißhaar;Benjamin;;;+49 176 43828467;;benjamin.weisshaar@web.de;;ja;XpKupLdDT1M7GetzOgcU;Blessing
G790;2;rosner;anja;;;+4917666546059;;;;nein;5wEncgzfouSw2U5gXTI4;Blessing
G790;2;Rosner;Anja;;1991-10-25;+4917666546059;+49707280706;;Reutlingen;nein;xwiEmpSrKVveawq8v9fM;Blessing
G791;2;Haug;Rainer;;1950-10-15;;+497121240944;haug-reutlingen@t-online.de;Reutlingen;nein;5xL2eSnyeelP4snhtv7y;Blessing
G791;2;Haug;Rainer August;;1950-10-15;;;;Reutlingen;nein;8M8DXWNPuF36j6wCw8pY;Blessing
G792;2;Spohn;Verena;;1982-09-10;;;;Reutlingen;nein;5y1I90HaH0etGTKSJ2fX;Blessing
G792;2;Spohn;Verena;;1982-09-10;+491774978666;;verena.spohn@gmx.de;;nein;YUYeV9WbyYLhUXEFr3CN;Blessing
G793;2;Sen;Shalinee;;1997-09-11;+491738706044;;senshalinee@gmail.com;Frankfurt am Main;nein;5yIVaWOW773doCs0LSQo;Blessing
G793;2;Sen;Shalinee Matadeen;;1997-09-11;+491738706044;;;Reutlingen;nein;Nqm91KBFegwfRgOcOJQ8;Blessing
G794;2;Jabakhanji;Linda;;2002-11-09;+491739251015;;linda.jabakhanji@web.de;;nein;5z49W3dKZfRx0PE7VdLA;Blessing
G794;2;Jabakhanji;Linda;;2002-11-09;+491749070414;+4971211391502;;Reutlingen;nein;sPhl1QeXdCvZPwQXaKVz;Blessing
G795;2;Tedesco;Emilio;;2013-01-18;;+4971211393544;;;nein;7AVEo45JhWUVrZY2T8Ho;Blessing
G795;2;Tedesco;Emilio Noah;;2013-01-18;+4917664051149;+4971211393544;;Reutlingen;nein;5zSbGL4DnAG52WTdUElw;Blessing
G796;2;Klesch;Renate;;-732758400000;;+4971211365167;daniela.klesch@web.de;;nein;609UobunHj3AMWsrFLa8;Blessing
G796;2;Klesch;Renate;;-732758400000;;+4971234946;;Pfullingen;nein;xyKRNz10UQTAFQ7hfHni;Blessing
G797;2;Spenzel;damian;;1992-10-20;+491758844226;;;;nein;60EQYUX7t563E5bUZo7K;Blessing
G797;2;Stenzel;Damian;;1992-10-20;+491758844226;;;Reutlingen;nein;MSElSg7Tb6qQbm19SyWj;Blessing
G798;2;Kowoll;Anita;;1957-03-09;+491774917010;;;;nein;60NksX6kC29gIELkB1XA;Blessing
G798;2;Kowoll;Anita Barbara Maria;;-404438400000;+491774917010;;;Reutlingen;ja;kz8eezuYLABx8Xl6DeZP;Blessing
G799;2;Jetter;Richard;;;;+49712770617;;;nein;60XC3SbpoD9BvVgrh3jF;Blessing
G799;2;Jetter;Richard;;1935-08-04;;+49712770617;;Reutlingen;nein;DPzCpUGq0werFVHQHJeh;Blessing
G800;2;Tran;Le-Diem-Trang;;1966-01-24;;;;Reutlingen;nein;UvuiV9vIbR2K6dG2EXrp;Blessing
G800;2;Tran;Le-Dien-Trang;;1966-01-24;;;;Reutlingen;nein;612bcRxHpnvdATMU4D2p;Blessing
G801;2;Ülkü Ören;Söngül;;1981-02-10;;;;Gäufelden;nein;62NmianWxZYpqTfn4Jd9;Blessing
G801;2;Ülküören;Songül;;1981-02-10;+4917670153131;;ulkuorensongul@gmail.com;;nein;nCgOsqIyGAy6DyioxtCq;Blessing
G802;2;Baumgärtner;Gesa;;1992-10-11;+4915102384462;;;Pfullingen;nein;62V8WAp4cVuOVLIy9x5q;Blessing
G802;2;Baumgärtner;Gesa;;1992-10-11;+4915202384462;;gesa-baumgaertner@t-online.de;;nein;Lw6MsSLA8hHh0lyg1ufR;Blessing
G803;2;Mang-Hendra;Irene;;1959-09-17;+491637306544;+497121820600;irenemang@online.de;Reutlingen;nein;62pgGLIhkx7WbEUgRgc0;Blessing
G803;2;Mang-Hendra;Irene;;;+07121820600;;irenemang@online.de;;ja;zQfCfOQ7i0buFGerv0hE;Blessing
G804;2;Safaridou;Aikaterini;;1936-12-27;+491725962854;;sofia_safaridou@web.de;;nein;62uoEqJ9vRAriOEVHaNs;Blessing
G804;2;Safaridou;Aikaterini;;1936-12-27;;+497127934003;;Neckartenzlingen;nein;s8tfAqTKtzZGyUNjSfZk;Blessing
G805;2;Nguyen;Tomy Kha;;;+4915209842230;;tomykhanguyen@yahoo.de;;ja;635NNLoiWGylwJKfTprw;Blessing
G805;2;Nguyen;Tomy-Kha;;904780800000;+4915209842230;;tomykhanguyen@yahoo.de;Reutlingen;ja;sB4LI3uQekngUsTEXdFB;Blessing
G806;2;Ebert;Stefan;;1964-12-08;+491728035974;+49712320373;sundcebert@web.de;Metzingen;nein;63CYOePFc1o4hWmpe9YS;Blessing
G806;2;Ebert;Stefan;;1964-12-08;+491728035974;;sundcebert@web.de;Metzingen;nein;ogNY1nMAtUNbit5lMbSN;Blessing
G807;2;gebru;Lidet;;1988-06-22;;;;;nein;63DGeq1UCc0TRYGbjyPU;Blessing
G807;2;Gebru;Lidet Abay;;1988-06-22;+4917686162218;;;Reutlingen;nein;OVTFwqb2UE8j7f8eLEWl;Blessing
G808;2;Piskin;Nihan;;1989-04-21;+4915209205537;;nihan.o@hotmail.de;;nein;64RHxd3wnqcy7cAKSkhl;Blessing
G808;2;Piskin;Nihan;;1989-04-21;+4915209205537;+494954383;;Reutlingen;nein;DtvlRI6SCKu4CiqUY0Zs;Blessing
G809;2;sarkanaf;Gabriele;;2006-10-24;;;;;nein;dxBjrm9XFQoFudYtF8fx;Blessing
G809;2;Sarkanas;Gabrielius;;2006-10-24;+491639735578;;;Eningen;nein;64SCMuusNr3QYONIPfAe;Blessing
G810;2;Arziman;Filiz;;1982-05-30;+491743652228;;filizpelit23@hotmail.com;Reutlingen;nein;64rGObF87hs78Dmok9O1;Blessing
G810;2;Arziman;Filiz;;1982-05-30;+491738920394;;;Reutlingen;nein;6Ho8Hre0PH4Xdrlc6QFF;Blessing
G811;2;Wilhelms;Natalie;;349660800000;+491703486660;;nhwilhelms@web.de;;ja;66VMnApBfD2CE9o5R93P;Blessing
G811;2;Wilhelms;Natalie;;1981-01-30;+491703486660;;;Neckartailfingen;nein;nadsgn0mvHBbeJQESmHL;Blessing
G812;2;klemenz;lukas;;2003-12-13;;+4971221305;;;nein;cuTkprIE49IDNWJYEfOr;Blessing
G812;2;Klemenz;Lukas Noah;;2003-12-13;;+4971221305;lukiklemenz@gmail.com;St. Johann;nein;66lMjhomG5DiRkiCQhFU;Blessing
G813;2;Baltsios;Niko;;2003-02-26;+491717059186;;kaba12@t-online.de;Reutlingen;nein;67NeDgKa4mmsyezegqYr;Blessing
G813;2;Baltsios;Niko;;2003-02-26;;+49230417;;Reutlingen;nein;jk6pBtCKdqErv6X6c0Tt;Blessing
G814;2;KOZAK;Leon;;1999-07-31;+491742497721;;leon.sebastian.k@gmail.com;Hamburg;nein;sYjmkJ2JyMzcR53h6kNN;Blessing
G814;2;Kozak;Leon Sebastian;;1999-07-31;+491742417721;;;Reutlingen;nein;686UYtSCpLhPs52M3Dmu;Blessing
G815;2;Nezirovic;Roland;;1974-09-29;+4915759364961;;;Großbettlingen;nein;68G9kA3qSVi0SgwpNCr8;Blessing
G815;2;Nezirovic;Roland;;1974-09-29;+4915224461286;;nezirovicroland@gmail.com;;nein;QtRwi30lDd3XhgH2Y1vo;Blessing
G816;2;Reichert;Hannah;;2002-12-23;+4917682619131;;;;nein;68H2Qk0Tuq653NVUA4PS;Blessing
G816;2;Reichert;Hannah;;1040601600000;;017623126648;;;nein;IAihtyHCJvhATjw67uDc;Blessing
G817;2;Silberhorn;Jannik;;2003-03-13;+4915734599855;;;Hülben;nein;68nYt0WHPoIzGEFS5KEa;Blessing
G817;2;Silberhorn;Yannik;;2003-03-13;+4917687989960;;;;nein;e7LDEJ4P3yfxVHlIOP9R;Blessing
G818;2;Brausse;Claudia;;1970-07-18;+491733231178;+49712187675;;Eningen;nein;9560QyJ22WD4uTGjrZjM;Blessing
G818;2;Brauße;Claudia;;1970-07-18;;+49712187675;stephan@fam-brausse.de;Eningen;nein;69Q7R6dF0bQalK9cNpFx;Blessing
G819;2;Ruggaber;Julian;;1997-01-07;;+4974734361;;Nehren;nein;69gpZc1eawpdYSdRkPyR;Blessing
G819;2;Ruggaber;Julian;;1997-01-07;+491725966545;;julrug@web.de;;nein;7aW1PV6nr6gZeCnWvq9d;Blessing
G820;2;Fotiadou;Ioana;;1966-07-28;;+497121339456;;Reutlingen;nein;69qb3QvoX99y0aJNz6ME;Blessing
G820;2;Fotiadou;Ioanna;;1966-07-28;+491747551350;;ioanna.fot66@web.de;;nein;lAJblNY0OLEsExwagvk6;Blessing
G821;2;Loechner;Tommy;;2003-04-16;+4915234729766;;jelenalochner@gmail.com;Riederich;nein;6A08gzG5bQUIrNLp1SZv;Blessing
G821;2;löchner;Tommy;;1050451200000;+491727351858;;;;ja;WGbH285ORDZSMhSeOXcE;Blessing
G822;2;Beckler;Anna;;1939-06-11;;+497127922625;;;nein;6Amaq5ibFXW4PaHNh8Um;Blessing
G822;2;Betzler;Anna;;1939-06-11;;+497127922625;;Altenriet;nein;TLmEKKJtOORAtoaNo3mx;Blessing
G823;2;Sautter;Lenny Finn;;2020-06-08;+4917620453222;;;Reutlingen;nein;6Apu76gQ1SxzUe8ZZlZ3;Blessing
G823;2;Vautter;Lemmy;;2020-06-08;+4917620453222;+49712166878;;;nein;wmcItTaymiknf586QrU9;Blessing
G824;2;Munz;Marc-Oliver;;1991-02-27;+491743429103;;marc.oliver.munz@gmail.com;Neuffen;nein;6AwJb2bOky8rpql852aR;Blessing
G824;2;Munz;Marc-Oliver;;1991-02-27;+491743429103;;trash@munz4u.de;Neuffen;nein;aT0zD6gUqHFCmrVqyl9T;Blessing
G825;2;Zelenika;Sabina;;1989-06-13;+491624093849;;;Pfullingen;nein;6DcQZ8rS8mHUX8PoRR4M;Blessing
G825;2;zelnika;sabina;;1989-06-13;+491624093849;;;;nein;zyOZsDXYlq3S2Q96W9ik;Blessing
G826;2;Belanov;Patrik;;959904000000;+4915150972187;+497121209883;patrik.belanov@googlemail.com;;ja;6DlFtNaWwkGejqyAD9Ye;Blessing
G826;2;Belanov;Patrik;;2000-06-02;;299883;;Reutlingen;nein;lS3IncKAtZjD5DtXTmA7;Blessing
G827;2;Alshaher;Saleh Hamad;;2009-01-01;+491718175151;;;Metzingen;nein;6F18CqWnEf8ml39p5qod;Blessing
G827;2;Alshaher;Saleh Hamad;;2009-01-01;;+497121268484;hze-reutlingen@ib.de;;nein;T4fjO2xnV8vrGSE5Qtrs;Blessing
G828;2;Braun;Maya;;2000-04-30;+4915738458322;;mayabrn16@gmail.com;;nein;6F1zPBBeYgWeVjemjmRW;Blessing
G828;2;Braun;Maya;;2000-04-30;;+497129694692;;Lichtenstein;nein;YHEDt1NFfWJrKB7vvw5V;Blessing
G829;2;Bayram;Ali;;1968-03-04;+491752743878;;;Metzingen;nein;6FYeBnqJilUj6LED4a56;Blessing
G829;2;Bayran;Ali;;1968-03-04;;+4971752743878;;;nein;Brt091SDOsFo0lD8ZzdO;Blessing
G830;2;Sezer;Hilal;;1989-11-22;;3836240;;Reutlingen;nein;6G6NO3oi9ohZ86kqw4z1;Blessing
G830;2;Sezer;Hilal;;1989-11-22;+4915786069433;;hilalsezer53@gmail.com;;nein;Fs3J9FqqHHMPk0aXThvZ;Blessing
G831;2;Retig;Stefan;;1969-08-26;+4915777708111;;retz869@gmail.com;Riederich;nein;6GCs70CU5ii7yR7bYacO;Blessing
G831;2;Retig;Stefan;;1969-08-26;+4915777708111;;retz869@googlemail.com;Riederich;nein;zUzRRSO7zOqM4xd8rwXd;Blessing
G832;2;Muche;Peer;;2001-09-21;+4915204737643;;peermuche@posteo.de;;nein;6GNRP86qPLUlAmuJrvcw;Blessing
G832;2;Muche;Peer Jannis;;2001-09-21;+4915204737643;;;Uhldingen-Mühlhofen;nein;aLpIjFmbPdCOi35MvWto;Blessing
G833;2;Haile;Zyta;;1970-02-17;+4915750495392;;zytahaile@gmail.com;;nein;6GSysEvr98QIVLXWdHV3;Blessing
G833;2;Haile;Zyta;;1970-02-17;+4915750495392;+4970729278611;zytahaile@gmail.com;Reutlingen;nein;7ycUrTxWGWVTuRFrvUkZ;Blessing
G834;2;Felbinger;Julia;;1995-09-27;+491636765053;;;Grafenberg;nein;cPeYTNVg74nELIPcKRaF;Blessing
G834;2;felinger;julia;;1995-09-27;;;;;nein;6GwsqKfNwdE2SxVc6dFJ;Blessing
G835;2;Markic;Gabrijela;;1973-12-05;;+4971219294880;v.g.s.l.markic@t-online.de;Reutlingen;nein;6IyMe5Iwfi6dNrLHcFGf;Blessing
G835;2;Markic;Gabrijela;;1973-12-05;;+499294880;;Reutlingen;nein;msioE3ROlbUWEkuMmJUF;Blessing
G836;2;Klein;Elisabeth;;-1034985600000;;+497123206108;;Metzingen;nein;6J6RNLs6Jh1eXv0jm7HC;Blessing
G836;2;Klein;Elisabeth;;-1034985600000;;;;;nein;6TQpPdNXcUPqAgBLdju7;Blessing
G837;2;Moll;Rudi;;1953-04-17;+4917642695176;+4971239580788;;Metzingen;nein;6J9SP94VJya32Wzl18Kg;Blessing
G837;2;moll;rudi;;;;+4971239580788;;;nein;r4fqWiRURBhSrYMrNDa0;Blessing
G838;2;Sigg;Alexandra;;51926400000;+491622719772;;alexandrasigg35@gmail.com;Reutlingen;ja;6JyH1rsFVCbBaZFoIEcV;Blessing
G838;2;Sigg;Alexandra;;51926400000;+491622719772;+496962837;;Reutlingen;ja;6v5AYBi29R6FdjGKG8Wi;Blessing
G839;2;Osswald;babel;;1974-06-04;;;;;nein;Qpgtt2BSoEyoTRoksqW7;Blessing
G839;2;Osswald;Bärbel;;1974-06-04;+4916097538499;;;Sonnenbühl;nein;6JyvjQN09hb3zcgztu6Z;Blessing
G840;2;Malgac;Safak;;1975-01-08;+491726076580;;malgac@hotmail.com;;nein;6LTh5FCSiUY3yQSkn1Pc;Blessing
G840;2;Malgac;Safak;;1975-01-08;;+497121346515;;Reutlingen;nein;dYWImAp7ou8LpqRGG9ZV;Blessing
G841;2;Wolf;Christoph;;1985-09-27;+4915165858551;+4971218900310;christophwolf85@gmx.de;;nein;6MemR2T2ahIjiut4GE6T;Blessing
G841;2;Wolf;Christoph;;1985-09-27;;8900310;;Reutlingen;nein;7SA16pAuaavC2SfvZzSW;Blessing
G842;2;Jetter;Dorothea;;-990144000000;+4915123014917;491624;;;ja;6MqrQXocEMxfOHqJsA9w;Blessing
G842;2;Jetter;Dorothea;;-990144000000;+491717139340;;;Reutlingen;ja;Rld00bxhhlCWO0fJS8Ct;Blessing
G843;2;Fuhr;Kerstin;;5702400000;;6603247;;;nein;6NYli2WEvKuNEsZCfSJY;Blessing
G843;2;Fuhr;Kerstin;;1970-03-08;+3363247;+49603247;;Reutlingen;nein;zUv2fN1CCkNCRRUh5pzm;Blessing
G844;2;Bach;Gisela;;1963-06-02;;+49712331730;;Riederich;nein;6OjxRTTFaVn1rfWGHIPZ;Blessing
G844;2;Bach;Gisella;;1963-06-02;;+49712331730;;;nein;K6vnFJe3iKXp47Awx4LR;Blessing
G845;2;Agha;Alia;;424915200000;;;;;nein;6PUcHnxndeWliFPfVZk4;Blessing
G845;2;Agha;Aria;;1983-06-20;;6963273;;Reutlingen;nein;ZOkritcO3si5K8NEPv80;Blessing
G846;2;Klose;Gerhard;;1950-04-20;+4915730447815;;gerhardklose@gmx.net;Metzingen;nein;6QazZR4bRVk47sFiMqpp;Blessing
G846;2;Klose;Gerhard;;1950-04-20;;+4971233992730;;Metzingen;nein;jHmHAoTo6ummMqyey8D1;Blessing
G847;2;Fink;Anna-Lisa;;1994-11-15;+4917682225913;;anna-lisa.fink@gmx.de;Reutlingen;nein;6RekLOfLFuN0YE9OEZs9;Blessing
G847;2;Fink;Anna-Lisa;;1994-11-15;;+49712780708;;Pliezhausen;nein;RFXdvBQiPeIbqPksHmKW;Blessing
G848;2;Luz;Jochen;;290563200000;+4917632235310;;;;ja;6SASw3nhpW8WY8uoc0My;Blessing
G848;2;Luz;Jochen;;290563200000;;07473910910;;;nein;R2cX1w24u6TBcwuJEJTb;Blessing
G849;2;bessler;Maike;;1979-09-15;;;;;nein;6SgBChXJGocjLbpgvmoR;Blessing
G849;2;Bässler;Maike;;1979-09-15;+4917661564221;;;Bempflingen;nein;J7CbYcrLOJbsJqWfFqfB;Blessing
G850;2;Hausmann;Tim;;2005-08-21;+4915115200311;;donatha.weber@gmx.de;;nein;6TKOtmlx4fzSmCvSfPjg;Blessing
G850;2;Hausmann;Tim;;2005-08-21;+4915115200310;;donatha.weber@gmx.de;Lenningen;nein;dmn6tACsMv8N6nGFQUfT;Blessing
G851;2;CATIC;ZEKIA;;1972-10-08;+491794611656;;;;nein;TTsI6HW2CTevH0oIQltC;Blessing
G851;2;Catic;Zekija;;1972-10-08;+491794611656;;;Hülben;nein;6TQYqTmDRaUlBDfW6hLi;Blessing
G852;2;schwartz;gerdrud;;;;+49712731355;;;nein;g0ykqQwjCU7f6duubBK5;Blessing
G852;2;Schwartz;Gertrud;;1952-11-13;;+49712731355;;Neckartailfingen;nein;6Tk18qbIFolFfdky8aj1;Blessing
G853;2;Yilmaz;Menekse;;464054400000;+4917627864172;+4915147630793;;Reutlingen;ja;6UJcbz7GRaPkQHVOSRL8;Blessing
G853;2;Yilmaz;Menekse;;1984-09-15;+4915147114058;;r-m.sengul@hotmail.de;;nein;LnsPHdcZxIgj1Jtcdu6S;Blessing
G854;2;Wehle;Nicole;;1970-12-19;+4917663209900;;n.wehle@t-online.de;;nein;6USAFo5nDed199Dlm9lH;Blessing
G854;2;Wehle;Nicole;;1970-12-19;+4917663209900;790144;;Pfullingen;nein;8b9BNicaDJDoyt2WRoSY;Blessing
G855;2;Vollmer;Michael;;1970-03-14;;600318;;Reutlingen;nein;6VaLJfrRr6vTIVvOsnpd;Blessing
G855;2;Vollmer;Michael;;1970-03-14;;+497121600318;mvollmer101@gmail.com;;nein;iIWC0SZiu8IuCcz4oZa0;Blessing
G856;2;kastens;anja;;;+491704632903;;anja.kastens@yahoo.de;;nein;6WFsBKg8YAdvjrZh8PLb;Blessing
G856;2;Kastens;Anja;;1972-07-16;+491704632903;;;Metzingen;nein;Gq00tHGu1Tf6rcl86p45;Blessing
G857;2;Graf-Lutz;Beate;;32054400000;;+497121371141;b-graf-lutz@t-online.de;Reutlingen;nein;6Woj2cwsFI3YFoIvzm0p;Blessing
G857;2;Graf-Lutz;Beate;;1971-01-07;+4915773472660;371141;;Reutlingen;nein;qNbRHYVhgq32yaVAZR8Y;Blessing
G858;2;Cimili;Dardan;;919209600000;+491749126411;;dardan.cimili@student.reutlingen-university.de;Pfullingen;ja;6Yvn97mout0aKPB4bUxv;Blessing
G858;2;Cimili;Dardan;;1999-02-17;+4917656996796;;cimili.dardan@outlook.de;Pfullingen;nein;jqWSFhYoxe3vp9xF3e84;Blessing
G859;2;Al Jassem;Nor;;1993-05-01;;;;Reutlingen;nein;6ZAG06HqGZY9LF5zkcKR;Blessing
G859;2;al jassem;nor;;1993-05-01;;;;;nein;bS7aBYynNrWJAjTqCNlf;Blessing
G860;2;Hoberg;Ursula;;1956-07-15;;+4971239102552;;Metzingen;nein;6ZKtc8GTcC5jrsX5XdHQ;Blessing
G860;2;Hoberg;Ursula;;1956-07-15;;;;;nein;N8x76jv6IsP5ys28R5Ry;Blessing
G861;2;Klingner;Alice;;2001-09-30;+491703646167;;alice.alissa@web.de;;nein;uc0vgef8HDzg8IlhCoBd;Blessing
G861;2;Klingner;Alice Alissa;;2001-09-30;+491703646167;;;Kirchentellinsfurt;nein;6Zb5czG5HfdDu29QOl4q;Blessing
G862;2;Postolache;Emanuela;;1984-03-07;;;;Reutlingen;nein;6ZpylmRjDQFiUUI9JQbj;Blessing
G862;2;Postolache;Emmanuela;;1984-03-07;+491773415769;;;;nein;hQVrCRnPmOkW8ipwmn6E;Blessing
G863;2;Rodenko;Irina;;1987-03-12;+491711845760;;;;nein;Y1FDknFD6EjAFVGD2lh7;Blessing
G863;2;Rudenko;Irina;;1987-03-12;+491711845760;;;Metzingen;nein;6ZstQvaLs6jWwdMAyq1z;Blessing
G864;2;App;Kathrin;;1997-05-03;+491721644643;;app.kathrin@gmx.de;;nein;6aHJxt8yllJMg8VB9l1G;Blessing
G864;2;App;Kathrin-Anna;;1997-05-03;+4915757059749;;app.kathrin@gmx.de;Unlingen;nein;IkkJkse1wOYO5quGeq9Y;Blessing
G865;2;Fekete;Borbala;;1985-11-29;+491732005516;;;Waldkirchen;nein;6aU8RuiphUhH34bewh2G;Blessing
G865;2;Fekete;Borbala;;1985-11-29;+4917687310380;;;Reutlingen;nein;QWQcOBtUTp3bPaUZyKwU;Blessing
G866;2;Ruppert;Kathrin;;1986-07-14;+491737499125;;k.ruppert86@gmail.com;Reutlingen;nein;6aUnmT5T3yL8O2wA2XS6;Blessing
G866;2;Ruppert;Kathrin;;;+1737499125;;k.ruppert86@gmail.com;;ja;Jv8M1HX0aDPpWjQVKGkl;Blessing
G867;2;Schmid;Mattias;;-335491200000;;01723773601;;;nein;c1RWtU4QlNvk5nngsgtP;Blessing
G867;2;Schmied;Matthias;;1959-05-16;;6950308;;Reutlingen;nein;6bgIBuDq0QRcZEL2bLF5;Blessing
G868;2;sever;Emirham;;2000-04-14;+4915906328423;;;;nein;DWX5fXo3eiMcaShMQJPJ;Blessing
G868;2;Sever;Emirhan;;2000-04-14;+4915906328423;;;Gomaringen;nein;6bo9rVVKaThf12V7lNFH;Blessing
G869;2;Strohm;dieter;;1959-04-21;;;;;nein;6u4S6iTmpvJ9zNd8R8na;Blessing
G869;2;Strohm;Dieter Wolfgang;;-337651200000;;+4971231206147;;Dettingen an der Erms;nein;6dr9ZYSAhA7tIHNJ6Rwi;Blessing
G870;2;Geier;Agata;;475113600000;+491786116904;;agatageier85@gmail.com;Reutlingen;ja;6ejU8op4xpWdH7DW1eWr;Blessing
G870;2;Geier;Agata;;1985-01-21;+491786116904;;agatageier85@gmail.com;Reutlingen;nein;zJDnT0Cw7heeOJ2UBBcS;Blessing
G871;2;Schneider;Unsula;;1968-12-07;+4917660730561;;;;nein;6iFvitjwgcMx2pajFXdh;Blessing
G871;2;Schneider;Ursula;;1968-12-07;;+497123947456;;Metzingen;nein;uFQ9HfU2GalrZrovSIEJ;Blessing
G872;2;Ruhland;Marie;;2000-02-14;+4915758993631;;marie.ruhland2000@gmail.com;;nein;tqraEcebIOdxiZovCC0V;Blessing
G872;2;Ruhland;Marie Antonia;;2000-02-14;+4915758993631;;;Pfullingen;nein;6jdCX5AisUVBbTB1A7QT;Blessing
G873;2;Schmid;Anika;;1981-12-05;;+497123932835;;Metzingen;nein;6kL6xAeoGc4DTP2Gpi5F;Blessing
G873;2;Schmid;Anika;;376358400000;+4917697669414;;a.schmidi@t-online.de;;nein;eEWKgrcKB3HTjd1Rn0ag;Blessing
G874;2;maslobski;juliane;;1946-04-03;;+497121329773;;;nein;ExrmwwnyTv3iib5Gw27s;Blessing
G874;2;Maslowski;Juliane;;1946-04-03;+329773;;;Reutlingen;nein;6l0vxcBOTvvDJ7b89B10;Blessing
G875;2;Lernhart;janina;;1992-12-15;;;;;nein;6lybTmPZEUtjw9532xjU;Blessing
G875;2;Lernhart;Janina;;1992-12-15;+4915785824605;;janina-schweizer@gmx.de;Neuffen;nein;vq5SnruvCR3aaRfgq0mW;Blessing
G876;2;tohmaschewski;karin;;1976-08-19;;;;;nein;Oa55j3utxamISch1JqTp;Blessing
G876;2;Tomaschewski;Karin;;1976-08-19;;;;Reutlingen;nein;6m3MhGWQXongZ33lekzN;Blessing
G877;2;Turra;Kunigunde;;1967-08-28;+491749544910;;kunigunde.turra@gmx.de;;nein;6meomMTdP0Yd6Ki72kwR;Blessing
G877;2;Turra;Kunigunde;;1967-08-28;+329814;;;Reutlingen;nein;A4LBUOcQLaf2Rn3UMT5r;Blessing
G878;2;Dunc;Ryan;;2022-12-07;+4915141398894;;;;nein;6neud3PSNaZYuz78kxVD;Blessing
G878;2;Tunc;Rayan;;2022-12-07;+4915141398894;;;Reutlingen;nein;gtOw4XnxRUSIHnjXfk3S;Blessing
G879;2;Buck;Moritz;;2011-05-27;;+497373915570;corina-buck@gmx.de;;nein;XbhgvdGP5jVRAKqFyuVI;Blessing
G879;2;Buck;Moritz Martin;;2011-05-27;;+497373915570;;Zwiefalten;nein;6oStadaLmdcaeyo9c3Im;Blessing
G880;2;roth;vivien;;;+4915787319678;;;;nein;K98eV1zVE2hNxZoTe12i;Blessing
G880;2;Roth;Vivienne;;1994-08-18;+4915787319678;;;Lichtenstein;nein;6oXDmsgYf6tz5nqxV0Gx;Blessing
G881;2;krems;paul;;1296000000;+4917642696404;;;;nein;9V7jLmXbqyeseRXqDnYm;Blessing
G881;2;Krems;Raul;;1296000000;;;;;nein;6oeqrq5MElqJ9qAQt0d1;Blessing
G882;2;Lehwald;Angelika;;1957-07-12;;320436;;Reutlingen;nein;6oqQEVvATFExBD5h1m6y;Blessing
G882;2;Lehwald;Angelika;;1957-07-12;+4916096686054;;a.lehwald@gmx.de;;nein;XNY7HGGB3vsaEazs4jj5;Blessing
G883;2;Schulz;Mara;;2007-07-01;;603773;;Eningen;nein;6pi4dlEp5DB9zXpIDJNs;Blessing
G883;2;Schulz;Mara;;2007-07-01;+4915120160290;;tine.schulz77@gmail.com;Eningen;nein;abbELtAsUHMbxawjf3xo;Blessing
G884;2;Rau;Sabine;;1970-12-18;;+49712166269;sabine.rau1@gmx.de;;nein;6r5pylozbZP5KDhPZ5jS;Blessing
G884;2;Rau;Sabine;;1970-12-18;;2003617;;Pfullingen;nein;ShINe8gF5k1ORwTz1zxi;Blessing
G885;2;Romer;Dietmar;;1965-08-27;;+497121320719;dietmarromer@googlemail.com;Reutlingen;nein;6s6PgHCNZhCproSl4gKo;Blessing
G885;2;Romer;Dietmar Helmut;;1965-08-27;;320719;;Reutlingen;nein;hucK9SCSphG4CX9qidcP;Blessing
G886;2;Abdellaoui-Sallouh;Nadia;;;+017665748976;;abd_nadia@hotmail.de;;ja;6sNhp0VDnwtawPmDTo4c;Blessing
G886;2;Abdellaoui-Sallouh;Nadia;;;+017665748976;;abd_nadia@hotmail.de;;ja;CYSwpPoWMrVh99cLBYCR;Blessing
G887;2;Merkle;Ute;;1960-03-11;+491755393855;;ute_merkle@t-online.de;;nein;6ssBEktzhA1a4w6o82oK;Blessing
G887;2;Merkle;Ute;;1960-03-11;;+4971278579;;Pliezhausen;nein;wEBr7Ha8vlsdAlIaXu5x;Blessing
G888;2;Weiss;Roland;;1962-03-25;;;;Reutlingen;nein;6t5OYPgCu9yjAbYOxbIg;Blessing
G888;2;Weiß;Roland;;1962-03-25;;;;Reutlingen;nein;nFfApBrOomlOg4Q9zD6s;Blessing
G889;2;Auer;Gertrud;Dr.;1978-03-14;;9307346;;Wannweil;nein;6tF6yJHzZmiph96KG3OX;Blessing
G889;2;Auer;Gertrud;;1978-03-14;;+4971213534583;gertrud.auer@de.bosch.com;;nein;Gqbc9NYdlUX59SKRj00W;Blessing
G890;2;Brauch;Julia Charlotte;;1978-10-27;;+49712181937;julia.brauch@web.de;Eningen unter Achalm;nein;6u4hOOEC3XBiO8fQ6XqU;Blessing
G890;2;Brauch;Julia Charlotte;;1978-10-27;+491704148551;+49712181937;;Eningen unter Achalm;nein;SOPb0bNk8bFOqIwY4mAE;Blessing
G891;2;Schereiber Caiuta;Francine;;480643200000;+491767602790;;;Reutlingen;ja;6u6rJv3caow5nn6ZBS1H;Blessing
G891;2;Schereiber Caiuta;Francine;;480643200000;+4915124085705;;scherfran@gmail.com;;nein;krKQzObwXObsqRqP1rJB;Blessing
G892;2;van kampen;Ellen;;-24364800000;;;;;nein;6uSCBVZAax4xgRYU7fRr;Blessing
G892;2;Van Kampen;Ellen;;-24364800000;+491604044444;;e-van-kampen@gmx.de;Reutlingen;ja;dskrNzJrGKlPRRuTTZsd;Blessing
G893;2;Fülle;Paulina;;2011-01-18;;;;;nein;6urpVg7go8DcVgASkwl6;Blessing
G893;2;Fülle;Paulina;;2011-01-18;+491728129856;;dorothee.fuelle@gmx.de;Heroldstatt;nein;OB9tm3XJu16G6Vph1lKL;Blessing
G894;2;Mainberg;Wolfgang;;-620265600000;;;;;nein;6vMUoe36HTdIYRis0VLf;Blessing
G894;2;Meinberg;Wolfgang;;-620265600000;;07121491202;;;nein;9qJYmXdXSi29sMyPOrBC;Blessing
G895;2;Vi Nguyen;Thuy;;587001600000;;;;;nein;6vnps3q9jCtirySY8Lus;Blessing
G895;2;Vi Nguyen;Thuy;;587001600000;;;;;nein;Txagh3Lym4I8zhfaeC7q;Blessing
G896;2;Laeufer-Eisele;Ulrike;;1958-09-05;+4915120636538;;ulrike.laeufer-eisele@gmx.de;Reutlingen;nein;6wNb21Wen68pkenDYPMU;Blessing
G896;2;Läufer-Eisele;Ulrike;;-357350400000;+4915120636538;;ulrike.laeufer-eisele@gmx.de;;ja;NaoNM9hS7xxE4HyjzFu0;Blessing
G897;2;Fardan;Tatjana;;1968-11-09;;83236;;Eningen;nein;6wgZoP0pfKw7zQ7J23oS;Blessing
G897;2;Fardan;Tatjana;;1968-11-09;+4915209254035;;t.fardan@hotmail.de;;nein;8TE5uHWqSGeWEMrfENpI;Blessing
G898;2;Ongur;Belin;;2010-05-05;+4915201809194;;;Eningen;nein;YjfywPKUuHWABdSZbkav;Blessing
G898;2;Ongur;Beren;;2010-05-05;+4915201809194;;;Eningen;nein;6x06vPWzS7feKT2cUzlF;Blessing
G899;2;Bauknecht;Susanne;;;+491603503737;;susanne.bauknecht@t-online.de;;ja;6xzDdRCnSV4V24ZH7T9l;Blessing
G899;2;Bauknecht;Susanne;;-292636800000;+4915121514784;+4970229771780;susanne.bauknecht@t-online.de;Nürtingen;nein;dUByD59Y3bKjN0LKOvt8;Blessing
G900;2;Hofmann;Katrin;;13564800000;;+49745269504;katrin-hofmann@gmx.de;Nagold;nein;6yNBxKLagv30TjnKNVaL;Blessing
G900;2;Hofmann;Katrin;;13564800000;;;;;nein;IE4X31x4SZBkoN4DpeDG;Blessing
G901;2;Shukur;Jamal;;1965-09-25;+4915204541674;;kalhur65@hotmail.com;;nein;quQBeMCX9X84DcibyLbO;Blessing
G901;2;Shukur;Jamal Majed;;1965-09-25;;+49152204541674;;Eningen;nein;6z51McHCmKHTFG0cJ179;Blessing
G902;2;Schmauder;Robert;;1949-07-18;;+4973821404;schmauder.robert@freenet.de;Grabenstetten;nein;rYpvscxSTiBzdFrGVMXz;Blessing
G902;2;Stamaudeo;Robert;;;+4973821404;;;;nein;6zddDEZ8yimaA15X5zON;Blessing
G903;2;Mauz;Magdalena;;1959-04-15;;;;Bempflingen;nein;703ANzAUliVXvC37SpvG;Blessing
G903;2;Mauz;Magdalene;;1959-04-15;;+497123367058;mm-naturkosmetik@gmx.de;Bempflingen;nein;t4UWHtCP9HuPtyk6RVeW;Blessing
G904;2;Haustein;Christine;;1973-01-02;+4915158807085;;c.haustein@t-online.de;;nein;70dYup6hv9NNv3ipFw85;Blessing
G904;2;Haustein;Christine;;1973-01-02;+4915158807085;;c.haustein@t-online.de;Nürtingen;nein;R9JnWJsFaYr6Atvc1TWm;Blessing
G905;2;Reusch;otto;;1945-08-25;;+49712770952;;;nein;71FzPP458386t2LZ7yke;Blessing
G905;2;Reusch;Otto Eugen;;1945-08-25;;+49712770952;;Reutlingen;nein;CADZ2fyYKxPRYH4GhUJS;Blessing
G906;2;Landau;Gisela;;1954-06-12;;+497121756515;gisi.lan@gmx.de;;nein;71VtnYZYJYOT6oittabc;Blessing
G906;2;Landau;Gisela;;1954-06-12;;+497121756515;;Pfullingen;nein;HRwKkXhYR5RoNiwvkckS;Blessing
G907;2;Kentsch;Sabina;;345513600000;;+4971711394974;;Reutlingen;nein;71mkRBGRV7pLtw1qWtF2;Blessing
G907;2;Kentsch;Sabina;;1980-12-13;+491604180552;071211394974;sabinauls@gmx.de;;nein;suHHEH9rwPEXuyDMrGJp;Blessing
G908;2;wehmeier;silvia;;;;+49712320302;;;nein;oFCHgu3hQmOyB3aeUBMo;Blessing
G908;2;Wehmeier;Sylvia;;-433209600000;;+49712320302;sylvia_wehmeier@t-online.de;Metzingen;nein;72fzUTbMvwCz6VLsH2Ki;Blessing
G909;2;Nicklau;Mirja;;954720000000;;+497121580212;mirja.nicklau@web.de;;nein;gWYE5nzobi9rais65ABW;Blessing
G909;2;Nicklau;Mirja Kristin;;954720000000;;580212;;Ludwigsburg;nein;73PWdi6GzPPg9OxtOVv8;Blessing
G910;2;Metzger;Eva;;1967-03-11;+4915736453637;;evabmetzger@yahoo.fr;Reutlingen;nein;xvSFAgsiY9MH9sBZSh1E;Blessing
G910;2;Metzger;Eva-Christin;;1967-03-11;;+4970721313381;;Reutlingen;nein;73omRNvmcztUEdu8IJ9m;Blessing
G911;2;Katta;Muhammed;;2001-01-01;+491727456017;;;;nein;77Ff7eIPxt6ui9Jn5YZ3;Blessing
G911;2;Kattaa;Muhammed;;2001-01-01;+4917672901917;;;Riederich;nein;URqe7Mx3jaQY7asKX1kr;Blessing
G912;2;Planötscher;Michelangelo;;2009-12-19;;+4971212781378;lindagollent@web.de;;nein;9va9I2oyieX57FNEqI3b;Blessing
G912;2;Planötscher;Michelangelo Aaron;;2009-12-19;;+4971212781378;;Reutlingen;nein;77KuQNX6DeQRnl93L0OR;Blessing
G913;2;Salzmann;Eberhard;;;+4915906694100;;egsalzmann@gmail.com;;ja;77RrNludgCoGbeGnnGup;Blessing
G913;2;Salzmann;Eberhard;;;+4915906694100;;egsalzmann@gmail.com;;ja;8ZJ6e90XwiSav6XBbL7g;Blessing
G914;2;Schoenhaar;Harald;;1966-04-09;+4917655105724;;;Reutlingen;nein;78stQahSHTrrNVwKjAW8;Blessing
G914;2;Schoenhaar;Harald;;1966-04-09;;;;Reutlingen;nein;R6Wgx3JHSE9IrVJLfDoC;Blessing
G915;2;Beck;Christine;;-72403200000;;;;Reutlingen;nein;79QxBeFPO1B9vsoS5mVc;Blessing
G915;2;Beck;Christine;;1967-09-16;+491641;+497121491641;;Reutlingen;nein;TShBjRwLRMISATzp2ShH;Blessing
G916;2;Rink;Heike;;1968-12-16;+4915736831401;;heike.rink@web.de;Grafenberg;nein;7A6kEMhkhmGnZ7Kfrtyh;Blessing
G916;2;Rink;Heike;;;+4915736831401;;heike.rink@web.de;;nein;ziG0lM5LNSiCB6xIsT54;Blessing
G917;2;Wurster;Marie;;2004-03-09;+491729131767;;marie_wurster@web.de;;nein;Dz4V2QhPHz8PsyccQFJa;Blessing
G917;2;Wurster;Marie Johanna;;2004-03-09;+491729131767;;;Grafenberg;nein;7BDzCtok16d9nYQ5aKlp;Blessing
G918;2;Bronner;Kerstin;;-232243200000;;;;;nein;qejnsSl112YhB9IFiMh5;Blessing
G918;2;Brunner;Kertsin;;-232243200000;+491777583982;;;;nein;7BaKbIAHXjiXDXq2b2HG;Blessing
G919;2;Al Dawdi;Zana;;1988-09-09;+4917622031111;;;Reutlingen;nein;7C5coSf5G9WaQOKqQCMQ;Blessing
G919;2;Al-Dawdi;Zana;;1988-09-09;+4917622031111;;;;nein;L7imCqQcnGLumfYEcSHE;Blessing
G920;2;Bork;Sieghard;;1939-04-03;;;;Reutlingen;nein;7CgZgLS7XsI2CzzbMGCE;Blessing
G920;2;Bork;Sieghard;;1939-04-03;;;;Reutlingen;nein;XthFoxkeFvQax67oRUu7;Blessing
G921;2;böken;nurten;;;+4915118856753;;;;nein;7D3pjy4mi63LM7QzmZF4;Blessing
G921;2;Dökmen;Nurten;;1978-01-29;+4915118856753;;;Metzingen;nein;FEO95nIRfd6SHqOKymHe;Blessing
G922;2;Kies;Enrico;;2001-07-05;+4917620917357;;;Beuren;nein;Uo57R0I7MBxuNC7oX6BB;Blessing
G922;2;kieß;enrico;;2001-07-05;;;;;nein;7DFrEnbGgipk697IwEgn;Blessing
G923;2;Jungbluth;Jörg;;1959-04-30;+4917643392899;;;Reutlingen;nein;7DZqQjpnrawUJFG3iU4j;Blessing
G923;2;Jungbluth;Jörg;;1959-04-30;+4915115168362;;j.jungbluth@t-online.de;;nein;ysCOToY2lxGveXIs9zYL;Blessing
G924;2;Sellner;Julia;;1982-12-31;+4915114985704;;;Reutlingen;nein;7DtopLWlcyPTEKfClKn5;Blessing
G924;2;Sellner;Julia;;1982-12-31;;+4971212669572;julia.sellner@gmx.net;;nein;f7FqEFSuJEjrR0ze88oG;Blessing
G925;2;Marini;Roberta;;1965-01-18;744898;;;Reutlingen;nein;7Ej5BAijSCnk0fIcGRR5;Blessing
G925;2;Marini;Roberta;;1965-01-18;+491713243773;;roberta.marini@gmx.de;Reutlingen;nein;bHJ2ZDH5LzRtJlf0t2In;Blessing
G926;2;Gunz;Stefanie;;1986-09-04;+4917662617542;;;Beuren;nein;7Eppc1sist5sB4UgXvVn;Blessing
G926;2;Gunz;Stefanie;;1986-09-04;+4917662617542;;stefanie.fetzer1@web.de;;nein;Lvguk4uChQfGsSfzUQmp;Blessing
G927;2;Buck;Evelyn;;1973-12-20;+491736702064;;evelyn.buck@t-online.de;Hülben;nein;D3vtoA7IgM3di1aiuZ5g;Blessing
G927;2;Puck;Evelin;;;+491736702064;;;;nein;7FZEF0bxMaQsALo54qOX;Blessing
G928;2;Knöll;Philip;;1989-05-16;+491638725080;;;Grafenberg;nein;7GBQgcQ0WB4TXb5nHSwO;Blessing
G928;2;Knöll;Philip;;;+491638725080;+4971239631251;;;nein;oGZDbJTAPwlRLgzj09si;Blessing
G929;2;Thelen;Jonatan;;1994-08-14;+491716131821;;;;nein;7H2zM8FwB3gWUrzjKdgs;Blessing
G929;2;Thelen;Jonathan;;1994-08-14;+491716131821;;thelen.jonathan@gmail.com;Metzingen;nein;aU2tqq5Xvdyxv9OE4Enc;Blessing
G930;2;Hofmann;Manuela;;1990-12-29;+4915229827673;;;Reutlingen;nein;7JOfn1lZgbLpHHbvTsgT;Blessing
G930;2;Hofmann;Manuela;;1990-12-29;+4915229827673;;m.dengjel@web.de;;nein;MmvUbKOIE3uzMLT3RUQ3;Blessing
G931;2;Harter;Julian;;2007-06-22;;;;;nein;mdk9KYJ15OMHzF3YxZXy;Blessing
G931;2;Harter;Julian Tim;;2007-06-22;+491774720480;+497123969709;;Metzingen;nein;7Jb8fSXRNk3jdVAXYFT3;Blessing
G932;2;Doan-Pham;Hanh;;321408000000;+4917670115231;;;Reutlingen;ja;7JbIPPTHH6ZsgtbHw2Zp;Blessing
G932;2;Doan-Pham;Hanh;;1980-03-09;+4917670115231;;dtph_26@yahoo.de;Reutlingen;nein;TCXFeuylif3Z3mgVqY7c;Blessing
G933;2;Kuder;Marit;;1994-06-30;+4915789210338;;marit.kuder@web.de;Metzingen;nein;7KRZAB6GrxKbmJh4FbhK;Blessing
G933;2;kuller;margit;;;+4915789210338;;;;nein;NtfGmRzoTHFtZUEGC6Me;Blessing
G934;2;Forderer;Siegfried;;1935-05-09;;8201363;;Eningen;nein;nbGIpIKBlNiHnACVQphx;Blessing
G934;2;Förderer;Sigfried;;1935-05-09;;+4971218201363;;;nein;7KnIYxc7ySM15vaU1Nyg;Blessing
G935;2;Patel;Devangbhai;;1992-04-30;+4915901382761;;pateldev134@gmail.com;Metzingen;nein;ddZQVKFsjw4MAqZP3nCZ;Blessing
G935;2;Patel;Devangbhai Dilipbhai;;1992-04-30;+4915901382761;;;Metzingen;nein;7KzqRNzmpZcv2J8fnCbo;Blessing
G936;2;Riedlinger;Stefan;;1968-08-23;+4917610544566;;;Großbettlingen;nein;7LzlH1jnM3qJIL1xwha7;Blessing
G936;2;Riedlinger;Stefan*;;-42854400000;+4917610544566;;stefanriedlinger68@gmail.com;Großbettlingen;ja;JjdTlSAcmEcunthgJNEG;Blessing
G937;2;Glaser;Judith;;262483200000;;+497121579107;;Reutlingen;nein;7NolVJ2T0tee1c4qRDvP;Blessing
G937;2;Glaser;Judith;;262483200000;;;;;nein;SgiwtBkGmfnf4xNYBrQ7;Blessing
G938;2;blaka;aglenbina;;1981-04-07;+4917667520793;;;;nein;VtjEQ4mAuPidoHgYpHAY;Blessing
G938;2;Plaka;Aglentina;;1981-04-07;+4917667520793;;;Reutlingen;nein;7Nw0NjVqqjBS9GMiyn7e;Blessing
G939;2;Kemper;Lea;;2012-08-02;+4915781273680;;michikemper1@web.de;Reutlingen;nein;7OY5m7scQq6Po6CubOdy;Blessing
G939;2;Kemper;Lea Isabelle;;2012-08-02;+491633123329;;;Reutlingen;nein;p4qOF7dtPnei84p1hXXT;Blessing
G940;2;Hofmann;Manuel;;1993-07-20;+4917621715322;;mh.reptilesandmore@gmail.com;;nein;7ObUMnZOTSRbjBUQQyE9;Blessing
G940;2;Hofmann;Manuel;;1993-07-20;+4917621715322;17143;mh.reptilesandmore@gmail.com;Reutlingen;nein;GH98F4PNBDZMNDGjbYkW;Blessing
G941;2;eisele;Manfred;;1963-01-23;+4915772430734;;;;nein;7Oifc14q4kDx40V58fHv;Blessing
G941;2;Eißele;Manfred;;1963-01-23;;+49715146126;;Kernen;nein;wk7Ie3mfHfFw5XqF1TBK;Blessing
G942;2;Kretschmann;Lilia;;1954-11-22;;125294;;Reutlingen;nein;7P2ROETKh7SQ4ZMQ13Jq;Blessing
G942;2;Kretschmann;Lilia;;1954-11-22;+4915227115536;;eckart.kuttler@web.de;Reutlingen;nein;aHmDTrwILU5YXSg4PTYZ;Blessing
G943;2;Accardi;Alisia;;2004-02-24;;+4971217506940;alisiaaccardi@gmail.com;Eningen;nein;I8HSlzarPVxP7TDdvMYD;Blessing
G943;2;Akkardi;Alisia;;2004-02-24;;+4971217506940;;;nein;7QHwtejo7b2RQwP6Ggsj;Blessing
G944;2;Nützel;Simon;;1969-01-11;;+49715895329;;Neckartenzlingen;nein;GOaDbPm8kWnnYBQvsOp1;Blessing
G944;2;Nützel;Simon Frank;;-30672000000;+4915739070075;;simon.nuetzel@web.de;Neckartenzlingen;nein;7R38n3iMxzblg64jHeOM;Blessing
G945;2;Schumacher;Marilena;;2017-12-02;+4915227258696;;dorisschumacher@gmx.net;Petershagen;nein;7Rd72Q9knwjCVXMfBgWH;Blessing
G945;2;Schumacher;Marilena Patrizia;;2017-12-02;+4915227258696;;;Riedlingen;nein;awUxRJbKkO83oPJGNnXd;Blessing
G946;2;Nusser;Harald;;1959-12-02;+4915751213846;;harry.nusser@web.de;Reutlingen;nein;7S7weabU3yqU1ZTQ58Ba;Blessing
G946;2;Nusser;Harald;;1959-12-02;+4915152220369;;;Reutlingen;nein;WAGYvK5jXZGtBE2OCSYb;Blessing
G947;2;Roth;Heike;;-132537600000;;+49702249148;;Nürtingen;nein;7ShhyNMw5HQ7omcHxzwZ;Blessing
G947;2;Roth;Heike;;1965-10-20;+491728074919;;heikeroth-buero@web.de;;nein;l0jExu6GzgX1Wjq2aoRX;Blessing
G948;2;Buck;Otto;;-546134400000;+491601507490;+497157534191;otto.buck@gmx.de;Weil im Schönbuch;ja;BFC4sDIxz41iQYSYgA2U;Blessing
G948;2;Euck;Otto;;;+491601507490;;;;ja;7SuAkl9XJCyYjSgOgJ4x;Blessing
G949;2;Konrad;Rico;;1973-11-20;;+4971239726012;konradrico@web.de;;nein;7T614RqHEDvNmtwlXaal;Blessing
G949;2;Konrad;Rico;;1973-11-20;+491738997588;+4971239597091;;Metzingen;nein;K8XYSA6stw8sISwY2grZ;Blessing
G950;2;Bansemer-Baierl;Anja;;1973-06-14;+4915234274839;;a.bansemer@gmx.de;Metzingen;nein;7TgJ9CooShBCx9UrXRfw;Blessing
G950;2;Bansemer-Baierl;Anja;;1973-06-14;+4917683416826;;;Metzingen;nein;81WdxFMrIhkSXy150QFP;Blessing
G951;2;richter;susanne;;-122860800000;;;;;nein;7TggRGGAcGXhfeWZnfD6;Blessing
G951;2;Richter;Susanne;;-122860800000;+4915738985773;+49712342444;suri090266@gmail.com;Metzingen;nein;UCg9X5StBWe0X0HqHyQQ;Blessing
G952;2;Schhlotter;Jule;;2007-02-23;+4917681152143;;melanie.schlotter123@gmail.com;Wannweil;nein;vxXvjDRiyjr8J8aSAiws;Blessing
G952;2;Schlotter;Jule Melanie;;2007-02-23;+4917681152973;;;Wannweil;nein;7UF5O7xSFHJtfYQe0bIC;Blessing
G953;2;Gaiser;Martina;;1959-12-11;;503857;;Reutlingen;nein;7UHRqT2xkbYfOeaWuMPc;Blessing
G953;2;Gaiser;Martina;;1959-12-11;;+497121503857;ohmenhausen@web.de;Reutlingen;nein;Cj760F4SUHAwLZCMSQ86;Blessing
G954;2;Grauer;Thomas;;1966-04-24;+491727121908;;;Kusterdingen;nein;7UY9CchBNb9qQB7pfLFd;Blessing
G954;2;Grauer;Thomas;;1966-04-24;;;;;nein;IVALBTgayLS6OgoXf5Or;Blessing
G955;2;Diler;Özgül;;1979-05-03;+4917623648490;;oezdiler@t-online.de;;nein;7UcnD0xn1P7Jyu9rppj7;Blessing
G955;2;Diler;Özgül;;1979-05-03;+491627659903;+4971254931;;Bad Urach;nein;epKpBapnCdrLznxq6VMp;Blessing
G956;2;Ismailoglou;Tzemile;;1967-09-08;;6951762;;Reutlingen;nein;7VDtSB6pPrfBUu3oSQOX;Blessing
G956;2;Ismailoglu;cemile;;1967-09-08;;+4971216951762;;;nein;VElN699A5Ls9OekU90wR;Blessing
G957;2;Hoffmann;Hanna;;2006-11-27;;+497123947878;;Metzingen;nein;7VieTbtbmPzbBjRLXWLm;Blessing
G957;2;Hoffmann;Hanna;;2006-11-27;+491774774183;;hanna.hoff-2711@gmx.de;Metzingen;nein;MrS41aTV6n8ycFQkNGdo;Blessing
G958;2;Bayirli;Gizem;;1994-01-03;+4915773000139;;gizem.bayirli94.gb@gmail.com;Pfullingen;nein;7WHz4T6sH5TqX90oyl0H;Blessing
G958;2;Bayirli;Gizem;;1994-01-03;+4915170842673;;gizem.bayirli94.gb@gmail.com;Pfullingen;nein;SCafDgUkR8DEFSB0foiW;Blessing
G959;2;Palian;Sabrina;;1990-07-17;+4917623196163;;sabrina.frank1990@web.de;Reutlingen;nein;7YrxmZZ5s5cMHOxKhlxQ;Blessing
G959;2;Palian;Sabrina;;1990-07-17;+491739082319;;sabrina.frank1990@web.de;;nein;YW8n9x9HLw8rbdwctdiU;Blessing
G960;2;Guhr;Christine;;2005-05-27;+4915209867195;;post4silkeg@protonmail.com;;nein;7Z02mMqVBBxwke1kFC8H;Blessing
G960;2;Guhr;Christine;;2005-05-27;+491628228197;206609;post1cgrt@gmail.com;Reutlingen;nein;Fku7WdKj55ySnrWCdqVL;Blessing
G961;2;Schwarz;Manfred;;-855100800000;;+49712735134;;Neckartenzlingen;nein;7ZEzuv2wrtwAY4buQHiW;Blessing
G961;2;schwarz;manfred;;;;+49712735134;;;nein;sCeRtQ078ISoYZbjmuNX;Blessing
G962;2;Babat;Abdolvahab;;1952-01-01;+4917647627140;;;Reutlingen;nein;7ZaIKc7sUo1joxSTd8au;Blessing
G962;2;Babat;Abdolvahab;;1952-01-01;;;;Reutlingen;nein;8E0RxgyubuFpbxTKFlfj;Blessing
G963;2;Dick;Lea;;1995-03-27;+4915773189798;+49712341079;;Metzingen;nein;7a0N2YQZOfcveo86pgda;Blessing
G963;2;Dick;Lea;;1995-03-27;+4915773189798;;leadick@gmx.de;;nein;HTQgtZsKazjdcYgcHAeR;Blessing
G964;2;Schmid;Ute;;;+49 1516 8151667;;schmid-ute@gmx.de;;ja;7aVaQxnnIkBdNlPGVnj4;Blessing
G964;2;Schmid;Ute-Luise;;1962-09-26;;+4971577050531;schmid-ute@gmx.de;Weil im Schönbuch;nein;IPhcs7xNRBBgxoIJgDcE;Blessing
G965;2;Camolo;Noemi;;2006-10-12;+4917640492360;;;;nein;JHUNYkBZSruy9u7lMzJ7;Blessing
G965;2;Campolo;Noemi;;2006-10-12;+4917640492360;;;Reutlingen;nein;7asBWanHgfrpzlFHI4la;Blessing
G966;2;Taraba;Max;;2014-06-10;;+497123963434;kristina.taraba@gmx.de;Metzingen;nein;zpQQ7D2X1gWyrFr0kcPx;Blessing
G966;2;Tarabat;Max;;2014-06-10;;+497123963434;;;nein;7cHczfKowP3q32LJ85Wu;Blessing
G967;2;Braun;Markus;;-23760000000;+491633617880;+497129694692;m.braun2007@web.de;Lichtenstein;nein;7dWV1JX0lI3A2TgeeDGv;Blessing
G967;2;Braun;Markus;;1969-04-01;+491633617880;;m.braun2007@web.de;;nein;iTAqoqiYz59rJxOlXetG;Blessing
G968;2;Föll;Linnea;;2017-01-10;+491749236868;;stefanie.foell@web.de;Nehren;nein;7dkbN0m0g4YsmP67qLe9;Blessing
G968;2;Föll;Linnea;;2017-01-10;+491749236868;;;Nehren;nein;8i5CRMqmiarhAu0ulhvb;Blessing
G969;2;Mettendorfer;Fabian;;1996-12-20;+491734386538;;f.metti96@web.de;Reutlingen;nein;7e91sgT8wTQsqKQAFoOc;Blessing
G969;2;Mettendorfer;Fabian;;1996-12-20;+491734386538;6953112;;Reutlingen;nein;Zfet0jiDzYKiCZRTyntT;Blessing
G970;2;tang;huu;;2006-01-02;;;;;nein;7eEYVwkz2vnudi0DkD36;Blessing
G970;2;Tang;Huu Tuan Kenny;;2006-01-02;+491743637422;+497121381320;;Reutlingen;nein;eyvrYviB42t315Ywrave;Blessing
G971;2;Riedel;Anna;;1933-06-09;;+4971272049996;;Reutlingen;nein;7eUxqXZNVcsOitgO3ECi;Blessing
G971;2;Riedel;Anna;;1933-06-09;+4917651524866;;heilerpfad.de@googlemail.com;;nein;sz4Brz0pRqo7MK7kXU3f;Blessing
G972;2;Kades;Erwin;;1935-02-18;;+49712770261;;Reutlingen;nein;7f85q4GeFcaEU6Qo5uj9;Blessing
G972;2;Kades;Erwin;;1935-02-18;+4915732490777;;tpoeplow@web.de;Reutlingen;nein;TCIO2JgjLDQSYu3NlhOl;Blessing
G973;2;Sarac;Fatih;;1988-05-14;+491731671269;;heparfatih@googlemail.com;;nein;7fSbrnsMvsi3oK98qKz2;Blessing
G973;2;Sarac;Fatih;;1988-05-14;;+4971294072212;;Lichtenstein;nein;9b5XalYnVkyGI9mQxg9E;Blessing
G974;2;Taugner;Alfred;;1936-05-08;;+49712341487;astrid.adelmann@gmx.de;;nein;7g1Hq7utGXDCCNmzLeEC;Blessing
G974;2;Taugner;Alfred;;1936-05-08;;+49712341487;;Metzingen;nein;YrNplH4OybIt5u5j6AiB;Blessing
G975;2;Sterns;Juliane;;2006-01-30;+4917666694269;;;Pfullingen;nein;7gHqhbKMgdbhE5zHDTNF;Blessing
G975;2;Sterns;Juliane;;2006-01-30;+4917623797824;;sterns@gmx.net;Pfullingen;nein;WtIoXZ0LEYgdzfGchmND;Blessing
G976;2;Rohm;Steffen;;1971-11-23;+491726360869;;steffen.rohm@freenet.de;;nein;7h7guHoJdah0rTe0vSmy;Blessing
G976;2;Rohm;Steffen;;1971-11-23;+491726960869;509089;;Wannweil;nein;UjDrWn0qIt5GaxFf52RD;Blessing
G977;2;Farber;Ute;;1967-12-02;;;;;nein;BoBwQXHreJuyKCQj8RqT;Blessing
G977;2;Färber;Ute;;1967-12-02;;+497121372654;;Reutlingen;nein;7hYshFiYdP325zeFWNea;Blessing
G978;2;Alkallas Alhalabi;Tarek;;1995-01-27;+4915904890333;;;Reutlingen;nein;Rykht8PUduvxybmbOz1I;Blessing
G978;2;alkallas alhalbaei;tarek;;1995-01-27;+4915904890333;;;;nein;7i2zpZzXQFQXuDeiIe2i;Blessing
G979;2;Lang;Sarah-Luise;;1990-08-13;+4915777804688;;sarah-luiselang@web.de;;nein;7iYJyQtSGLTBkaEUCVWM;Blessing
G979;2;Lang;Sarah-Luise;;1990-08-13;+4915777804688;;;Kirchheim;nein;8oKJ2cIMW1WIGjH81FTd;Blessing
G980;2;Cavarzan;Simone;;1983-01-14;+4915205205574;;;Reutlingen;nein;7ion1cTtmnxh4UOWKwho;Blessing
G980;2;Cavarzan;Simone;;1983-01-14;+393398756734;;simone.cavarzan@gmail.com;;nein;h2qUjsO0sKn7Bd4gqauK;Blessing
G981;2;Wienss;Constantin;;1107302400000;+4915232092343;;;Eningen;ja;7j1JXRSEVe0xqImtXfxi;Blessing
G981;2;Wienss;Constantin;;2005-02-02;;;;Reutlingen;nein;oJDC9Fm6gLUahqq3gGFo;Blessing
G982;2;Ueberfuhr;Frank;;1961-12-17;;+4971236621;;Metzingen;nein;7kPts5XA9Czt5vxZFVbe;Blessing
G982;2;Ueberfuhr;Frank;;1961-12-17;+4915115731478;;fs.ueberfuhr@gmail.com;;nein;MmzZCJlCuCt90ulMAOuj;Blessing
G983;2;Ighisan;Stefan;;1979-08-23;+4917678123012;;;Metzingen;nein;7lKsCyBgkcCP25HOQwMI;Blessing
G983;2;Ighisan;Stefan;;1979-08-23;;;;Metzingen;nein;WsSdZoiiygiZkBetVfpT;Blessing
G984;2;Arman;Fazlrahman;;2005-10-15;+4915209144076;;;Reutlingen;nein;m7t6YkK8yyiyeIE0EsZS;Blessing
G984;2;Armann;Fazlraham;;2005-10-15;+4915152778476;;;;nein;7ljIheYCvZqEiLr0xnZD;Blessing
G985;2;Wurmbauer;Daniel;;2003-09-17;;;;;nein;7m1UcCqPx1p78MDm6Ux7;Blessing
G985;2;Wurmbauer;Daniel Aaron;;2003-09-17;;+497127931110;;Neckartailfingen;nein;USvzULPm5fA5wmniX7UD;Blessing
G986;2;Amador Torrebiarte de Sanjose;Cecilia María;;1992-02-26;+491623582458;;ceciliam.amador@gmail.com;;nein;IU2bY5DyRImJNy55Qoh7;Blessing
G986;2;Amador Torrebiarte deSanjose;Cecilia Maria;;1992-02-26;+491623582458;;;Dettingen;nein;7n03AffKJ5SwWTe8RRHB;Blessing
G987;2;Berkemer;Karin;;1965-10-06;;+49712318110;;Metzingen;nein;qtCUhwjD614KYJUODpHW;Blessing
G987;2;berkiner;karin;;;;+49712318110;;;nein;7o1oanTRATeAV0tOLLRa;Blessing
G988;2;Jeske;Ulrike;;1953-10-28;+4917624283614;;ulrike.jeske@gmx.de;Dettingen;nein;7o9JYTilry7o6b2GcU4U;Blessing
G988;2;Jeske;Ulrike;;1953-10-28;;+4971238691;;Dettingen;nein;BmGOfaWZPSvFX5cylEdU;Blessing
G989;2;Shibani Rad;Ludmilla;;1970-11-15;;;;Stuttgart;nein;7oIdMrxcu5d7iAtOJ0eN;Blessing
G989;2;Shibani Rad;Ludmilla;;1970-11-15;;;;Stuttgart;nein;XoVKVx4by78W2O7yVM9u;Blessing
G990;2;Jäger;Jannik;;1999-03-08;+4917662492085;;jannik.jaeger1@outlook.de;;nein;7oIrnqiguDzkFyVrQAcu;Blessing
G990;2;Jäger;Jannik;;1999-03-08;+4917662492085;;;Reutlingen;nein;t38gCMLcpYJ2InRCfClz;Blessing
G991;2;Koeksal;Umut;;1983-01-31;+491736060764;;;Reutlingen;nein;hVXTWOZB2tM7grmiBo65;Blessing
G991;2;Köksal;Umut;;1983-01-31;+4917681336965;;;;nein;7pcNtPg8HerZT7Q3N5cc;Blessing
G992;2;Rudloff;Lian Ellamae;;2004-07-27;+4915234725373;;;Pliezhausen;nein;7pyzE2Njcyg5kOVFejXu;Blessing
G992;2;Rudroff;Lian;;2004-07-27;+4915234725373;;;;nein;dhHKXJNL2tc6VVZ6IyYP;Blessing
G993;2;Reiß;Kerstin;;1973-11-21;;+4971211360206;kerstin.reiss@gmx.de;;nein;7qS3XXEOhK02kulmemRv;Blessing
G993;2;Reiß;Kerstin;;1973-11-21;;+4971211360206;;Reutlingen;nein;W7rwaDDMflcUfNUrjtp6;Blessing
G994;2;Kremer;Franziska;;1987-02-13;+4915115386082;;franziska.kremer@posteo.de;Ebhausen;nein;7qSINkqyE63ZLv4tFUQc;Blessing
G994;2;Kremer;Franziska;;1987-02-13;+4915115386082;;franziska.kremer@posteo.de;;nein;GZBCbW09rCDuuZ3jWMkM;Blessing
G995;2;Liaschenko;Anzhela;;1990-09-17;+491748104797;;oxana.kolobanov@yahoo.de;Reutlingen;nein;7sIvcJyyJawsa0heFsYr;Blessing
G995;2;Liashenko;Anzhela;;1990-09-17;+4917655409994;;anzhelaliashenko1709@gmail.com;Reutlingen;nein;qUVTRCH13LlpLAUCqMia;Blessing
G996;2;Metha;Anke;;;+49 1512 2498312;;anke.metha@googlemail.com;;ja;l1nW6iBL4pYNMq9hYTiQ;Blessing
G996;2;Metha;Anke Ilse;;1971-08-08;+4915122498312;;anke.metha@googlemail.com;Hechingen;nein;7scmytOZ0Yd7zcJTMwfC;Blessing
G997;2;Miehle;Lorena;;1998-03-19;+4915170845312;;lorena.miehle@web.de;;nein;7toCBIdbyxetMwEs2681;Blessing
G997;2;Miehle;Lorena Sofia;;1998-03-19;+4915170845312;;;Stuttgart;nein;EqgBdRrsltIw5TTrfFYa;Blessing
G998;2;Nguyen;Anh Vu;;1994-08-01;+4915228231964;;a.nguyen017@yahoo.de;;nein;QBsnm2VSVBcjnXw05WEk;Blessing
G998;2;Nguyen;Anh-Vu;;1994-08-01;+4915228231964;;;Reutlingen;nein;7uMHNH8GpTJmF16OsrBF;Blessing
G999;2;hofmeister;ingebord;;1948-04-05;;+4971257155;;;nein;KaG5Kn2KZwmQqZrmPePV;Blessing
G999;2;Hofmeister;Ingeborg;;1948-04-05;;+4971257155;;Bad Urach;nein;7uqFcFo0itwAp7UroIkP;Blessing
G1000;2;von Westberg;Bernd;;-829180800000;;;;;nein;7v2AZ5ac2r8szCmyCdlZ;Blessing
G1000;2;von Westberg;Bernd;;-829180800000;;;;;nein;h0AFswiBQCZ65osOUtub;Blessing
G1001;2;Höhn;Demian;;1994-03-07;+4915738217727;;demian-94@web.de;Eningen;nein;7vIF0odzzPRvIggctlYY;Blessing
G1001;2;Höhn;Demian;;1994-03-07;+4915738217727;;demian.hoehn94@gmx.de;Eningen;nein;Em3WDsHfY1kwWUmfq7kb;Blessing
G1002;2;Schöllkopf;Eileen;;1999-07-19;+4915227279783;;schoellkopf.e@gmail.com;Nehren;nein;7vMyts0nisjwdntphK0y;Blessing
G1002;2;Schöllkopf;Eileen;;1999-07-19;+491737201653;;schoellkopf.e@gmail.com;;nein;YfgfZC2R9YsTx6DYab4a;Blessing
G1003;2;Schult;Luzia;;-309139200000;;+49712183730;luzia@schult-engineering.de;Eningen;nein;7vi2HNVwCiy1ZrayCQ36;Blessing
G1003;2;Schult;Luzia;;1960-03-16;;83730;luzia@schult-engineery.de;Eningen;nein;Xuzya6Wfzzaie4kpHL3T;Blessing
G1004;2;Muenchinger;Maximilian;;1999-08-03;;+49504079;;Reutlingen;nein;QnltGl82vHlxcnuCmwac;Blessing
G1004;2;Münchinger;Maximilian;;933638400000;+491711147906;;maximilian.muenchinger@web.de;Herrenberg;nein;7wsOfO0tM4UCHZudpDTQ;Blessing
G1005;2;Walter;Erika;;-836611200000;;7492528;;Reutlingen;nein;7ylbygWXwtGHLfXEhP1e;Blessing
G1005;2;Walter;Erika;;-836611200000;;;;;nein;KOLGEYhnXyUnXfNV9KIH;Blessing
G1006;2;Henning;Johannes;;2013-11-20;+491634092957;;chrzz@posteo.de;;nein;7zPEhj5VrPgQRDT1eAS3;Blessing
G1006;2;Henning;Johannes Friedrich;;2013-11-20;+491634092957;;;Reutlingen;nein;QIERMNzMF89Im4zu20R1;Blessing
G1007;2;Schmidt;Tanja;;479433600000;;;;Reutlingen;nein;80DVVLLbbyYDDTRQNNrG;Blessing
G1007;2;Schmidt;Tanja;;479433600000;+4915154731736;;;Pfullingen;ja;vX1MDZ5CrjfojYjHzR0a;Blessing
G1008;2;Zelda;Beate;;55468800000;;;;;nein;80j3l0SAHiLT7E42G7ZR;Blessing
G1008;2;Zelda;Beate;;55468800000;;;;;nein;ZYdgPY8naqcf0WXb8FwC;Blessing
G1009;2;Wörle;Suse Marlene;;-926035200000;+491738563005;;susewoerle@web.de;;ja;81bLxUT4IxmuzPJme9Qp;Blessing
G1009;2;Wörle;Suse Marlene;;1940-08-28;;+49491799;;Pfullingen;nein;wyOKYtEIgb5FhDGR0XvO;Blessing
G1010;2;Degner-Baxmann;Anja;;1969-11-22;+491728749114;1265413;;Reutlingen;nein;82UeLXqArkThuvzWpcgX;Blessing
G1010;2;Degner-Baxmann;Anja;;1969-11-22;+491728749114;;ad@debax.de;Reutlingen;nein;U1QKFqkmgu6qX5wcumPc;Blessing
G1011;2;walker;Johanna;;2016-01-28;+4915116565459;;;;nein;VdveLbnEIoW8m43dLgH9;Blessing
G1011;2;Walker;Johanna Leni Sky;;2016-01-28;+4915116565459;;;Nehren;nein;83aWRbiKSDZG6TfFdY5M;Blessing
G1012;2;Staufenberger;Bernd;;1967-01-05;;+497121346019;bernd.staufenberger@t-online.de;;nein;847x73aQha3Ok3DhOcSX;Blessing
G1012;2;Staufenberger;Bernd;;1967-01-05;+4915110829898;+497117879237;;Reutlingen;nein;T7XesQ2d79igQOEW6qf0;Blessing
G1013;2;Hauber;Martin;;16156800000;;;;;nein;84dkvdO0IJr5qmLPHSqx;Blessing
G1013;2;Hauber;Martin;;16156800000;;;;;nein;NASSOvQMW8mXeJez0x5Z;Blessing
G1014;2;Biber;Jamie-Lee;;1999-11-29;+491725487994;;jamielee.biber@gmail.com;;nein;85gdZpDNDcrUVTIcxag8;Blessing
G1014;2;Biber;Jamie-Lee;;1999-11-29;+4915223466651;;jamieleebiber@outlook.de;Reutlingen;nein;EvLxVUCSOMDzkdvQIdV5;Blessing
G1015;2;Helelr;Annerose;;;+4971257247;;dafalco6908@gmx.de;;ja;87HDxf1lcg3PoJPWDYEI;Blessing
G1015;2;Heller;Annerose;;1971-08-02;;+4971257247;dafalco6908@gmx.de;Bad Urach;nein;wzPIKS4HHAWc2qt2tQLF;Blessing
G1016;2;Stocker;Thomas;;-441763200000;+4915255774718;;public@4and1.de;;ja;87INKsuixtKDks7z43tu;Blessing
G1016;2;Stocker;Thomas;;1956-01-02;;320123;;Pfullingen;nein;9JvQhkw4NYLZCid5WNOv;Blessing
G1017;2;Mamber;Ingo;;1978-03-27;;+49712318789;i.mamber@gmx.de;Metzingen;nein;87VL9fE4RPkA5AuNXdiZ;Blessing
G1017;2;Mamber;Ingo;;;+49 172 2658333;;i.mamber@gmx.de;;ja;UOT0lmOVPlBASe9kQ5iJ;Blessing
G1018;2;Kemper;Nikola;;1991-05-30;;1386177;;Reutlingen;nein;886mE44UQtBvo8QpY4wP;Blessing
G1018;2;Kemper;Nikola;;1991-05-30;+4915738822459;;nikolakemper@web.de;;nein;hxJDqxgt714KfZHkaw6w;Blessing
G1019;2;Voß;Isolde;;-555897600000;+491708793106;;isolde-voss@gmx.de;Reutlingen;ja;88iMmFBe2R00imRMgu0p;Blessing
G1019;2;Voß;Isolde;;1952-05-21;+491708793106;54386;isolde-voss@gmx.de;Reutlingen;nein;R72NNGMzxrFXa5YAjHEW;Blessing
G1020;2;Kromer;Miriam;;1977-12-02;+4915175067347;+4970229949244;;Großbettlingen;nein;89JfLlQ7Q34RdWRZwCMv;Blessing
G1020;2;kromer;mirijam;;1977-12-02;+4915175067347;;;;nein;iPMAyPCLWwGDkoFG83aM;Blessing
G1021;2;Roell;Hanna;;1973-10-12;+4916091822628;;;Pliezhausen;nein;89UFXYh6MrKZJH8PWLX3;Blessing
G1021;2;Roell;Hanna;;1973-10-12;;+497127925028;;Pliezhausen;nein;uQMuxkiicRjbnQI4z4zo;Blessing
G1022;2;Kryvolab;marina;;1977-08-05;;;;;nein;Pz8byqa4DljpItTS75tM;Blessing
G1022;2;kryvolap;maryna;;1977-08-05;;;;;nein;89UNxEs0vKTyDH4Q0AwB;Blessing
G1023;2;Kullen;Joshua;;2017-01-19;+491702000038;;christoph.kullen@googlemail.com;Huelben;nein;89qF7SeAAYToQtdjdeLA;Blessing
G1023;2;Kullen;Joshua Caleb;;2017-01-19;+491702000038;;;Hülben;nein;nFpA7kU2ujIYeCwu25Gk;Blessing
G1024;2;Lamti;Brigitte;;1955-05-24;;620679;;Reutlingen;nein;8AEVBd4H3KaYgVuE9JK7;Blessing
G1024;2;Lamti;Brigitte;;1955-05-24;;+497121620679;brigittelamti@web.de;;nein;ZWYQqqhC2nseQKR76of9;Blessing
G1025;2;Baran;Piotr;;;+49 1511 7935521;;p.baran.wr@gmail.com;;ja;8ANjOvSMsmRSph6ACKBc;Blessing
G1025;2;Baran;Piotr Wojciech;;1980-03-14;+4915117935521;;monika.sobo@gmail.com;Reutlingen;nein;BXUfc2S2rMi55dEkx0Kj;Blessing
G1026;2;Haley;Robin;;1994-04-17;+4915733279038;;robinhaley94@gmail.com;Schlaitdorf;nein;8AhKXhlP7N82QG1OEaAy;Blessing
G1026;2;Haley;Robin;;1994-04-17;+4915733279038;;robinhaley94@gmail.com;;nein;lLLWpl8DfUQGp6m9ZXRq;Blessing
G1027;2;Kiechle;Maximilian;;1987-11-02;+4917693137271;;;Metzingen;nein;8Ai8l47wUy1dm7OkwNYq;Blessing
G1027;2;Kiechle;Maximilian;;1987-11-02;+4917693137271;;;;nein;YCPWPwrKMceGBt7Nwf11;Blessing
G1028;2;Ritter;Amade-Christian;Dr.;1951-04-01;;1373979;;Wannweil;nein;8BD4HfcHh5CsRdF2Zloh;Blessing
G1028;2;Ritter;Amadé;;1951-04-01;;+4971211373979;acr.wannweil@gmail.com;;nein;rbRBQoaXV7xlfg3MyThF;Blessing
G1029;2;Stooss;Lea Tabea;;2006-07-04;+491753652776;;;Laichingen;nein;8Ba32CFOBqRiP8KMfky6;Blessing
G1029;2;stoß;lea;;;+491753652776;;;;nein;vPfeEJFhFVw5AVmcpfVC;Blessing
G1030;2;Krebs;Helen;;1990-10-26;+4915789187986;;;;nein;xC1sXuXRaYQaUc2QMYMK;Blessing
G1030;2;Krebs;Helen Dorothea;;1990-10-26;+4915789187986;;krebs.helen@gmx.de;St. Johann;nein;8BjSVxi7Y3Efr8Eg7rKg;Blessing
G1031;2;Arnold;Jule;;2007-12-19;+4915222784873;;christiane-arnold@gmx.de;;nein;8Byd6vN3dPrb1xIV5wVc;Blessing
G1031;2;Arnold;Jule Emma;;2007-12-19;+4915222784873;;;Pliezhausen;nein;jBTmsZ6z4VbcyiCxunRn;Blessing
G1032;2;Loris Stanean;Ileana Ana;;1969-02-19;+4915166017416;;lenuta_stanean@yahoo.com;Lichtenstein;nein;8D12EBjAEcabi0X3KRZP;Blessing
G1032;2;Loris-Stanean;Ileana-Ana;;1969-02-19;+4915166017416;;;Lichtenstein;nein;Q3cI9FrZzripzmHAeH6c;Blessing
G1033;2;Hahn;Mario;;;+49 1523 8955220;;schwabenpower1973@web.de;;ja;8D9sbl9VTcqaU59u1FmB;Blessing
G1033;2;Hahn;Mario;;;+4915238955220;;schwabenpower1973@web.de;;ja;IXGaRcUyYxbUwuAo242F;Blessing
G1034;2;Dalmis;Abidin;;;+49 0179 5252789;;abiddindalmis@gmail.com;;ja;8DxnlfLpsnTAzdcil8wj;Blessing
G1034;2;Dalmis;Abidin;;2002-12-02;+491795252789;;abiddindalmis@gmail.com;Metzingen;nein;HLDfbEOWJ0oyTHMlksQI;Blessing
G1035;2;Marx;Monika;;1962-04-28;+4917681788238;;monika.marx.1@gmx.de;;nein;8EHmdChSEQxuEQIHGR8h;Blessing
G1035;2;Marx;Monika;;1962-04-28;;580151;;Reutlingen;nein;AO24EXVZUd4GVqDt0n1P;Blessing
G1036;2;Doddavaram;Ekanath;;1994-02-28;+4917669036538;;;Reutlingen;nein;8EJGTkSNvR7nNaCJ0jim;Blessing
G1036;2;Doddavaran;Ekanat;;1994-02-28;+4917668036538;;;;nein;YvWYkZiLQDxJJm8V21Nq;Blessing
G1037;2;Müllerschön;Albert;;1934-04-10;+491799403091;;eva@geissel-stuttgart.de;;nein;8EjnIg9kLylMPCf586XY;Blessing
G1037;2;Müllerschön;Albert;;1934-04-10;;+49712770659;;Reutlingen;nein;uutWsdhzvLoyUpdysX4Y;Blessing
G1038;2;Börner;Charlie;;1958-01-20;+4915126269749;;charlie.boerner@googlemail.com;Altenriet;nein;aNbSG0OFBBb2p8SzKow8;Blessing
G1038;2;wörner;charlie;;1958-01-20;+4915126269749;;;;nein;8FY3e26GnTVah3DrqtMm;Blessing
G1039;2;Yildiz;Suekran;;1968-03-20;+491727250753;+4971216964446;;Reutlingen;nein;HitByYkPAQgNT7KVIXhX;Blessing
G1039;2;Yildiz;Sükran;;1968-03-20;+4915221634693;;ummetyildiz40@hotmail.de;;nein;8FuMyadBITuatPQbZH8k;Blessing
G1040;2;Weh;Jacqueline;;1996-12-25;+4915144553661;;;Pliezhausen;nein;8Fv9XPuTzu0NWPbiYSqG;Blessing
G1040;2;Weh;Jacqueline;;1996-12-25;+4917672712683;;jacquelineweh12@gmail.com;;nein;yjzPMNtY91KnXZySwwhy;Blessing
G1041;2;Schnizler;Petra;;1965-01-29;;+4971239279910;petra@ibs-tragwerk.de;Neuffen;nein;8GSHfBo2ekPDlemSXMqL;Blessing
G1041;2;Schnizler;Petra;;;+49 177 4959553;;petra@ibs-tragwerk.de;;ja;yH6qjmzjdzRyZh46C1dx;Blessing
G1042;2;Matthes;Amelie;;1990-06-30;;+496904242;amelie.matthes@yahoo.de;Altdorf;nein;8HBH672cFLIDiUllkBGX;Blessing
G1042;2;Matthes;Amelie;;1990-06-30;+491774246174;;ammatthes@gmx.de;;nein;QJeAOYA7yYUXhQGMqqO6;Blessing
G1043;2;Passauer;Lya;;2001-11-26;+491711457188;+497121128777;christina.passauer@gmail.com;Reutlingen;nein;8HfPqCmtWCz1DS22bQpH;Blessing
G1043;2;Passauer;Lya;;2001-11-26;+4915255244056;;passauer@lya.de;;nein;cn4b4XmQe52K8UqaTpj6;Blessing
G1044;2;Vohrer;Ramona;;;+491704425376;;r.m.vohrer@web.de;;ja;8Jh1vUu8Dqmpd7kRNtwu;Blessing
G1044;2;Vohrer;Ramona;;1977-01-12;;+4971283448;r.m.vohrer@web.de;;nein;qeP50J3kTV2pRu1aAUv1;Blessing
G1045;2;Bittmann;Evelyn;;200793600000;+491727091928;;m.bittmann@yahoo.de;;nein;8K4dHUEr7e6OikWmAebu;Blessing
G1045;2;Bittmann;Evelyn;;1976-05-13;;+4971275702497;;Neckartenzlingen;nein;k71SmfiURcU2NO7xrId2;Blessing
G1046;2;Kleindienst;Lotta Sophie;;2003-02-05;+4915754051911;+4971277529;;Tübingen;nein;8KpISwIA8h5Y0iYs99Fu;Blessing
G1046;2;KLEINDIENST;LOTTA-sOPHIE;;2003-02-05;;+4971277529;;;nein;MODeEo7wZ9TdvpjyHyJa;Blessing
G1047;2;Mawardi;Ileana Daiana;;930355200000;+4915759419366;;daiana.ciceu@yahoo.de;Reutlingen;ja;8LkRTzrnQaFxizcpTmzt;Blessing
G1047;2;Mawardi;Ileana-Daiana;;930355200000;;;;;nein;Bvzq7crLK7oGyYDC2VCV;Blessing
G1048;2;Risca;amy-Lee;;2011-06-06;;;;;nein;8M5mS2uVQTQOv64TnEzu;Blessing
G1048;2;Risca;Amy-Lee Kerstin;;2011-06-06;+491629226664;;;Reutlingen;nein;d3o8oU9oUBCQr63CUK2p;Blessing
G1049;2;Rinker;Pascal;;1997-09-20;+4915159442428;;pascalrinker@gmail.com;;nein;RXhWD8Vss4QQHUdcKAh9;Blessing
G1049;2;Rinker;Pascal-Ramon;;1997-09-20;+4915159442428;;;Reutlingen;nein;8MAwX2eRnzrhzOdH4nIa;Blessing
G1050;2;Möller;Monika;;-347932800000;+491784785686;;monika-moeller@gmx.de;;ja;8MX6qO3mWFTCszy0f3gq;Blessing
G1050;2;Möller;Monika;;1958-12-23;;+497123928970;;Metzingen;nein;vlw32OUp8GE2hCHbeK2p;Blessing
G1051;2;Aigner;Cornelia;;1968-02-14;+4917696330614;;;Reutlingen;nein;8MxAhtwJhMzIofO0HTTb;Blessing
G1051;2;aikner;cornelia;;1968-02-14;+4917696330614;;;;nein;iLEJeyZvEcffU1kirzVd;Blessing
G1052;2;Keim;Benjamin;;1991-02-13;+4915782567690;;benjaminkeim@gmx.de;;nein;8NJVuJ86kaKqDG8K0pZi;Blessing
G1052;2;Keim;Benjamin;;1991-02-13;+4917696653566;+499264383;;Reutlingen;nein;nwNYwrSNrmJZCeQmuVaJ;Blessing
G1053;2;Alsayed Ahmad;Nawal;;1975-02-20;+4917662049806;;;Pfullingen;nein;8NfdpujA1oYVm5jyJZPX;Blessing
G1053;2;Alsayed Ahmad;Nawal;;1975-02-20;;;;Pfullingen;nein;KK2ASSFVJSFlRTVtshUH;Blessing
G1054;2;Obermaier;Werner;;-1053302400000;;+4971211432765;w-obermaier@online.de;Reutlingen;nein;8P8ekSO7z3iJxTTn0M3b;Blessing
G1054;2;Obermaier;Werner;;1936-08-16;;1432765;;Reutlingen;nein;QyucOrtm65vKk3vyFMXt;Blessing
G1055;2;Pfeiffer;Richard;;1977-10-04;+4917641309933;;;Reutlingen;nein;8PcZVQU6K1l2bjUaTdfR;Blessing
G1055;2;pfeiffer;richardt;;1977-10-04;;;;;nein;bQhE5WOZiGtcj6H64O9C;Blessing
G1056;2;Eitrich;Cedric;;1994-05-05;;;;Reutlingen;nein;8R52u2pRGKA7MvVZdvU4;Blessing
G1056;2;Eitrich;Cedric;;1994-05-05;+4915787840805;;eitrich.cedric@gmx.de;Reutlingen;nein;d8LI4pxMtgGqRgRjyW0j;Blessing
G1057;2;Heinzelmann;Emmi;;2008-12-22;;+4973889999939;isabell.vetter@gmx.net;Trochtelfingen;nein;8Re4tDJm8ccirijV9izL;Blessing
G1057;2;Heinzelmann;Emmi;;2008-12-22;;+4971241313;;Trochtelfingen;nein;imCjK0dywP3ZK0rcTlgX;Blessing
G1058;2;Seristatidis;Larissa;;1997-01-22;+4915758488297;;l.seristatidis@gmx.de;Pliezhausen;nein;8Rh80QY6whxa4jXA8aYP;Blessing
G1058;2;Seristatidis;Larissa;;1997-01-22;+491628500805;;l.seristatidis@gmx.de;Pliezhausen;nein;JSRbZJ8UyHqdOrOEXhVt;Blessing
G1059;2;Krohmer;Angelika;;1946-08-21;;+492037171;;Reutlingen;nein;9MjvmveHk7QULAj3SU4D;Blessing
G1059;2;Kromer;Angelika;;1946-08-21;;+497121370778;;;nein;8TeQ9x7HQda2BXhQiZKM;Blessing
G1060;2;Machado Leal;Rafael;;1997-10-02;+4915221505366;;;Reutlingen;nein;8U9ikJPZrl0DlOjEmtMR;Blessing
G1060;2;Machado Leal;Rafael;;1997-10-02;+4915221505366;;feridetkr@gmail.com;Reutlingen;nein;W7nGmNTi9MRehOXaoj4p;Blessing
G1061;2;Mousnier;Ilka;;1960-04-04;;+49371116;;Pforzheim;nein;8WvyzVHQnys9TUzHYz7D;Blessing
G1061;2;Mousnier;Ilka;;1960-04-04;+491715248823;;ilka.mousnier@arcor.de;Pforzheim;nein;fFJjBm0odvb4jvLFJvKm;Blessing
G1062;2;Kirn;Thomas;;1993-07-31;+4915754410167;;jasmin_weimar@web.de;;nein;8YppDKYfWNvBfEoGQ1kM;Blessing
G1062;2;Kirn;Thomas;;1993-07-31;+4917663154104;+497121610063;galle.tk@googlemail.com;Reutlingen;nein;xzQ4VBrX0is7cVqq9leE;Blessing
G1063;2;Samoz;Irina;;1977-07-16;+491628504886;+497123206787;;Metzingen;nein;8ZAH31D5EJpxznXwkeWc;Blessing
G1063;2;Samoz;Irina;;1977-07-16;+491625638192;;irinkasam@web.de;Metzingen;nein;mHsFG0PG4aXVfeLVqZvL;Blessing
G1064;2;Hohloch;Annika;;2001-03-14;;+49712167622;annika.hohloch@t-online.de;;nein;8ZtVaBduDHUDrPkaF3HZ;Blessing
G1064;2;Hohloch;Annika;;2001-03-14;+3367622;+4915737362110;;Reutlingen;nein;XVr9zVXhuZpnzMXWoVZ1;Blessing
G1065;2;Herrmann;Anke;;1956-04-19;;+497121470317;ankeherrmann.rt@web.de;;nein;8a16dKRxOIm1dzoPlfsP;Blessing
G1065;2;Herrmann;Anke;;1956-04-19;;;;Reutlingen;nein;kVUOeC82gXOuHs4XOmQI;Blessing
G1066;2;Kupris;Eveline;;;+4915771957694;;;;nein;8aG1shRWym4JKz9iwixM;Blessing
G1066;2;Kupriss;Evelyn;;-642211200000;+4915771957694;+49712177694;;Pfullingen;ja;Vqjf7kELJoKoedJTU1ov;Blessing
G1067;2;Krieg;Rudi;;-482112000000;+491702760688;;rudi.krieg@web.de;Reutlingen;nein;8aJVDplYwAmL0EA5SBAJ;Blessing
G1067;2;Krieg;Rudi Ernst;;;+491702760688;;rudi.krieg@web.de;;ja;ML505KzERKVOYuxc9wV9;Blessing
G1068;2;Mourad;Ahmed;;1988-08-09;+4917680849668;;monsef_101@hotmail.com;Metzingen;nein;CRciaKYgFfTPAU3JcUZZ;Blessing
G1068;2;Mourad;Ahmed Ibrahim Abdelmonsef;;1988-08-09;;;;Metzingen;nein;8aNYkjVQGCWP1Y8l6XRQ;Blessing
G1069;2;Mayer;Reeva;;2016-07-29;+491751655715;;;;nein;LRwRXAZfpqHqvrBrv9jt;Blessing
G1069;2;Mayer;Reeva Luisa;;2016-07-29;;;;Metzingen;nein;8aPUGTpMMNEaNQQ2jP3n;Blessing
G1070;2;Etz;Marcel;;2004-05-20;+4915226214489;;marcel.leon.etz@gmail.com;Reutlingen;nein;8cBoN2U2L4rNRzzp6WP0;Blessing
G1070;2;Etz;Marcel;;2004-05-20;;470364;;Reutlingen;nein;JA8vYdtFqYICMMNqmOeY;Blessing
G1071;2;Demirova;Gonca;;1998-02-04;;;;Reutlingen;nein;8cbkPqy1uPPwZiCj3jq5;Blessing
G1071;2;Demirova;Gonca;;1998-02-04;;;;;nein;ZZIn2C2TUmhoajZqFZwS;Blessing
G1072;2;Koch;Luca;;2003-12-16;+4917661185815;;luca.koch2003@gmail.com;Reutlingen;nein;8cv2OhJZA6nJ8Mkbpumj;Blessing
G1072;2;Koch;Luca Oliver;;2003-12-16;+491729809362;230182;;Reutlingen;nein;MPrdHii7UF8ROlsoIlLp;Blessing
G1073;2;Frank;Anja;;1984-11-20;;578448;;Reutlingen;nein;8dE3cHnaE5XrG2pBIarO;Blessing
G1073;2;Frank;Anja;;1984-11-20;;+497121578448;anfloh1@t-online.de;;nein;XNF4gyCaYBu5CSvnfVx4;Blessing
G1074;2;Traub;Jonne;;2011-11-07;;;;;nein;8eLETBNAJEFF8sipfqlv;Blessing
G1074;2;Traub;Jonne Aaron;;2011-11-07;;+4971224529969;;St Johann;nein;ec2kFczVoCwxAU6vgr2N;Blessing
G1075;2;Schmitz;Katharina;;1995-05-02;+491777895484;;katharina.schmitz0205@gmail.com;;nein;8foQ9zctqAu6CWMznBwY;Blessing
G1075;2;Schmitz;Katharina;;1995-05-02;+491777895484;161121;katharina.schmitz0205@gmail.com;Reutlingen;nein;oQaSIgNBcOtPCdTq1fxH;Blessing
G1076;2;Schnizler;Andreas;;1963-07-31;+491728011923;;;Neuffen;nein;8g5fscQOyPFAncBqbxAo;Blessing
G1076;2;Schnizler;Andreas;;1963-07-31;+491728011923;;andreas@ibs-tragwerk.de;;nein;bVTiok6ahTPc2vuGuumn;Blessing
G1077;2;Oks;Natali;;1969-08-26;+4915780390457;;;;nein;nAQZU7e54gvBr0H944wo;Blessing
G1077;2;Oks;Natalie;;1969-08-26;;1363427;;Pfullingen;nein;8gMrOel21ZqWvnxezlKU;Blessing
G1078;2;merkle;bettina;;601430400000;+4901733445493;;;;nein;8hFDfBkdKr6upvJSqHEL;Blessing
G1078;2;Merkle;Bettina;;1989-01-22;;;;Tübingen;nein;yi3WyKBWs80zLCgftruS;Blessing
G1079;2;Hittinger;Marlene;;1134086400000;;;;;nein;8iayY0ZYv6qVlVQJk2hg;Blessing
G1079;2;Hittinger;Marlene;;1134086400000;;;;;nein;Oy1MWxFAH3aNGtfGRntV;Blessing
G1080;2;Selig;Leonard;;2020-08-07;;;;;nein;8ioH2UlZepiUTS7Ld0Bs;Blessing
G1080;2;Selig;Leonard Wilhelm;;2020-08-07;;+497121976135;;Pfullingen;nein;NeStQ2zkJK1qfakatdv0;Blessing
G1081;2;Jehle;Roman;;1952-03-25;;+49712321956;;Metzingen;nein;8iyQlsgzdZO7kXQIKcOK;Blessing
G1081;2;Jehle;Roman Johann;;1952-03-25;;+49712321956;claudiajehle@gmx.de;Metzingen;nein;EYrlU6bXD1gfKK7RatO6;Blessing
G1082;2;Bofinger;Friederike;;1968-11-23;+491739910696;;kikibofi@gmail.com;Pliezhausen;nein;8jQwLFOjH2zoYWZaz825;Blessing
G1082;2;Bofinger;Friederike;;1968-11-23;+491756069629;+497127180587;;Pliezhausen;nein;W8htYiuF9NZRlsJCrG8n;Blessing
G1083;2;Schulz;Luis;;2008-09-28;;+497121337846;schulz.ja@t-online.de;Reutlingen;nein;8k2eYVyzRDubyHN6fMha;Blessing
G1083;2;Schulz;Luis Maximilian;;2008-09-28;;337846;;Reutlingen;nein;bcQ0YXXiC1G89vFtizdz;Blessing
G1084;2;Ouni;Youssef;;1992-06-09;+4917634588753;;;Reutlingen;nein;8kfFhQHO4c1bR5L8Yfi7;Blessing
G1084;2;ouni;yusef;;;+4917634588753;;;;nein;np0jLzzNxMWpnKQVEVCD;Blessing
G1085;2;Sale;Sazin;;1990-12-22;+4917641731999;;;;nein;8m6YWWyx6DS0Y9OaZSiw;Blessing
G1085;2;Saleh;Sazin;;1990-12-22;+4915206079326;;;Reutlingen;nein;V5DxmgfWl2vSk9EB1kwl;Blessing
G1086;2;weiland;karl heinz;;;;+49712360444;;;nein;8mTKn3Khvlf15c3YcskW;Blessing
G1086;2;Weiland;Karl-Heinz;;1941-06-03;;+49712360444;;Metzingen;nein;kcWUzCfJyUX2tuqRoC12;Blessing
G1087;2;Hailfinger;Silke;;1966-09-18;+4915111716986;;s.hailfinger@hailfinger-electronic.de;;nein;8o7nYMfwqEQhMV3Yp1SJ;Blessing
G1087;2;Hailfinger;Silke;;1966-09-18;;+497128380949;;Sonnenbühl;nein;KATQVQbfpTeA5OamwCwJ;Blessing
G1088;2;Buck;Alexander;;1977-06-13;;+497382941764;alex.buck@web.de;;nein;q9nw3uZGbcJAl1sFcSt2;Blessing
G1088;2;Buck;Alexander-Sebastian;;1977-06-13;;+497382941764;;Römerstein;nein;8oE5MxHaABOqaz3hZWD4;Blessing
G1089;2;Ambacher;Fynn;;2003-07-15;+491737046535;;;Riederich;nein;vKaVDNGma12qlAOcuz70;Blessing
G1089;2;Ambachrr;Fynn;;2003-07-15;;+49712361671;fynn.ambacher@gmx.de;;nein;8qRKPwOUjbXctLnHbs6d;Blessing
G1090;2;Scheufele;Ben;;2001-04-11;;+497072910555;;Gomaringen;nein;yXHiDGg5aOG2JsZ7aPvs;Blessing
G1090;2;Schäufele;Ben;;2001-04-11;+4917634660435;;;;nein;8qiJNl63Si69fIUWLLUR;Blessing
G1091;2;Prenkner;Sonja;;;+491774669416;;;;ja;aZ7YqJopGnxq8aXhGG8x;Blessing
G1091;2;Tränkner;Sonja;;411782400000;+491774669416;;sonnetraenkner@web.de;;ja;8qrBNptOJVLerST1cNWr;Blessing
G1092;2;Demirezem;rümesa;;;+4917672248427;;;;nein;8rcRl9uUsp9aJwcgRxZw;Blessing
G1092;2;Demirezen;Zümesa;;;+4917672248427;;;;nein;ajHlpjkMQ5pXPukTEw2l;Blessing
G1093;2;Davis;Doris;;;+49017644435646;;doris.davis@gmx.de;;ja;8sDxc3GswqhnP6yGTzjw;Blessing
G1093;2;Davis;Doris;;1960-11-29;+4917644435646;;doris.davis@gmx.de;Riederich;nein;p0gicHSB6MXW0V7tNhNC;Blessing
G1094;2;baessler;klaus;;;;+497127955371;;;nein;C2iO2mIw4ykNfvIL6zLF;Blessing
G1094;2;Bässler;Klaus;;1954-09-24;+491755484019;+497127955371;;Neckartenzlingen;nein;8t2T6W4qulkZG5bOh1uS;Blessing
G1095;2;Wesely;Aliya Birgit;;2013-01-02;+4917630135522;;;Bad Urach;nein;8ut4GoMMgDvQiDhJVZe4;Blessing
G1095;2;Wesely;Aliya Birgit;;2013-01-02;+4917630135522;;evi.kohl@web.de;Bad Urach;nein;ts6GqoGXBUljrvnvx6Nc;Blessing
G1096;2;Oeztuerk;Kazim;;1972-12-20;+491729097868;+4971211385674;ksuim-reutlingen@hotmail.de;Reutlingen;nein;QH47c6UXQsLflk70RK9R;Blessing
G1096;2;Öztürk;Kazim;;1972-12-20;;206832;;Reutlingen;nein;8vCusKgqabumE0fZ2Z5f;Blessing
G1097;2;salihi;Samila;;1989-05-09;;;;;nein;uSryQowrM5Llt8iLajVJ;Blessing
G1097;2;Salihi;Samira;;610675200000;+491629643997;;;Bad Urach;ja;8vJtRhXRoY3BoTvLOdyU;Blessing
G1098;2;Eriksson;Lars;;1950-12-27;;+49712188676;lars.eriksson@arcor.de;;nein;puCDfhO3019fCAXfTRgI;Blessing
G1098;2;Eriksson;Lars-Ake;;1950-12-27;+491727349888;+49712188676;;Eningen;nein;8vMRI5jbXeKqLOW9Gne5;Blessing
G1099;2;Bressel;Melina;;2018-02-15;+491729899676;;jeniffer@michelw.de;;nein;9YqP5A5Ex7JUSipnJjz8;Blessing
G1099;2;Bressel;Melina Sofie;;2018-02-15;;;;Böblingen;nein;8vbuGsHJlwCoVBuKO6us;Blessing
G1100;2;Schneider;Klaus;;-975715200000;+491777798140;;schneider.fred@web.de;Pfullingen;ja;8vvJsoZVq7ZN6cQUxTjx;Blessing
G1100;2;Schneider;Klaus;;1939-01-31;;756805;;Pfullingen;nein;NqAl7jzVDy8J2AvjMSpE;Blessing
G1101;2;Hartter;Jana;;1137715200000;;+497123947925;;Metzingen;nein;8w97DcI4EhGLATU3LtkZ;Blessing
G1101;2;Hartter;Jana;;2006-01-20;+491773278912;;janahartter@gmail.com;Metzingen;nein;AQmlJXPOsO6ILGukys09;Blessing
G1102;2;Zeh;Anastasia;;2007-12-25;+4915202768036;;dalupelu@gmx.de;Dettenhausen;nein;8xuf7eS3OXMaWKN0DzNq;Blessing
G1102;2;Zeh;Anastasia Sofia;;2007-12-25;;;;Dettenhausen;nein;Xtj2bILXOs47742Ot1jf;Blessing
G1103;2;Bilaver;Paulina;;1999-12-10;+4917632816497;;;Balingen;nein;8yOCRiVwLFcvhyBd9GdZ;Blessing
G1103;2;Bilaver;Paulina;;1999-12-10;+4917632816497;;paulinakralj@gmail.com;Balingen;nein;A6YUUpRjIrnp6BjMGvRO;Blessing
G1104;2;Deutscher;Maike;;1997-08-13;+4915115222011;;;Reutlingen-Betzingen;nein;FZEGNLnjjVki1pwt9Jy8;Blessing
G1104;2;Deutscher;Maike Katharina;;1997-08-13;;;;Reutlingen;nein;8yOq7g4oGErh2iNAhIje;Blessing
G1105;2;Heuschele;Clara;;1241568000000;+4915736960305;;carolinecereda@yahoo.fr;Altdorf;ja;8zIQv4m0EqAfn5bxSGk5;Blessing
G1105;2;Heuschele;Clara;;2009-05-06;;+497127239843;;Altdorf;nein;Sc4cBkl6rTIWW9kNYBtR;Blessing
G1106;2;Feucht;Edit;;1954-03-03;;+4971211360075;;;nein;JdWzhM22cgs3chLdHfDD;Blessing
G1106;2;Feucht;Edith;;1954-03-03;+4915231743496;;;Reutlingen;nein;8zIty7TPQ5GKnjESNVth;Blessing
G1107;2;weisenesel;Laurin;;1998-08-06;;+49702249148;;;nein;8zZHLt71T1ae42QSCwxA;Blessing
G1107;2;Weisensel;Laurin;;1998-08-06;+4915901991880;;laurinweisensel@web.de;Nürtingen;nein;btKRf9m2sZyMLIDmWGC6;Blessing
G1108;2;Balderas Saucedo;Alberto;;1999-08-15;+4915157958865;;;Reutlingen;nein;8zaPu3x3MNh81nxxypVK;Blessing
G1108;2;Balderas Saucedo;Alberto;;1999-08-15;+4915157958865;;alberto99bs@gmail.com;;nein;HU7poTwMxarcywPh89NY;Blessing
G1109;2;Kad;Pratiksha;;1997-10-12;+4917634303109;;kpratiksha@farasis.com;Nürtingen;nein;8zoTwI1jAmCcdfmUFTHH;Blessing
G1109;2;Kad;Pratiksha Sunil;;1997-10-12;+4917634303109;;;Nürtingen;nein;BQz68ruxrKgeazbmDVZQ;Blessing
G1110;2;Schröder;Uwe;;1958-07-11;;57009;;Wannweil;nein;916anHyK4eyTXnxVxEhy;Blessing
G1110;2;Schröder;Uwe Ignaz;;1958-07-11;+491727318884;;schroederuweignaz@web.de;;nein;vJBXjXIL11kXeprPoNRz;Blessing
G1111;2;yildirim;malik;;2021-10-16;;+497387984584;;;nein;94BHkn9nvhb2mRzzZIlv;Blessing
G1111;2;Yildirim;Malik;;2021-10-16;;;;Hohenstein;nein;bkuPqePdts4vLSyrVtCd;Blessing
G1112;2;Schmuecker;Luisa Marie;;2010-11-06;;610672;;Reutlingen;nein;94CwxFdmcLInTTwl1aj4;Blessing
G1112;2;Schmücker;Luisa;;2010-11-06;+491706825151;;birgit.mistele@gmx.de;;nein;uZz2K7Ob4F7JzSdvnuEL;Blessing
G1113;2;Hardtke;Detlef;;1959-11-25;;+497127237555;;Altenriet;nein;RKGfVdNHybMKPrZV8jG8;Blessing
G1113;2;Hartke;Dethlef;;;;+497127237555;;;nein;94NjN5KQJFPjMwCGWPN6;Blessing
G1114;2;Kartal;Dilara;;2001-06-21;+4917663883963;;dilaracan21@web.de;;nein;95C6KthU7Hkt7GZ3xXcw;Blessing
G1114;2;Kartal;Dilara;;2001-06-21;+4917670035551;;dilarakartal@gmx.net;Hechingen;nein;RvHl3Pk0o4s4acGwn95p;Blessing
G1115;2;Grzegorski;Klaudia;;1991-04-23;+491726440377;;klaudia-1991@gmx.de;Gomaringen;nein;95CRW8NMdTjhCm9LsDto;Blessing
G1115;2;Grzegorski;Klaudia;;1991-04-23;+491629037134;;klaudia-1991@gmx.de;;nein;lAdMs9LNKIobBiKXWqLk;Blessing
G1116;2;Schenker;Marie;;2004-05-22;+491743266331;;schenker.franziska@gmx.de;Neckartenzlingen;nein;965auLyB0dE3lsxlQPOM;Blessing
G1116;2;Schenker;Marie;;2004-05-22;;+4971275701180;;Neckartenzlingen;nein;zfdkmi1OpekqPCF0PUGY;Blessing
G1117;2;Worawan;Suphawan;;1989-02-17;+4915735450822;;laurenza.worawan@web.de;;nein;96kYg8oPrEMW7foAe2Jg;Blessing
G1117;2;Worawan;Suphawan Laurenza;;1989-02-17;+4915735450822;;;Reutlingen;nein;dFX7ziF1UefKHpGvdVIq;Blessing
G1118;2;Preuss;Dorothee;;-575078400000;;;;;nein;96uvHhQMrHdhWcdBpYNI;Blessing
G1118;2;Preuss;Dorothee;;1951-10-12;;580197;;Reutlingen;nein;BiPucwgmDHJAFVdTMEPj;Blessing
G1119;2;Gastel;Monika;;1964-10-23;+4917647713543;;hikel.gastel@gmail.com;Metzingen;nein;974nF2cn00HIVNxJOEwt;Blessing
G1119;2;Gastel;Monika;;1964-10-23;;3800795;;Metzingen;nein;BDp3SAyBwiFYgyF6pMuD;Blessing
G1120;2;Schultheis;Rebecca;;;+15161402110;;rebecca.schultheis@aim.com;;ja;97E51f6OwJVXi76xMIHK;Blessing
G1120;2;Schultheis;Rebecca;;1992-10-21;+4915161402110;;rebecca.schultheis@aim.com;Tübingen;nein;JPSQhyktzgC9AsSXkpey;Blessing
G1121;2;Seitz;Tammy;;1992-03-03;+491722428450;;;Nürtingen;nein;988V1gf0IIZ7Tm8L9yD6;Blessing
G1121;2;Seitz;Tamy;;1992-03-03;+491722428450;;tammyseitz@gmail.com;;nein;w6ejJ1AkOPZJs8K06QJj;Blessing
G1122;2;Oezdemir;Emrullah;;1973-05-25;;;;Pfullingen;nein;98GFbem9sOjwuuPft1ON;Blessing
G1122;2;Özdemir;Emrullah;;1973-05-25;+4915150591407;;;Pfullingen;nein;yVXCYdQv39TCJmJajPPk;Blessing
G1123;2;Grabowski;Michael;;665712000000;;7068233;;Reutlingen;nein;98UqL35gxbr9azdDzXI4;Blessing
G1123;2;Grabowski;Michael;;1991-02-05;;+4971217068233;infoinfo@bin-wieder-da.de;;nein;B3qwOUVk9Pg6t1mlwu6P;Blessing
G1124;2;Sülün;Yunus;;1976-09-13;;+49381527;ysulun@hotmail.com;Reutlingen;nein;98qQGD56OudaVoyRSTcN;Blessing
G1124;2;Sülün;Yunus;;1976-09-13;+491731026123;;ysulun@icloud.com;;nein;RpAKUiiUWTTAbIxykOyJ;Blessing
G1125;2;Wagner;Martina;;;+4917680813666;;matz59@t-online.de;;ja;98zYzIJIKRBgxxJgsYuf;Blessing
G1125;2;Wagner;Martina;;1959-02-26;;+497121630684;matz59@t-online.de;Reutlingen;nein;v7YUr8DM16vx5T607ETX;Blessing
G1126;2;Akbulut;Suemeyra;;1987-12-11;+4917670424829;;suemeyra.akbulut@outlook.de;Pfullingen;nein;N7NRDw3r40mIfcLD4xkD;Blessing
G1126;2;Akbulut;Sümeyra;;;+49 176 70424838;;Suemeyra.Akbulut@outlook.de;;ja;99PH193nvPt9z8xQqKVf;Blessing
G1127;2;Nguyen;Thi-Hai;;1942-06-15;+491621716883;;;Reutlingen;nein;99YEXTZxgJqFOusDG0XI;Blessing
G1127;2;Nguyin;Thi Hai;;1942-06-15;+491621716883;;;;nein;HVvGfhb03SjaSW8daORi;Blessing
G1128;2;Koehler;Stefan;;1965-03-23;+491717285472;;sk@koehler.de;Metzingen;nein;99ojQzfn8aAhOzElGbq9;Blessing
G1128;2;Köhler;Stefan;;;+491717285472;;sk@koehler.de;;ja;TEmuClBYTWjhKHdK7Yqa;Blessing
G1129;2;Müller;Ben;;2005-08-02;+4915754052379;;ulmanibe.mueller@t-online.de;Altdorf;nein;9A0WJg7koK3CInsQZn5v;Blessing
G1129;2;Müller;Ben;;2005-08-02;;+497127580704;;Altdorf;nein;lPU4Q8TBBWyPJJve2vjU;Blessing
G1130;2;Hausmann;Vivien;;2008-01-22;+4915115200311;;donatha-weber@gmx.de;Lenningen;nein;hPIGzAFU8s9f3RugohaC;Blessing
G1130;2;hausmann;viviyen;;2008-01-22;+4915115200311;;;;nein;9BE7hB7TBh5dt4X6LpMR;Blessing
G1131;2;Schira;Thomas;;1962-06-05;;+49712342764;;Metzingen;nein;9BS0DF7DrWAKlbHTVsBO;Blessing
G1131;2;Schira;Thomas;;-239068800000;+4917647230121;;thomas.schira@kabelbw.de;;nein;lyVNcLGFtNIM0ahHbBFd;Blessing
G1132;2;Schira;Elvira;;176342400000;+4917647230129;;elvira.schira@gmail.com;;nein;9BhW86w5Oj5YrPd6zWXf;Blessing
G1132;2;Schira;Elvira;;1975-08-04;;+49712342764;;Metzingen;nein;xH3FX0eIPcJZ6oF5jj0y;Blessing
G1133;2;Balcer;Gerd;;-45532800000;+491791380507;+4971217988078;fam.balcer@gmail.com;Pfullingen;ja;9CJy0JehZCwms2ZMOfUj;Blessing
G1133;2;Balcer;Gerd;;1968-07-23;+491791380507;;fam.balcer@gmail.com;;nein;w1dTq13b0KiacQmp34IF;Blessing
G1134;2;Sabljic;Iva;;1952-09-28;+491741589933;340490;silvia.barisic@icloud.com;Reutlingen;nein;9Cf7HcxOG7SZ4hyQz5N8;Blessing
G1134;2;Sabljic;Iva;;1952-09-28;+4917657442730;;iva.sabljic52@gmail.com;;nein;jGGEIoS2ZxTdXEZtF091;Blessing
G1135;2;Schluren;Philip;;;+491726184180;;;;nein;utwgNQSvu3qXVTfeeSZK;Blessing
G1135;2;Schlüren;Philipp;;;+49 172 6184180;;ps@pisa.group;;ja;9E1d9oz3nkJLoGGpln0T;Blessing
G1136;2;Morsillo;Marco;;1973-08-11;;+49712154245;;Reutlingen;nein;9EpmB81MEfhiewM4qbYV;Blessing
G1136;2;Morsillo;Marco;;1973-08-11;+4915116743148;;stefanerdelt@web.de;;nein;UPZfXFj85OE0AKvstWNJ;Blessing
G1137;2;Baba;Tugce;;1998-03-04;;372181;;Reutlingen;nein;9FBSY2UZoB43zgiJ9oGw;Blessing
G1137;2;Baba;Tugce;;1998-03-04;;;;;nein;EtLFuNdss7eAsdVZjOjE;Blessing
G1138;2;Vidic;Filip;;1378252800000;+4915780929551;;nisevic.t@gmail.com;Pfullingen;nein;9GjMIPYkvYo27LkSClKz;Blessing
G1138;2;Vidic;Filip;;1378252800000;;;;;nein;oJk1bxTsLy4mwtvXmA4P;Blessing
G1139;2;Aydogan;Asena;;2003-06-26;+491623720094;;a.asena2003@googlemail.com;;ja;9HFHONnI353ooKYXYeFK;Blessing
G1139;2;Aydogan;Asena;;2003-06-26;;127881;;Reutlingen;nein;aTknuV8J5ogfB7r7fWwK;Blessing
G1140;2;Fazlic;Carmela;;346982400000;+4915208864802;;carmela.dorita@gmail.com;;ja;9HFgHFl2bd0y8Y4n36eX;Blessing
G1140;2;Fazlic;Carmela;;1980-12-30;;+4973869755011;;Hayingen;nein;MzCtRoRwK3u1IiA2IkQ4;Blessing
G1141;2;Franz;Daniel;;2000-11-30;+4915152301120;;danielnoelfranz@icloud.com;;nein;YDNG6wK3LTR0CxEqn8xx;Blessing
G1141;2;Franz;Daniel Noel;;2000-11-30;;+4971214869944;;Reutlingen;nein;9IeIFLO8q7bW2mDc1CWz;Blessing
G1142;2;georecke;christel;;;;+4970218660579;;;nein;9IhW4jwUnQIQ6LXYwb9j;Blessing
G1142;2;Gerecke;Christel;;1945-08-27;;+4970218660579;;Kirchheim;nein;MJbDP1jcT0mC1Cf4OGXC;Blessing
G1143;2;Binder;Nora;;2013-01-10;;;;;nein;9IkH5qtqv19eK1O5F6yf;Blessing
G1143;2;Binder;Nora Silja;;2013-01-10;+4915156385704;+497128304291;;Sonnenbühl;nein;E0pGWwCKOVAvxDScFW8B;Blessing
G1144;2;Bidar;Hanna;;2003-05-04;+4915234122168;;hanna.bidar@online.de;;nein;9IqCnbvAiUMiwcCbvqr4;Blessing
G1144;2;Bidar;Hanna;;2003-05-04;+4915234122168;6907900;hanna.bidar@online.de;Reutlingen;nein;MR9LbJ6PDZdUfuekWC1h;Blessing
G1145;2;Zingel-Schwarz;Gloria;;4147200000;;+497472441188;;Rottenburg am Neckar;nein;9Jkr2Gq4RYHWXS3Jrte7;Blessing
G1145;2;Zingel-Schwarz;Gloria;;1970-02-18;;+497472441188;;Rottenburg am Neckar;nein;zI7fegIIdK5Qghdxqybz;Blessing
G1146;2;Wormann;Eric;;1997-07-11;+491734197803;;eric.wormann@icloud.com;;nein;9JtxmmwAKbRVttHDLxC7;Blessing
G1146;2;Wormann;Eric;;1997-07-11;;+49712124982;;Metzingen;nein;VLj2ekwCruK0DA0z1zKM;Blessing
G1147;2;Haug;Otto;;1948-02-25;;+497121267447;;Reutlingen;nein;9K16lRqWNj3EDr4BLeR0;Blessing
G1147;2;Haug;Otto;;1948-02-25;;;;;nein;cgvs9C6XPR5zgXH7zsmF;Blessing
G1148;2;Schroeder;Aljoscha Noel;;2011-02-05;+4917686803940;;jenbens@web.de;Reutlingen;nein;NvYs41xyaiQkL1c8d7uw;Blessing
G1148;2;Schröder;Aljoscha;;2011-02-05;;;;;nein;9KRa5BhqIP1v3KvAqrBP;Blessing
G1149;2;Kurtz;Margarete;;1939-08-22;;+497121321580;margaretekurtz@gmx.de;;nein;9L063H5Z0PKkNmlJpDeG;Blessing
G1149;2;Kurtz;Margarete;;1939-08-22;;321580;margaretekurtz@gmx.de;Reutlingen;nein;JcI2CxqdSC5Sipcqh49S;Blessing
G1150;2;Mangold;Petra;;;+4917642610396;;Mangold-laichingen@t-online.de;;ja;9LWxTiMBudXE2shlOv4D;Blessing
G1150;2;Mangold;Petra;;1961-09-01;;+4973334689;mangold-laichingen@t-online.de;;nein;yQgiO70xV8RjfbLHQRt1;Blessing
G1151;2;Danco;Helen;;2002-10-10;+4915739394261;;helen-danco@gmx.de;;nein;9LXnUA8N17widBx2Mmgt;Blessing
G1151;2;Danco;Helen Emeli;;2002-10-10;+4917663100834;;;Reutlingen;nein;sIVBOSFdJFv9f7fcjUCA;Blessing
G1152;2;Laister;Tabita;;1988-11-06;;+497125407438;tabita_d@web.de;Metzingen;nein;9Lu1tgsyNedhDK4J1saC;Blessing
G1152;2;Laister;Tabita;;1988-11-06;+4915789210641;+4971239727484;tabita-d@web.de;Metzingen;nein;OFcTj7MqRTZc2hAbOdm1;Blessing
G1153;2;Usman;Aslihan;;1993-09-22;+4917621700350;+49176217000350;aslihan.erbas@hotmail.de;Eningen;nein;9MHO9E7kbMI0vT9he7BT;Blessing
G1153;2;Ussman;Aslihan;;;;+49176217000350;;;nein;y5HCpI5ssHPb8IZiksIm;Blessing
G1154;2;Brenner;Rolf;;-516499200000;+491723754385;;rbrenner@rokaty.de;Reutlingen;ja;9MlUUJ2fpt1nT1eI8lG1;Blessing
G1154;2;Brenner;Rolf;;-516499200000;+4901723754385;;;;nein;VwLRRsgMlWYtXPt8ElM4;Blessing
G1155;2;Ashani;Aulona;;910742400000;+4915736118024;;aulonaashani20@gmail.com;Nürtingen;ja;9Mq33phNst43zxRMBq3L;Blessing
G1155;2;Ashani;Aulona;;;+4917670523792;;aulonaashani20@gmail.com;;ja;onMTomT8E0rOBDGEYVak;Blessing
G1156;2;Veil;Elke;;1969-06-24;;+4971279469725;hora.veil@googlemail.com;Altenriet;nein;9MvEjZQKyNOANqypJgre;Blessing
G1156;2;Veil;Elke;;1969-06-24;+4915737781832;;flora.veil@googlemail.com;;nein;tb2fgDvxJiOcg0oW0oFD;Blessing
G1157;2;Rizzotto;Katharina;;1991-01-27;+4915259028926;;k.rizzotto@web.de;Reutlingen;nein;9NGK0uhT6YAch5MNVfRt;Blessing
G1157;2;Rizzotto;Katharina;;1991-01-27;+4915259028926;;k.rizzotto@web.de;;nein;nj89Ept5Izcusw6T2FDU;Blessing
G1158;2;Kempf;Katharina;;-896140800000;+4915222864623;;rafaela.guenther@gmail.com;Metzingen;ja;9NfBcwKpdud3L2pEgaxN;Blessing
G1158;2;Kempf;Katharina;;1941-08-09;;+49712318191;;Metzingen;nein;unFMVBX0cRKTxKg9qiFN;Blessing
G1159;2;Schira;Christian;;1999-01-07;;+49712342764;;Metzingen;nein;9NjfOZPmSmYHuUBw0f2F;Blessing
G1159;2;Schira;Christian;;1999-01-07;+491737532807;;cschira17@gmail.com;Metzingen;nein;XPFHu9m5a63uoyXk0848;Blessing
G1160;2;Dohrmann;Karola;;-216172800000;+491718440910;;ka.dohrmann@gmail.com;Engstingen;ja;9OEgT6qcoDx8zNPebBDg;Blessing
G1160;2;Dohrmann;Karola;;1963-02-25;;+4973851375;;Engstingen;nein;sYHpzEt9uEKd5gkkzAt0;Blessing
G1161;2;Wegner;Kaya;;2008-05-03;+491742142829;;nadine-wegner@gmx.de;Reutlingen;nein;Sf32I3zDGJDLdrkC7fMG;Blessing
G1161;2;Wegner;Kaya Angelika;;2008-05-03;+491742142819;;;Reutlingen;nein;9OFdeU2qaEPIPG0OZLOe;Blessing
G1162;2;Bogazkaya;Siyaband;;1996-02-25;+4917622020339;;;Tübingen;nein;9OKscWYLJTVfijncdzql;Blessing
G1162;2;Bogazkaya;Siyaband Taylan;;1996-02-25;+4917622020339;;siyabendbogazkaya@gmail.com;;nein;fedMOeeP4ybU1sSn9r3M;Blessing
G1163;2;Bohlmann;Bastian;;1996-01-27;+4916090378297;79150;bastianbohlmann@gmx.de;Pfullingen;nein;9P1v5cj05rH1qRspXHGv;Blessing
G1163;2;Bohlmann;Bastian;;1996-01-27;+491704600790;;jule_94@gmx.net;;nein;qoiGFtrAgWUcj3zthFnE;Blessing
G1164;2;Schnizer;Manuela;;;+4915208917402;;manuela.schnizer@gmx.de;;ja;9PMPDcf0gf5BIkwXkySR;Blessing
G1164;2;Schnizer;Manuela Melanie;;1973-04-21;+4915208917402;;manuela.schnizer@gmx.de;Engstingen;nein;ut4pzLrquRcYMeoODHS7;Blessing
G1165;2;Özgül;Ayhan;;1966-03-25;+491744710587;;;Reutlingen;nein;9PVN4RUsnvflbQVVLsSc;Blessing
G1165;2;Özgül;Ayhan;;1966-03-25;+4915561802940;;aylin.ozgul95@hotmail.com;;nein;xRAMkGWLyE6aMaRfNWru;Blessing
G1166;2;Hoehn;Monika;;1967-09-23;;+4971233678274;;Bempflingen;nein;9PXQ7bIk8io4WnI9FJdL;Blessing
G1166;2;Höhn;Monika;;-71798400000;+4915788750628;;monikahoehn@outlook.de;;ja;QKuN8qq8SyToyZtbdSgu;Blessing
G1167;2;Ivanovi?;Natalija;;2002-06-30;+4915732626517;;nati.zvekete@gmail.com;;nein;9QpwdwmgT68J7N0LgK4U;Blessing
G1167;2;Ivanovic;Natalija;;1025395200000;+4915732626517;;;Reutlingen;nein;B57WhMmecxgNgVO2Cmv8;Blessing
G1168;2;Dechant;Teijo;;2012-09-20;+491709030988;;wiebke@dechant.cc;Gärtringen;nein;9SSLlHkTQgCkMHnb8wJV;Blessing
G1168;2;Dechant;Teijo;;2012-09-20;+491728415911;;andy@dechant.cc;Gärtringen;nein;FOM8laEzuN8xhGq5fHrd;Blessing
G1169;2;Yilimaz;Thilal;;377654400000;;;;;nein;9T2xjmYbMhjzFIknKCHg;Blessing
G1169;2;Yilmaz;Hilal;;1981-12-20;+491798375582;;;Reutlingen;nein;clImJBsQFxpMhGfRwQLY;Blessing
G1170;2;Meisel;Anika;;;+49 162 5714252;;msaj85@gmx.de;;ja;YK3C2AWCEUZexaug9UJh;Blessing
G1170;2;Meisel;Anika Sabrina;;498528000000;+491625714252;;msaj85@gmx.de;Metzingen;ja;9UoGRcObBSS7vwYRxPq0;Blessing
G1171;2;Wetzel;Jutta;;;+491635632581;;jaydee75@web.de;;ja;9V7gpn9I62yHsWUM6HSL;Blessing
G1171;2;Wetzel;Jutta;;1975-03-18;;+497123975415;jaydee75@web.de;Metzingen;nein;nn8GnNOYweLE0P1QySTx;Blessing
G1172;2;tress;wolfgang;;;;+497121568191;;;nein;9WGxHh0BGczxvI03KIor;Blessing
G1172;2;Tress;Wolfgang;;1940-04-02;;+497121568191;;Reutlingen;nein;BzMGEiRbtDMGW3Vcq9zn;Blessing
G1173;2;Mansour;Mohamad;;1986-09-01;+4915772028785;;ginacaliendo@gmx.de;Reutlingen;nein;9WSfBJyWxYu2BQ2m1rXQ;Blessing
G1173;2;Mansour,;MOHAMAD;;1986-09-01;+491631368211;;;;nein;BwmsXTifx1g6xLIs5vyD;Blessing
G1174;2;Bösch;Cersten;;1960-05-13;;;;;nein;SvOInCcYdnMwsMNzfSVV;Blessing
G1174;2;Bösch;Cerstin Susanne;;1960-05-13;;;;Reutlingen-Betzingen;nein;9WWBevtJlRRJ3DXOEEte;Blessing
G1175;2;Burow-Meckbach;Petra;;1954-03-25;+4915168415982;;petra@meckbach.net;Reutlingen;nein;9XvQ06kQ8pMkZMrtHf3a;Blessing
G1175;2;Burow-Meckbach;Petra;;;+49015168415982;;petra@meckbach.net;;ja;G6OvauIA3w2xnV2RUikT;Blessing
G1176;2;neckel;steve;;2001-06-30;+4915224503642;;;;nein;hK2CPeglic8Cito6i4tQ;Blessing
G1176;2;Näckel;Steve;;2001-06-30;+4915224503642;;;Metzingen;nein;9Y2xa8whR1aRdFOUAIJa;Blessing
G1177;2;Curcuruto;Emilia;;2011-10-08;+491739561788;;;Dettingen;nein;9YnDcmMXecltLF7SyVWo;Blessing
G1177;2;Curcuruto;Emilia;;2011-10-08;+491704558512;;info@giuse.de;;nein;dheZuFetaLLHGA0f77Df;Blessing
G1178;2;Büchte;Marc;;1988-03-19;+4917693143777;;marc.buechte@yahoo.com;;nein;9Z630gsZr4YNG8hdEvwD;Blessing
G1178;2;Büchte;Marc;;1988-03-19;;;marc19388@yahoo.de;Reutlingen;nein;rPiIMf4TndTCxVOBqeWC;Blessing
G1179;2;Wyndorps;Mira;;2000-07-21;+4915738977214;205222;;Pfullingen;nein;9ZkcfxQbxYxTdOcPaVIr;Blessing
G1179;2;Wyndorps;Mira;;2000-07-21;;+497121205222;mira.wyndorps@web.de;;nein;n0696xG6jiL7LIgjFq8h;Blessing
G1180;2;Drechsel;Moritz;;1955-01-03;+4915114450945;;;;nein;FgQjTWH9j9ZFtJ7XLTnW;Blessing
G1180;2;Drechsel-Grau;Moritz;;1955-01-03;+4915114450945;;;Reutlingen;nein;9aSW8iXdqV9Ijl7vNpOC;Blessing
G1181;2;Hochgreve;Stefan;;1971-07-11;;+497127934534;;Pliezhausen;nein;9aXYMV1X17izGyQGb3Cp;Blessing
G1181;2;Hochgreve;Stefan;;1971-07-11;+491631982586;;hochgreve@gmx.de;;nein;FWoe9FbY0l7FTija6rvv;Blessing
G1182;2;Kühn-Merai;Emese;;;+4915164049432;;meraiemese@gmail.com;;ja;iQI0lK5gxvHx7fdZmRJ8;Blessing
G1182;2;Kühn-Mérai;Emese;;1986-09-30;+4915164049432;;meraiemese@gmail.com;Reutlingen;nein;9bUTed8TD0rC2Ft4u3NV;Blessing
G1183;2;Hilbeck;Evelyn;;1962-06-28;+4917651541525;;e.pr-hi@t-online.de;;nein;9cZ48QMMCftHu3f3lcp6;Blessing
G1183;2;Hilbeck;Evelyn;;1962-06-28;;+4970712980118;;Reutlingen;nein;vjq62msuKqNu4eGmkZkR;Blessing
G1184;2;Grisalva;Lisa;;2014-03-22;;9706796;;Reutlingen;nein;9egbDMmJ2hQoD5s3cVX3;Blessing
G1184;2;grisalva;lisa-maria;;2014-03-22;;;;;nein;faWWL6iktTdnWFCpFPAi;Blessing
G1185;2;Kinyanjui;ruth;;1982-08-28;;;;;nein;9fBrgEsCBGYncLHY9bP1;Blessing
G1185;2;Kinyanjui;Ruth Njeri;;1982-08-28;;9015231056857;;Reutlingen;nein;gl01xMbLIvwpeRDXKAjZ;Blessing
G1186;2;Schöll;Berthold;;-586224000000;+491749352440;;;Metzingen;ja;9fNfkiG1G828Fhs5AwPS;Blessing
G1186;2;Schöll;Berthold;;;+491749352440;;;;nein;lmNtjCgVTifDAPxNBUfh;Blessing
G1187;2;Wesely;Emily;;2011-05-16;+4917630135522;;evi.kohl@web.de;Bad Urach;nein;9gR4xp2a1T3RsyL0WJVo;Blessing
G1187;2;Wesely;Emily Constance;;2011-05-16;+4917630135522;;;Bad Urach;nein;xU80wiF6J25Ct8EhENwV;Blessing
G1188;2;Heinrich;Thomas;;1960-11-01;;+4971255250;;Huelben;nein;9h1VRwzJsmzgBcrIYs79;Blessing
G1188;2;Heinrich;Thomas;;1960-11-01;+4917622089655;;heinrich-huelben@t-online.de;Huelben;nein;AD1y3InIBOvIbPE08RPu;Blessing
G1189;2;kassin;werner;;1960-04-23;;;;;nein;IYXZfqmY5CJhxRzB3FvS;Blessing
G1189;2;Kassun;Werner-Klaus;;1960-04-23;;+4971217999238;;Pfullingen;nein;9hrbBNb3WFaQfkFBJ0Cd;Blessing
G1190;2;Emini;Emi;;1976-10-19;+491741590058;;emiemini1976@gmail.com;;nein;9jRw4iXElrglEFGlLq6J;Blessing
G1190;2;Emini;Emin;;1976-10-19;+491741590058;;;Walddorfhäslach;nein;rNOpNADaKOVtwvlBTX22;Blessing
G1191;2;Baumann;Luca;;2010-05-17;+4915733670688;;luca1705@kabelbw.de;Reutlingen;nein;9jWOHjEA6Rh3P5rbgTzP;Blessing
G1191;2;Baumann;Luca Maximilian;;2010-05-17;;6963288;;Reutlingen;nein;KDRmA4ElUUlV5hS6xRpV;Blessing
G1192;2;Belanov;Mirjana;;1947-05-10;;;;Reutlingen;nein;9lAeH7pwob8EivVzDTol;Blessing
G1192;2;Belanov;Mirjana;;1947-05-10;+491778366126;+497121339923;;Reutlingen;nein;SCWY14SBgsAt5vOedLiX;Blessing
G1193;2;Schaadt;Marie Therese;;1961-07-27;+491773644615;+49712124973;marie.schaadt@online.de;Reutlingen;nein;9lwi2SOFK3sW340k9J7B;Blessing
G1193;2;Schaadt;Marie-Therese;;;+49 177 3644615;;marie.schaadt@online.de;;ja;kTWwPPNl3rFRtdp6jss7;Blessing
G1194;2;Laible;Fiona;;2018-08-20;+4915157892689;;julia.laible@gmx.de;;nein;qts0cSz8IhZY8wRJqm4H;Blessing
G1194;2;Laible;Fiona Alexa;;2018-08-20;+4915157892689;;julia.laible@gmx.de;Reutlingen;nein;9n5Cto4EyYKmszEumDVz;Blessing
G1195;2;Jubl;Josef;;1934-03-28;;+49712360512;;Metzingen;nein;9nuF6oOApjZNkXS58UgI;Blessing
G1195;2;jubl;josef;;;;+49712360512;;;nein;Xax0pQEGjeNxMPXTnK04;Blessing
G1196;2;Apro;Laszlo;;-583804800000;+4917660325178;;laszlo@apro-online.de;Pforzheim;ja;9phfkIbuI7FjDfwp39tG;Blessing
G1196;2;Apro;Laszlo;;1951-07-03;+491629811300;;;Lichtenstein;nein;cjdWR4UVxygruQjf94zR;Blessing
G1197;2;Stefo;Johanna;;2005-08-26;+491727359531;;riad.stefo@de.bosch.com;Reutlingen;nein;oHb0uJxslqJ0GUbRdITz;Blessing
G1197;2;Stefo;Johanna Paula;;2005-08-26;;;;Reutlingen;nein;9ppDZapR1hFKcEqa37fe;Blessing
G1198;2;Di Dio;Marina;;1977-02-09;;+4971211373453;;Reutlingen;nein;9pvVc4FUjyLSGzOrFsMh;Blessing
G1198;2;Di Dio;Marina;;1977-02-09;+491721871943;;marinadidio@hotmail.de;;nein;MDvXTjDG4LC6uySk1OZz;Blessing
G1199;2;Dürr;Helga;;-583027200000;;+4971234505;;Metzingen;nein;9q5pkqgQPkLiM1EJXfPc;Blessing
G1199;2;Dürr;Helga;;-583027200000;+49015124173443;;;;ja;EEJTttwTkWQrnVmj1ChP;Blessing
G1200;2;Hermann;Olga;;1960-01-01;;+4971239561227;;Metzingen;nein;9qbVEpycVlAPKYZNUAvL;Blessing
G1200;2;Herrmann;Olga;;1960-01-01;;;;;nein;nlJdWoBU676BV2DBlgVn;Blessing
G1201;2;Ahmed;Dilshad;;1975-06-04;;;;;nein;FUjpQlQeXKfxv2t8BQ3A;Blessing
G1201;2;Ahmed;Dilshad Salman Ahmed;;1975-06-04;+4915234660504;;;Wannweil;nein;9rUxUY1D2yUKECSSNeTX;Blessing
G1202;2;Kucükalakavuk;Filiz;;37584000000;;;;;nein;kTXveRExuy37GnMBI186;Blessing
G1202;2;Kücükalakavuk;Filiz;;1971-03-12;+4915119347253;6954636;filiz911@hotmail.com;Reutlingen;nein;9rXIdOzxuGkP8TNvhK8c;Blessing
G1203;2;Babic;Mirjana;;1985-06-08;;;;Nürtingen;nein;9sqTSnCBASXFZ3337kRM;Blessing
G1203;2;Babic;Mirjana;;1985-06-08;+491637907014;;nikolinababic14@outlook.com;;nein;GmkTs8R0jGXeklMXAiYb;Blessing
G1204;2;Kleia;Peter;;1953-04-19;;;;;nein;9t6AuI8igZ09MCLXGoMz;Blessing
G1204;2;Kleih;Peter;;-527126400000;;+49712187699;;Pfullingen;nein;UXgBtwebLjFVjaFKeGpO;Blessing
G1205;2;Hagmaier;Brigitte;;1935-02-26;;+497121799856;;Pfullingen;nein;9t9Se4K5u6kMAx7SlMw8;Blessing
G1205;2;Hagmaier;Brigitte;;1935-02-26;+491791059950;;desione@freenet.de;Pfullingen;nein;sPuczrw5JtnVJTjTXE9B;Blessing
G1206;2;Gutzeit;Henrik;;-971568000000;;+497121372436;anygoodtimes@t-online.de;;nein;9tLcGiCuW8QpR5RIO6lv;Blessing
G1206;2;Gutzeit;Henrik;;-971568000000;;372436;;Reutlingen;nein;jlogtoNU1S2eT8KQdzSg;Blessing
G1207;2;Baydas;Birgül;;1986-01-01;+4915563441927;;serkan_baydas@yahoo.de;;nein;9thuIU6WRkF2PLD6fSR4;Blessing
G1207;2;Baydas;Birgül;;1986-01-01;+4915563441927;;serkan_baydas@yahoo.de;Reutlingen;nein;iBXzdXSoIZ5uhwdvNvrr;Blessing
G1208;2;will;daniel;;;+4917623308079;;;;nein;9u8HeN4cDoql8gqDY6EQ;Blessing
G1208;2;Will;Daniel;;1984-11-30;+4917623308079;;;Walddorfhäslach;nein;RCPppOUYnTnx2PWWWSjv;Blessing
G1209;2;Schilhaneck;Dagmar;;1953-04-16;;+4970721329903;arck@gmx.net;;nein;9unhob77xufs6VQmnSy8;Blessing
G1209;2;Schilhaneck;Dagmar;;1953-04-16;;7558383;;Reutlingen;nein;s28UX9oetDl0Qfq3373O;Blessing
G1210;2;Kakaraki;Triada;;;+49 172 7462546;;Triada.kakarakis@web.de;;ja;9us8udNl4suycknsHoQI;Blessing
G1210;2;Kakarakis;Triada;;-27993600000;+491727462546;383972;triada.kakarakis@web.de;Reutlingen;ja;vC1pdBCaNAFZaaSgxEfx;Blessing
G1211;2;Heugel;Benjamin;;2008-10-14;+4915751148802;+4971239585398;ulrike.heugel@gmx.de;;nein;9vJWPitpuwveYQ2q3Nq5;Blessing
G1211;2;Heugel;Benjamin;;2008-10-14;;+4971277289327;;Grafenberg;nein;ORqjepfz7iwO0wWzYNe8;Blessing
G1212;2;Maass;Siegfried;;1964-07-11;;;;Sonnenbühl;nein;c8Fbw7HAyDP0K110Ml2u;Blessing
G1212;2;Maaß;Siegfried;;1964-07-11;;+4971282625;;Sonnenbühl;nein;9vvdzvtNZLamNppuRwus;Blessing
G1213;2;Osman;Heeva;;2001-09-01;+4915208598550;;;Bad Urach;nein;LqmxwDBLMDqTw4Zwix2n;Blessing
G1213;2;Osman;Heva;;;+4915208598550;;;;nein;9wWNEHqsxDKUzv6HolJe;Blessing
G1214;2;Da Silva;Antonio Jose;;1957-11-13;+4915112378083;;helenasilva93@hotmail.de;;nein;9xI1a4xxtbJuTjL3Dj4Z;Blessing
G1214;2;Da Silva;Antonio-Jose;;1957-11-13;+491729455854;;;Reutlingen;nein;LH43OQ94PhQup9fCxXMJ;Blessing
G1215;2;Yildirim;Öner;;187142400000;+491727553166;;yildrim1975@gmx.de;Reutlingen;nein;9xz1lnXNHrk9pUjcKywJ;Blessing
G1215;2;Yildirim;Öner;;1975-12-07;+491727553166;;;Reutlingen;nein;HqbXf6DS4l1gIBbefb0L;Blessing
G1216;2;Oltean;Madalina;;;+49 178 2318576;;gabriela.oltean96@yahoo.com;;ja;brFqtSjLoyRlIKvMfPAS;Blessing
G1216;2;Oltean;Madalina-Gabriela;;1996-10-06;+491782318576;;gabriela.oltean96@yahoo.com;Nürtingen;nein;9y315RS4mnJ3gJ3abqM7;Blessing
G1217;2;Loiseau;Joel Eloi;;1959-12-01;+4917683473894;;;Reutlingen;nein;BH89FYvuWzU3aYp9j3a0;Blessing
G1217;2;LOISEAU;Joelle;;1959-12-01;+4917683473894;;;;nein;9y7BW4gmGIhm0LEsuvAE;Blessing
G1218;2;Dudzik;Ellen;;1949-06-16;;+49712759757;;Aichtal;nein;9yMZBgJwguMT6WgHQa6a;Blessing
G1218;2;dudzik;ellen;;;;+49712759757;;;nein;ZAQQC29kOR9C2dZj88iT;Blessing
G1219;2;Eker;Bülent;;1976-06-03;;+497123161457;kabus22@hotmail.de;;nein;9yjR9jMHuDNs3gW9CiG2;Blessing
G1219;2;Eker;Bülent;;1976-06-03;;+497123161457;;Metzingen;nein;WKmBkY3mbSXQkQDrfovE;Blessing
G1220;2;Jung;Jochen;;1970-01-29;+4915733742018;+497451624390;jochenj@freenet.de;Horb;nein;9yv1TJ4CaIKqewIR5N4y;Blessing
G1220;2;Jung;Jochen;;1970-01-29;+4915733742018;;jochenj@freenet.de;Horb;nein;jb273xPpjH4ygK42qCze;Blessing
G1221;2;Eberle;Melanie;;;+4917661614374;;;;nein;9zeSaCima7c0Z5UsBeRE;Blessing
G1221;2;Eberle;Melanie;;1988-01-25;+4917661614374;;;Dettingen;nein;YCfHkK9kpVYS4N6O3r8D;Blessing
G1222;2;maina;liana;;2018-10-20;+4915218068511;;;;nein;j3uaBNql9yVDPmLK9H0L;Blessing
G1222;2;Maina;Liana Wanjiru;;2018-10-20;;;;Reutlingen;nein;9zyrQJ86xUvahwIzPLl7;Blessing
G1223;2;Staudinger;Achim;;1965-08-22;;+497123910554;staudinger@gymntz.es.schule-be.de;Metzingen;nein;A23521XuPy2WOdsvMtQq;Blessing
G1223;2;Staudinger;Achim;;;;+497123910554;;;nein;JL9HSdnzGXJSx2dASHqx;Blessing
G1224;2;Oezel;Sirin;;1972-10-10;;+4912632222142;sirin.oezel@googlemail.com;Metzingen;nein;fUMDDKlCylkctx6NQgyc;Blessing
G1224;2;OZEL;SERIN;;1972-10-10;;+497123165777;;;nein;A2S1QPawzHwvekNLUHX0;Blessing
G1225;2;Niepel;Manuela;;1969-12-31;+491797357691;;;Schönaich;nein;A2bT3LC7LnYYN8BMmMtV;Blessing
G1225;2;Niepel;Manuela;;1969-12-31;+491797357691;;niepel12@gmail.com;Schönaich;nein;JKeyHrR5L9HCmDZNxNA3;Blessing
G1226;2;Wachter;Brunhilde;;1956-09-07;;;;;nein;A2jQHr26sYTSABmwpQy6;Blessing
G1226;2;Wachter;Brunhilde;;1956-09-07;+491607436185;;;Reutlingen;nein;VymnimVZjKqb9p9QJ1LA;Blessing
G1227;2;Hepper;Karin;;1966-11-11;+4915175092914;;k.hepper@reutlingen.creditreform.de;;nein;A3URvQICUTjzoSvAIj3A;Blessing
G1227;2;Hepper;Karin;;1966-11-11;;+49950931;;Wannweil;nein;PhrDq6vvvQGn2DEfAm46;Blessing
G1228;2;Wagner;Reinhold;;591235200000;+491718411559;;;;nein;A4L8QFFAYNSqIwimXP0k;Blessing
G1228;2;wagner;reinhold;;1988-09-26;+491718411559;;;;nein;LiiOYl4j9Ah6lvHL2NY3;Blessing
G1229;2;Kränzler;Lena;;;+497621510343;;L.Kraenzler@web.de;;ja;A4lG5QrdrJVQUHlIQAiv;Blessing
G1229;2;Kränzler;Lena;;1996-06-05;+4917621510343;;l.kraenzler@web.de;Dettingen;nein;uSwVzsf3mNfS2yzTNYwP;Blessing
G1230;2;SABLOEWSKI;hsin-yi;;1970-05-22;;+497121347905;;;nein;emUJoNa8xkw3Y6W87hYJ;Blessing
G1230;2;Sablowski;Hsin-Yi;;1970-05-22;;347905;;Eningen;nein;A4tdgOuGtPWLcKMuiSfz;Blessing
G1231;2;Münz;Roland;;-698803200000;;+49712360684;;Metzingen;nein;A57KmarIdzNbKd6nwgaR;Blessing
G1231;2;Münz;Roland;;1947-11-10;;+49712360684;roland.muenz@t-online.de;Metzingen;nein;hhJIipC5du8FwWfT9223;Blessing
G1232;2;Kolb;Annika;;2001-03-27;+4915770455233;57241;;Reutlingen;nein;A5BKFaZkM4vPWpyDLUpE;Blessing
G1232;2;Kolb;Annika;;2001-03-27;;;;Reutlingen;nein;skbeoeHtwYY3DfAwVIGF;Blessing
G1233;2;Wunderlich;Bernd;;1966-08-17;+491604634907;;wunderlich-bernd@web.de;Reutlingen;nein;A6CKNy8pPFechCwjx0oy;Blessing
G1233;2;Wunderlich;Bernd;;1966-08-17;;+49711949112442;;Reutlingen;nein;jCWmzNnb0uUOwUkR1XQs;Blessing
G1234;2;Gramad?;Mircea Ghita;;1979-11-26;+4915129406538;;gramadam3@gmail.com;Metzingen;nein;A6iRaXRlwcRD743NA5nd;Blessing
G1234;2;Gramada;Mircea-Ghita;;1979-11-26;+4915129406538;;;Metzingen;nein;crZ3GGm37tvOMV9AVXZT;Blessing
G1235;2;Frey;Wilhelm;;;+49 160 90418751;;willicurly@gmx.net;;ja;YT9il7evET97ZE1DE6Ne;Blessing
G1235;2;Frey;Wilhelm Dr.;Dr.;-228355200000;+4916090418751;;willicurly@gmx.net;Stuttgart;ja;A6ilDE2nFOLEiHSJjBRI;Blessing
G1236;2;Leibfarth;Selina;;;+15753073232;;selileibfarth@gmx.de;;ja;A7KjLVzuWKdceHgLtIcs;Blessing
G1236;2;Leibfarth;Selina;;2002-04-11;+4915753073232;;selileibfarth@gmx.de;Kirchheim;nein;RVdFbe88kYFWFe6pgIJ2;Blessing
G1237;2;Glass;Hans-Jürgen;;1959-05-05;+49176385730;+497123953039;hansjuergen.glass@arcor.de;;ja;A7esWE4we4hSfpH3ZW3J;Blessing
G1237;2;Glass;Hans-Jürgen;;-336441600000;+4917638574430;+497123953039;hansjuergen.glass@arcor.de;Riederich;ja;szEzh8NDOBckSSJR49aq;Blessing
G1238;2;Lorenz;Inge;;1963-03-23;;+497121799529;luge.lorenz@gmail.com;;nein;TyjUJhSFFrpxf73A9xGX;Blessing
G1238;2;Lorenz;Inge Elisabeth;;1963-03-23;799529;;;Pfullingen;nein;A8XmgCzjsYbe4cDpkyov;Blessing
G1239;2;Werz;Simone;;1973-12-17;+491733676233;;werz.simone@gmail.com;;nein;A8z2lXw2MVSJsklkxWLy;Blessing
G1239;2;Werz;Simone;;1973-12-17;;81552;;Eningen;nein;zkkjiYo3eD2cUczmYXCj;Blessing
G1240;2;Brcanski;Mirjana;;1973-10-03;+4915223237854;;;Metzingen;nein;A9CUkBJ3GD5RYwX6p3IX;Blessing
G1240;2;Brcanski;Mirjana;;1973-10-03;+491629607757;;brcanski.srdjan2@gmail.com;;nein;dtXTp7I1r2MNQCxV7SKg;Blessing
G1241;2;Straub;Jula;;2000-09-22;+491632168608;;jonathan.straub96@gmx.de;;nein;A9Lu3KPJnSMKKYyEvEUA;Blessing
G1241;2;Straub;Julia;;2000-09-22;+4917634617652;;juliacstraub00@web.de;Reutlingen;nein;nZsojj5SSdFP4xBKjC0S;Blessing
G1242;2;Wiedmann;Markus;;1973-11-03;;+499942266;;Reutlingen;nein;A9T63FmqRXhYxzdhxUwV;Blessing
G1242;2;Wiedmann;Markus;;1973-11-03;;+4971219942266;markus.wiedmann@yahoo.de;Sickenhausen;nein;GEm746UWi0rqN6i3Ks5w;Blessing
G1243;2;Kämpf;Michael;;-219888000000;+491707857841;;micheal.kaempf@danone.com;Reutlingen;ja;A9UvoMPPxBgzVmqZsV3w;Blessing
G1243;2;Kämpf;Michael;;1963-01-13;+491707857841;;teresa.kaempf@gmail.com;Reutlingen;nein;k9bx2jJNDuANtyV6foKt;Blessing
G1244;2;Röckel;Ines;;;+4915782612725;;ines.roeckel@yahoo.de;;ja;AA2Y7LS4JP1okhJavBJ8;Blessing
G1244;2;Röckel;Ines;;1965-08-10;;+49712177631;ines.roeckel@yahoo.de;Pfullingen;nein;AFNtJR3tTQrFegaSr2GG;Blessing
G1245;2;Hamdash;Mohamad;;1981-04-19;+4917629152668;;m_hamdash@gmx.de;;nein;ACnyH7yYMEOu0wcQloBq;Blessing
G1245;2;Hamdash;Mohamad Ashir;;1981-04-19;+4917629152668;;;Erkenbrechtsweiler;nein;ArXvpaStKqPDMsKhtYl3;Blessing
G1246;2;Müller;Maike;;1996-05-12;+491705559364;;mueller-maike@freenet.de;;nein;ADSHhm7ZsNn3wyDwq6qf;Blessing
G1246;2;Müller;Maike;;1996-05-12;+491705559364;+49712788659;;Reutlingen;nein;f9ArZE9J2ThGed5jRNIp;Blessing
G1247;2;Weiss;Andreea-Raluca;;330134400000;+491773287660;;andreea.weiss@gmail.com;Filderstadt;nein;AEMCCNWpVKWRmaBQlB7f;Blessing
G1247;2;Weiß;Andrea;;;+491773287660;;;;nein;MxLAk66Zh12sx7HbbkGv;Blessing
G1248;2;Kraus;Anke;;1965-04-07;+491637322712;+4971297322;ak-schmuck@gmx.de;Engstingen;nein;AEyyHuvW7fu2Um2V6Ksw;Blessing
G1248;2;Kraus;Anke;;1965-04-07;+491637322712;;ak-schmuck@gmx.de;;nein;EGAnVRkn4G4OT21W2cx0;Blessing
G1249;2;Schwarzemauer;Sebastian;;1979-02-21;;+4971211594322;;;nein;ugE7lJGlTevrxVdQYaAL;Blessing
G1249;2;Schwarzenauer;Sebastian;;1979-02-21;;1594322;;Reutlingen;nein;AFXJqPnpWFBSc3zf0ihn;Blessing
G1250;2;Roth;Ruth;;1941-07-27;;+49712733353;inforoth@arcor.de;Walddorfhäslach;nein;AHbYQd4gxIspcE0j2U19;Blessing
G1250;2;Roth;Ruth;;1941-07-27;;+49712733353;;Walddorfhäslach;nein;im115p6bpo0SN4zaPxg5;Blessing
G1251;2;Li;Chenxi;;1994-08-15;;;;Reutlingen;nein;AHkGSyhUSoz5MF2L4zgX;Blessing
G1251;2;Li;Chenxi;;1994-08-15;+4917677154129;;cli19940915@gmail.com;Munich;nein;HY8Dz6pWEGeqgShNXmsv;Blessing
G1252;2;lauber;ann kathrin;;;+4917684917056;;;;nein;AHzsYK5nhrzZk5zQq1Ka;Blessing
G1252;2;Nauber;Ann-Katrin;;1993-05-15;+4917684917056;;;Rohrdorf;nein;f6OB6qmN76fPwRWCT7Ib;Blessing
G1253;2;Risca;Roland;;1971-06-15;;1262966;;Reutlingen;nein;AJ4uul2m8davIK720yp8;Blessing
G1253;2;Risca;Roland;;1971-06-15;+491629226664;;roland.risca@de.bosch.com;Reutlingen;nein;oGYWFSD4geK2R64hHCa6;Blessing
G1254;2;michel;Lena;;2013-11-05;;;;;nein;AJgizw4u1B5yEIPzDyO1;Blessing
G1254;2;Michel;Lena;;2013-11-05;;;;Reutlingen;nein;bGtYBKq0jGbiGv2hDcPr;Blessing
G1255;2;Martinez;Tanja;;1970-06-09;;1397696;;Reutlingen;nein;AMkK6prxvRHZ1ZgxTFhg;Blessing
G1255;2;Martinez;Tanja;;13737600000;;;;;nein;IGfaCie23ZV60zGNFtvx;Blessing
G1256;2;Ganeva-Scherer;Petya;;1982-10-09;+4915226925596;+4971239485523;;Reutlingen;nein;AMoMmkelyYSbROrNp7Cd;Blessing
G1256;2;Ganeva-Scherer;Petya;;1982-10-09;;+497071360909;petiascherer@web.de;;nein;xIGSKH8D6QHe6pAPmKFk;Blessing
G1257;2;Goldnar;Brian;;;+4917623159318;;;;nein;XAwQtbLdsVXsLknDaSYv;Blessing
G1257;2;Goldnar;Brian und Joey;;;+4917623159318;;;;nein;AMoSlcIZYkGr1DZ5aoL0;Blessing
G1258;2;Zelda;Jaruslaf;;-4492800000;;;;;nein;AMpg8QY0MyhNpXg7XTJF;Blessing
G1258;2;Zelda;Jaruslaf;;-4492800000;;;;;nein;M0HIlpfuTKcoM1uwq6gx;Blessing
G1259;2;Turi;Sahid Monir Hossein;;1988-01-01;;+491520826035;;Reutlingen;nein;AN5zajnV0XxGyM4fRIC1;Blessing
G1259;2;turi;sahlid;;1988-01-01;;;;;nein;loknbFXizQXnc69xN6Qb;Blessing
G1260;2;Werz;Brigitte;;1937-12-01;;+497123943039;;Bempflingen;nein;ANiXUN7lkmw0Xb4hb0Gw;Blessing
G1260;2;Werz;Brigitte;;1937-12-01;;+49712181552;werz.simone@gmail.com;;nein;JW3LRYnGB2E3KDuX0w9J;Blessing
G1261;2;Liebl;Jannina;;1996-01-11;+491739585445;+497127925552;;Münsingen;nein;AOSeeWMe8ndMWN7t8qxt;Blessing
G1261;2;Liebl;Jannina;;1996-01-11;+4917622229973;;jannina.liebl@gmail.com;Münsingen;nein;ufD5jTZ8rA6r3OVBI6qn;Blessing
G1262;2;Chebli;Myriam;;114825600000;+4915736905868;;myriam.chebli@gmx.de;Lichtenstein;ja;AOanSA3BfXfEizyR4AHE;Blessing
G1262;2;Schibli;Myriam;;;+4915736905868;;;;nein;DwRgDdITUrfI4F84z2NG;Blessing
G1263;2;Maichle;Karolin;;1997-09-09;+4915782990554;;karolin.maichle@gmx.de;;nein;AOoolPOR8W65rWK7m8ad;Blessing
G1263;2;Maichle;Karolin;;1997-09-09;;+4971261599;maria@heizungsbau-maichle.de;Burladingen;nein;JbuZrULU82hlWfwdZ8fW;Blessing
G1264;2;Graf;Siegfried;;172454400000;;+497121479588;;Reutlingen;nein;APDUp0qaylx92Y1aDO1e;Blessing
G1264;2;Graf;Siegfried;;172454400000;+4915231721967;;siggilein12@yahoo.de;;ja;aOLmK7IOckeNnvMNtqKi;Blessing
G1265;2;Schlender;Walpurga;;1944-07-21;;+49712321457;karingreger@icloud.com;Metzingen;nein;APjhbAkTpvJVIMRKf037;Blessing
G1265;2;Schlender;Walpurga;;1944-07-21;;+49712321457;;Metzingen;nein;jn22BYCiZxZ05IPEbrg4;Blessing
G1266;2;Seifert;Vanessa;;2012-01-08;;+497121206615;seifertelena@gmx.de;;nein;APqOACQahlrv7TD4Oz5H;Blessing
G1266;2;Seifert;Vanessa;;2012-01-08;;;seifertsergej@web.de;Reutlingen;nein;e9uSqEYq1atRXW0qLwjw;Blessing
G1267;2;Krampulz;Helmut;;1963-03-22;;+49712315382;;Metzingen;nein;NJHj8MSbtc9IFWG9WHMn;Blessing
G1267;2;Krampulz;Helmuth;;1963-03-22;+4915782931046;;helmuth.krampulz@web.de;;nein;AQk6b6ItaLctbjcUbIER;Blessing
G1268;2;Guettler;Manfred;;1942-05-06;+4917634440400;;melanie.veres@web.de;;nein;ARNSfyI8BrdASmnqkTRG;Blessing
G1268;2;Guettler;Manfred;;1942-05-06;;+497127890884;;Pliezhausen;nein;SLPPcNBYLm7WBc70HCpt;Blessing
G1269;2;musacchio;clara;;2013-09-24;+4915204450449;;;;nein;S0MtBDjgC8McLyd7zaAd;Blessing
G1269;2;Musacchio;Clara Francesca;;2013-09-24;;+491524450449;;Bad Boll;nein;ARy4rEJlsubckPmDEGhy;Blessing
G1270;2;daglioglou;Mihail;;1969-01-04;;;;;nein;ATRuZrC2DI8ioGJlo0Oe;Blessing
G1270;2;Daglioglu;Mihail;;1969-01-04;+491722840740;;;Reutlingen;nein;rwrbdYAEyCBWD7fgJNCt;Blessing
G1271;2;Schach;Michael;;1972-10-26;;+497123958765;;Metzingen;nein;AVfgYde5vvMtpMf7r3ui;Blessing
G1271;2;Schach;Michael;;1972-10-26;+491797381070;;m.schach@gmx.de;Metzingen;nein;K5fnfXNuxLafUkIhale1;Blessing
G1272;2;Brändle;Yvonne;;;+1 736 654 086;;yvonnebraendle@t-online.de;;ja;AWOT7WArOX9ZFh4ShIVo;Blessing
G1272;2;Brändle;Yvonne;;1975-08-31;+491736654086;+4971221827285;yvonnebraendle@t-online.de;St. Johann;nein;VsIhdxuTmd4cqMCWGfrV;Blessing
G1273;2;Burdack;Hannah;;1998-07-24;+4917678421954;;burdackha@gmail.com;;nein;KfJtuA2rDeHw07THX9FW;Blessing
G1273;2;Burdack;Hannah Marie;;1998-07-24;+4917678421954;;burdakha@gmail.com;Reutlingen;nein;AWliAvixdB7sLHqpCzPD;Blessing
G1274;2;Haepper;Michele;;2004-10-19;;+497122820864;;;nein;AXXdpWZI6ZcH09kouY1k;Blessing
G1274;2;Hepper;Michelle;;2004-10-19;;+497122820864;;St. Johann;nein;V2ZYZuQ6JtBUmzktUhdD;Blessing
G1275;2;Kaqandolli;Alina;;1284681600000;+4917622572431;;;Reutlingen;ja;wJAlBeWNbQD2SFs9fOeK;Blessing
G1275;2;Kaquandolli;Alina;;1284681600000;;;;;nein;AYGf9bltqqoeEkl9Vb1m;Blessing
G1276;2;Bahnmüller;Elias;;2007-05-11;;+497122820030;;;nein;Jj53rZHRdOgubDnp95nI;Blessing
G1276;2;Bahnmüller;Elias Raphael;;2007-05-11;;+497122820030;;St. Johann;nein;AYWRRbmW71FavADYoyzG;Blessing
G1277;2;Becker;Renate;;-507686400000;;21843;;Reutlingen;nein;AZ5hfLIQOPINaXBqRmis;Blessing
G1277;2;Becker;Renate;;1953-11-30;;+49712121843;renatebeckerrt@gmail.com;;nein;FmfTcLfKRdHpyQ6lzia7;Blessing
G1278;2;Engler;Moritz;;2005-08-03;;+49712335356;;Grafenberg;nein;AbmBHXfjrsQrUTjvkLLQ;Blessing
G1278;2;Engler;Moritz;;2005-08-03;;;;;nein;ChFsPQrX1yDbwx04Qzpb;Blessing
G1279;2;Schneider;Moritz;;1983-08-23;;;;Tübingen;nein;AcdBJTuUix3E8DvrvYEB;Blessing
G1279;2;Schneider;Moritz;;1983-08-23;+4915750291048;;moritz.schneider@mailbox.org;;nein;qz51Gn2N0Daw1Hr4bbz3;Blessing
G1280;2;Saalbach;Wolfgang;;1944-08-15;;+497123170051;;Metzingen;nein;AcsKcfeI0P4vJB0fnWDL;Blessing
G1280;2;saalbach;wolgang;;1944-08-15;;;;;nein;Z2kwGIDGGDF7XC3WOjTD;Blessing
G1281;2;Savda;Gülistan;;1997-06-21;+4917662368134;;guelistan.savda@gmx.de;;nein;sn33c8csm0utxLp1q6JK;Blessing
G1281;2;Sevda;Gülistan;;1997-06-21;;+497121411221;;Reutlingen;nein;AdxGpt5DIV7q0RcnyznN;Blessing
G1282;2;Hosni;Ahlem;;1989-04-21;+491622151048;;;Filderstadt;nein;gKm9I3StlJWf1Mv1FV2R;Blessing
G1282;2;Hosni;Ahlew;;1989-04-21;+491622151048;;;;nein;AfbCF0YcfygQLBuzjTQW;Blessing
G1283;2;Smoljan;Robert;;1975-02-08;+491727646196;;;Riederich;nein;AgJtPVSpE6J45KdRNzGO;Blessing
G1283;2;snoljan;Robert;;1975-02-08;+491727646196;;;;nein;mgBXOrWs5JUU9S1IGNPa;Blessing
G1284;2;Yener;Yalcin;;1965-03-10;+4917682441600;;;Reutlingen;nein;Ah78ASRreaCaZYhYXsSE;Blessing
G1284;2;yener;yalein;;1965-03-10;;;;;nein;VeYAFKBH4LN87ktpMo5D;Blessing
G1285;2;Morena;Julia;;;+491736905532;;;;nein;Ai70Z4k5jhuwB4lM5tYX;Blessing
G1285;2;Morena;Julia Renata;;1998-09-28;+491736905532;;;Spiesen-Elversberg;nein;w9qzcs5fOg37PIvqiI1U;Blessing
G1286;2;Lorch;Ulrich;;-740707200000;;+49712315810;;Metzingen;nein;AiAHEZmXUWpnuqBe2g1F;Blessing
G1286;2;Lorch;Ulrich;;1946-07-13;;+49712315810;;Metzingen;nein;EHUkKZTZr0gnjR5KeJr1;Blessing
G1287;2;Bauer;Fabian;;535852800000;+4915782799934;;bauer_fabian86@gmx.de;;nein;AiYi7Fiy4ek6ISzQ7fjy;Blessing
G1287;2;Bauer;Fabian;;1986-12-25;;+4971231655564;;Metzingen;nein;fBZmgZmtmaNZOwYCiySi;Blessing
G1288;2;Gonschorek;Sylvia;;1984-08-10;+4917641527594;;sylviagonschorek@arcor.de;Metzingen;nein;mubHedmgxfy65W4wgMPW;Blessing
G1288;2;Gotschorik;Sylvia;;;+4917641527594;;;;nein;AjYG9FunRphv7Hu7AtmP;Blessing
G1289;2;Stevandic;Sladana;;1983-11-15;+4915208226071;;;Eningen;nein;AlFkl2SzqoYTuuDsZPui;Blessing
G1289;2;Stevandic;Sladana;;1983-11-15;+4915208226071;;;;nein;Ap6ZPwsWUS3jlk11xGwg;Blessing
G1290;2;Seitz;Ronja;;;+4915789332054;;ronja_lucia@web.de;;ja;AlGyKzvPgIpDOvt2A91p;Blessing
G1290;2;Seitz;Ronja Lucia;;1998-10-14;+4915789332054;;ronja_lucia@web.de;Wannweil;nein;RJpr7Jlv7Yz7WEOaaK7q;Blessing
G1291;2;Zindel;Beate;;-187228800000;;+497121470388;eb-zindel@t-online.de;Reutlingen;nein;AmrzMEwTaPTUrnx80Jh9;Blessing
G1291;2;Zindel;Beate;;;+4915736826718;;eb-zindel@t-online.de;;ja;MafTiFWWu4qY9qQHZ1v1;Blessing
G1292;2;Cimili;Ferdane;;-18403200000;+4915754438853;+49157817181333;dardancimili@outlook.de;Pfullingen;nein;AoSC5Y6fr9qhOnyaXXG8;Blessing
G1292;2;Cimili;Ferdane;;1969-06-02;+4915781718133;;ferdane.ci@outlook.de;Pfullingen;nein;ZIkRWGdan0n2SHlLTbf0;Blessing
G1293;2;Riepert;Claudia;;1967-02-09;+491751515805;;;Reutlingen;nein;XNvUTDx7JQCCEg0coi99;Blessing
G1293;2;Ripert;Claudia;;1967-02-09;+491751515805;;;;nein;AoTrRppVbqJe1FmcjW10;Blessing
G1294;2;Strack;Leyla;;2008-11-08;+491607910097;;;;nein;Apy07tKVfgjo4jSfh5tV;Blessing
G1294;2;Strack;Leyla;;1226102400000;+491607910967;;;Neckartenzlingen;ja;krkgHhIKteA78Ve4y02O;Blessing
G1295;2;Mavis;Muhammed-Ali;;2005-12-19;+4917684781081;;ali.mvs@web.de;;ja;AqEjEMH9SBGPAzWnr5rZ;Blessing
G1295;2;Mavis;Muhammed-Ali;;2005-12-19;+4917676955230;;;Neckartailfingen;nein;liunwvjBSRKcoOvKju60;Blessing
G1296;2;Sobieski;Linda;;;+4915164428074;;lindasobieski1986@gmail.com;;ja;YaQZieOvfdO7ZiVcPB9E;Blessing
G1296;2;Sobieski;Linda Efia;;1986-03-07;+4915164428074;;lindasobieski1986@gmail.com;Wannweil;nein;AqZ1IUg7p570dH6TwCSk;Blessing
G1297;2;Brehm;Hans;;1959-03-26;+4917656747337;;hj_brehm@yahoo.de;Walddorfhäslach;nein;ArcClkpcuvzcR0yhxaxA;Blessing
G1297;2;Brehm;Hans-Jürgen;;1959-03-26;+4917656747337;+497121237105;;Walddorfhäslach;nein;rU2JiRYRaF3dLF1KjsCz;Blessing
G1298;2;kalidou;Eleftheria;;1944-04-24;+4915165217584;;;;nein;As9QIH41QFKdR7IsFqfv;Blessing
G1298;2;Kelidou;Eleftheria;;1944-04-24;+4915165217584;;;Reutlingen;nein;nUdTzUytamTMRbCGFmCv;Blessing
G1299;2;ALICI;TONI mARIE;;1994-06-22;+4917628741532;;;;nein;AsNwQYVshBf4zdbLA35K;Blessing
G1299;2;Alipis;Toni Marie;;1994-06-22;+4917628741532;;;Reutlingen;nein;x1AeGE2DhY9tAqxVk49y;Blessing
G1300;2;Papageorgiadou;Zisoula;;1947-02-16;;+4971236914;;Metzingen;nein;AstT5cktJlnB8nWjbTeW;Blessing
G1300;2;Papageorgiou;Zisoula;;1947-02-16;+4917645680486;;;;nein;mCXnf4f3PqBMNqNisvco;Blessing
G1301;2;Posadino;Ignazia;;1944-04-18;;;;;nein;At34ELe1LEZJZnYXZkyZ;Blessing
G1301;2;Posadino;Ignazia;;1944-04-18;;54956;;Reutlingen;nein;YtGxKkleWiJgvE0zcYyt;Blessing
G1302;2;Caran;Cennet;;1941-03-15;+491622944922;;;Eningen;nein;AtWL4rAm7Gru7W0f2s9V;Blessing
G1302;2;Caran;Cennet;;1941-03-15;+491622944922;;u.caran@web.de;;nein;XZwpQPeACdli9zj2rOUK;Blessing
G1303;2;Jobst;Martin;;1959-05-30;;+49712173160;;Pfullingen;nein;AtzZBQqt5MufOCl8HXmf;Blessing
G1303;2;Jobst;Martin;;1959-05-30;+491783464383;;martin.jobst59@gmx.de;;nein;xrpaDqjmZa1urNgAiHTf;Blessing
G1304;2;Solbrig;Jochen;;;+49 171 9726210;;jsolbrig2@posteo.de;;ja;NDvXCIMqHcPRkIFwE896;Blessing
G1304;2;Solbrig;Jochen Richard;Dr.;34732800000;+491708379645;+491719726210;;Aichtal;nein;AuBqsYS9N6OCffOaVZp0;Blessing
G1305;2;Perkovic;Marija;;1996-08-05;+491739897724;;m_perkovic@gmx.de;Denkendorf;nein;AuCbshWWafgwVWLlueUk;Blessing
G1305;2;Perkovic;Marija;;1996-08-05;+4917660021348;;m_perkovic@gmx.de;;nein;K3a39ASo0K395PGBkPGq;Blessing
G1306;2;Thumm;Matthias;;1994-04-19;+4915738289396;;72766matthias@gmail.com;Reutlingen;nein;Av8FyafeXeRkU114ldsO;Blessing
G1306;2;Thumm;Matthias;;1994-04-19;;;;Reutlingen;nein;doh6mmdOd2F0svnfLjur;Blessing
G1307;2;Kaden;Anik;;1981-08-19;+4915205780062;;anika.kaden@gmail.com;;nein;AwFmQkUNXqk6hLEdTXvn;Blessing
G1307;2;Kaden;Anika;;1981-08-19;+4915205780062;;;Altdorf;nein;u2DFkBzD3nJq3XR3itsz;Blessing
G1308;2;Leipi;Natalie;;1971-04-16;;+497123200287;;Metzingen;nein;AwVs4HUpFjTm5DMxKVoP;Blessing
G1308;2;Leipi;Natalie;;1971-04-16;+4917666871155;;leipi.viktoria@web.de;Metzingen;nein;wmaFxF0ebLis96dqu4Sb;Blessing
G1309;2;Müller-Krohmer;Johanna;;-505440000000;+491716281972;;joh.mueller2@web.de;Reutlingen;ja;AwjL3GIM8LdvH1dpe2d7;Blessing
G1309;2;Müller-Krohmer;Johanna;;1953-12-26;+491716281972;;joh.mueller2@web.de;Reutlingen;nein;LdBiPgFScowLxasyZUMg;Blessing
G1310;2;Schaal;Elisabeth;;1963-03-09;+4915120795562;+497123969896;;Metzingen;nein;AxAatjIzqTVicC6qMmkU;Blessing
G1310;2;Schaal;Elisabeth;;1963-03-09;+4915120795562;;elisabethschaal@web.de;;nein;Pm9vFJx9m2RHy1mzBwEv;Blessing
G1311;2;Sacco;David;;1999-08-01;+4917664401294;;florentina.sacco@gmx.de;;nein;Az2UJ4DZJpI93kcrqWzB;Blessing
G1311;2;Sacco;David Jon;;1999-08-01;+4917664401294;;;Reutlingen;nein;WhXE1v03bYd46zfeYzLF;Blessing
G1312;2;Aina;Ciara;;2006-09-21;+4915254102749;;ainaaanthony@yahoo.com;;nein;Az6aAgj1PexEuWgIkS91;Blessing
G1312;2;Aina;Ciara Bolaji;;2006-09-21;+4915154102749;;;Burladingen;nein;RwLEQArvw0bwJQoAMl2q;Blessing
G1313;2;Müller;Vincent;;1993-09-23;+4915732299368;;vincentmueller.home@gmx.de;Tübingen;nein;AzrA9rAmCzs7Bkw7tfUa;Blessing
G1313;2;Müller;Vincent;;1993-09-23;+4915732299368;;vincent_mueller@posteo.de;Tübingen;nein;c1dXgU4eLdutwcuYXXSY;Blessing
G1314;2;Bernau;Emma;;-1100908800000;;+4971212748098;evasmoli2014@gmail.com;;nein;AzzEyj9EHW88jiZWFqTK;Blessing
G1314;2;Bernau;Emma;;1935-02-12;;81186;;Eningen;nein;LnmZFIoY9jSWFeYQklO6;Blessing
G1315;2;Höntschke;Isabelle;;2010-12-21;+4915156914814;;kerstin@hoentschke.de;Pliezhausen;nein;B0ScB2gbh1VD0uVF70mZ;Blessing
G1315;2;Höntschke;Isabelle Fabienne;;2010-12-21;+4915156914814;;;Pliezhausen;nein;Wzqg4FOALtpglCpOQjJg;Blessing
G1316;2;Zössmayr;Wolfgang;;1974-08-10;;+497121338197;zoessi@gmx.net;;nein;B0ps6oB1cHJsMcYacWyn;Blessing
G1316;2;Zössmayr;Wolfgang;;1974-08-10;+491795959911;338197;;Reutlingen;nein;F6XAeJNoD6C3gQVwe441;Blessing
G1317;2;Henrich;Rachel;;2015-12-18;+4915731167900;;;;nein;B1jN8SAYPTRqXjtk5ZYs;Blessing
G1317;2;Henrich;Rahel;;2015-12-18;+491749143755;;henrichnaomi@icloud.com;Metzingen;nein;oJkyD7I86MRq0q2W5tfh;Blessing
G1318;2;Hankele;Maxim;;2013-07-23;;+4974764490841;;Grosselfingen;nein;B2Nhkv5Ffy1U2Ast4mxi;Blessing
G1318;2;Hankele;Maxim;;2013-07-23;+491608394237;;kristin.hankele@gmail.com;;nein;Lybz0FTsxQO9WevpdugA;Blessing
G1319;2;Eckelt;Natalie;;1982-03-26;;+4971231611835;n@n-d-e.de;;nein;B4LTtB7TFks7aPZfy1Xn;Blessing
G1319;2;Eckelt;Natalie;;1982-03-26;;+4971231611835;;Metzingen;nein;qPOyseFRU9SbgDf4m1hT;Blessing
G1320;2;Hanysz;Ceciele;;2009-06-13;;;;Reutlingen;nein;B4PUC6Sp6sEeJCw2pUNN;Blessing
G1320;2;Hanysz;Ceciele;;2009-06-13;+4915254238852;;;Reutlingen;nein;XMX5PvYqUebI0usDYgc5;Blessing
G1321;2;Sülün;Ümran;;1978-04-01;;+49381527;;Reutlingen;nein;B4VIG0nWlLanDtvcskDC;Blessing
G1321;2;Sülün;Ümran;;1978-04-01;+491749675962;;ysulun@hotmail.com;;nein;vR1CirbPGqVkzMqE2PFF;Blessing
G1322;2;Caramia;Valentina;;;+491728745799;;;;nein;B5rNAPR22pcjbvhpoPlJ;Blessing
G1322;2;Caramia;Valentina;;1995-08-08;+491728745799;;valentinacaramia@ymail.com;Reutlingen;nein;Ed66FDlWsQbbxBBXPiN1;Blessing
G1323;2;tinirello;aurora;;;+4915752107975;;;;nein;PffCvEJzuSdWZvXMK23E;Blessing
G1323;2;Tinnirello;Aurora;;2004-03-10;+4915752107975;;;Metzingen;nein;B7Ee7wxV60IAcwrkFo7c;Blessing
G1324;2;Beckert;Patricia;;1980-07-24;;+497121678322;patricia.beckert@gmail.com;;nein;B7QlYU9XkHDW66jq8JRV;Blessing
G1324;2;Beckert;Patricia;;1980-07-24;+491795436209;;;Reutlingen;nein;bEbNZXbBNe4euE545bMO;Blessing
G1325;2;Heinlin;Gerhard;;1942-08-30;;+4971251643;;Bad Urach;nein;B7T0K7wPmW7Cwyn7Eb3D;Blessing
G1325;2;Heinlin;Gerhard;;1942-08-30;+4915227495085;;g.m.heinlin@gmx.de;Bad Urach;nein;GwuENq4XjEqPu1Ks5WdR;Blessing
G1326;2;Blanchard;Heidi;;;+49 7123 18601;;rh.blanchard@t-online.de;;ja;B8X9rBzjcGCxrftC0EFw;Blessing
G1326;2;Blanchard;Heidi;;1967-12-18;;+49712318601;rh.blanchard@t-online.de;Metzingen;nein;uTP3XLxHDwX2nnCeoczX;Blessing
G1327;2;Heindel;Andrea;;1959-08-26;;621257;;Reutlingen;nein;B8Yz9jrZ2CbQKDMw9TBz;Blessing
G1327;2;Heindel;Andrea;;-326678400000;+491738854710;;rolandheindel@alice-dsl.net;;nein;YEh5OlPn8KHRpBGirivG;Blessing
G1328;2;Weindl;Carlotta;;2007-09-24;;+497121670213;kathrin.weindl@web.de;Wannweil;nein;B9OD2de7tIiksxoVl2Qf;Blessing
G1328;2;Weindl;Carlotta Sophie;;2007-09-24;+491747870917;+497121670213;;Wannweil;nein;cmhbbuj6OLmnOV5exoiG;Blessing
G1329;2;Nill;Philmon;;1995-03-13;+4915759116144;;phili.nill@gmx.net;;nein;B9hKPQHU19Y6Tbx1P6JD;Blessing
G1329;2;Nill;Philmon Jona;;1995-03-13;+4915759116144;;;Augsburg;nein;nf1nXTVrJDHlegGkm89w;Blessing
G1330;2;Loechner;Andreas;;1969-12-13;+4917648360522;;loechner@gmx.de;Riederich;nein;B9m0r6Yble8ltTJYrxfW;Blessing
G1330;2;Löchner;Andreas;;-1641600000;+4917648360522;;;;ja;OarqsXGdsHzi8sDSY8nG;Blessing
G1331;2;Husic;Ale;;1949-06-09;;+4970229688348;;Nürtingen;nein;BBACT4AOEhktIvPgbZC1;Blessing
G1331;2;Hustic;Ale;;1949-06-09;;;;;nein;O97tz0ATX8E4L9GqkgCr;Blessing
G1332;2;Estevez Rey;Lucero;;1990-07-03;+4915229085068;;luceroestevez.ic@gmail.com;Tübingen;nein;BBBY2IZ8G2pGfJ72lt7n;Blessing
G1332;2;Estevez Rey;Lucero Amparo;;1990-07-03;+4915229085068;;;Tübingen;nein;nbUkYsh6xUzRt7UP28qN;Blessing
G1333;2;Kienschle;Roland;;1956-07-08;;+497122820950;;;nein;x3XF8mCBP5yOT1wEHAo4;Blessing
G1333;2;Kienzle;Roland;;1956-07-08;;+497122820950;;St. Johann;nein;BFkTLjkPVhRwiq3wqwMX;Blessing
G1334;2;Tran;Thi-Dao;;1975-09-26;+491733449273;;;Reutlingen;nein;i3BmNJPSiIEurOQsShBv;Blessing
G1334;2;Tran;Thi-Man;;1975-09-26;;;;Reutlingen;nein;BFlwjp8rcTylu5Biw25s;Blessing
G1335;2;Karahan;Emre;;2004-06-18;+4915226003049;9943253;;Wannweil;nein;BGPDAkuRyU360jTpRfO4;Blessing
G1335;2;Karahan;Emre;;2004-06-18;+4915226003649;;emrekarahan2004@gmail.com;Wannweil;nein;YDDMRH2aKdssixP5KSNM;Blessing
G1336;2;Wang;Jing;;1984-10-15;+4915737779209;;;Trochtelfingen;nein;cfCMfPps5TLbi9pBgZ93;Blessing
G1336;2;Wang;Ying;;1984-10-15;+4915731779209;;;;nein;BGmI5XvGfUHpHhrsXhmL;Blessing
G1337;2;Salimzade;Fatemeh;;;+491782958431;;fsalimzadeh1992@yahoo.com;;ja;BHcEf4wa6hsUO7LNoPjG;Blessing
G1337;2;Salimzadeh;Fatemeh;;1992-06-04;+491782958431;;fsalimzadeh1992@yahoo.com;Reutlingen;nein;fMmeKQAo2DhNdYIJHcup;Blessing
G1338;2;Heberle;Wolfgang;;1948-10-02;+491729088840;708731;wg.heberle@web.de;Reutlingen;nein;BIVfpJbjQcfdDgTxQnD6;Blessing
G1338;2;Heberle;Wolfgang;;1948-10-02;;+497121708731;wg.heberle@web.de;;nein;isQ17Aaq9aTisfTkdA9m;Blessing
G1339;2;Haug - Paulmann;Sandra;;50025600000;+4915229162093;;;;ja;V5HVZjK3Emp3mUxJvWOF;Blessing
G1339;2;Haug-Paulmann;Sandra;;1971-08-03;;;;Gärtringen;nein;BIe5zzwa9o2ApebCn7dK;Blessing
G1340;2;Ozimek;Damian;;1967-04-16;;;;;nein;BKb6Ipmeaf46S2lzJFDh;Blessing
G1340;2;Ozimek;Damian;;1967-04-16;;;;Metzingen;nein;S1AhqyUy0FLZKxjFcJfV;Blessing
G1341;2;Wille;Malte;;2013-12-21;+491714548817;;;Pfullingen;nein;BKeQ6N3PKi62KCQ1m6MW;Blessing
G1341;2;wille;malte;;2013-12-21;;;;;nein;Cvz9wrtchEvALWPPCgWS;Blessing
G1342;2;Bottiglieri Limoli;Salvatrice;;1952-09-19;+4915205259016;;;Reutlingen;nein;BLGC5besgDcjuRbf4pjF;Blessing
G1342;2;BOTTIGLIERI-LIMOLLI;sALVATRICE;;1952-09-19;+491739406560;;;;nein;TyQqnSa4i8oDek85wHjt;Blessing
G1343;2;Langer;Jürgen;;-687312000000;;+49712360370;j.s.langer@t-online.de;Metzingen;nein;BLXeuaUiRSIWSEDmRtRs;Blessing
G1343;2;Langer;Jürgen;;;+49 1515 8107429;;j.s.langer@t-online.de;;ja;g4OBVrDotLfTpAWqWObK;Blessing
G1344;2;Waitzinger;Johanna;;2011-12-10;;+4971211361876;astrid.lanner@gmx.de;;nein;BNQgOGM0tcIBj6WrjBUD;Blessing
G1344;2;Waitzinger;Johanna;;2011-12-10;+491786293466;;;Reutlingen;nein;ajGLZCHni2RvVyhFtkju;Blessing
G1345;2;Ksell;Daria;;2007-11-02;+4915129571485;;kselldaria18@gmail.com;;nein;BNgyTCww24QTmlfUufuN;Blessing
G1345;2;Ksell;Darija;;2007-11-02;;+497072921176;;Gomaringen;nein;wsaI1FkEeE5t4O77zxbq;Blessing
G1346;2;Trofimtschuk;Aurelija;;2021-11-11;;;;Reutlingen;nein;rCaPLKkkeqQ1TsZwMuHH;Blessing
G1346;2;Troimcschuk;Aurelia;;2021-11-11;+4917624145350;;;;nein;BNiYQBQm7frGEBpe0eYB;Blessing
G1347;2;Estiry;Ingrid;;;+49 163 6026782;;ingrid.estiry@uni-tuebingen.de;;ja;BPdmZVFtahIKUQ9vN6Zr;Blessing
G1347;2;Estiry;Ingrid;;-88041600000;+491636026782;+4970712972117;ingrid.estiry@uni-tuebingen.de;Reutlingen;ja;rKnRCeYrVTov33hcNgUB;Blessing
G1348;2;Frech;Julia;;;+491714193489;;julia.rempfer@gmx.net;;ja;BPif1H7y8JSPwuBqiLpR;Blessing
G1348;2;Frech;Julia;;;+49 171 4193489;;julia.rempfer@gmx.net;;ja;TWUnvJR3u7XenQ3OsQE2;Blessing
G1349;2;Keim;Gabriele;;1964-06-11;;270635;;Reutlingen;nein;BQ3T3Q34F10MG6vU1ifD;Blessing
G1349;2;Keim;Gabriele;;1964-06-11;;+497121270635;gabriele.keim@gmx.de;72764 Reutlingen;nein;N93tqFVeNl1JyNpj7sEd;Blessing
G1350;2;Findeklee;Sabrina;;71539200000;;+4971259461900;;Bad Urach;nein;BR2xiL9F6Hpv18IGB3O8;Blessing
G1350;2;findeklee;sabrina;;1972-04-08;+4915154289047;;findeklee72@gmail.com;;nein;pLdDUxk9Tz2mi4OXcKDy;Blessing
G1351;2;Biber;Mirja;;2016-07-06;;+4971211382475;claudia.wicher@web.de;;nein;CftW7TdzC4gx80TWMGyz;Blessing
G1351;2;Biber;Mirja Tabea;;1467763200000;;1382475;;Reutlingen;nein;BSIiKHUajTldUOgFNPvh;Blessing
G1352;2;Mäck-schneider;Dorothe;;1967-03-22;;+497121579677;;;nein;CKdrCVTKo9lxr8skeXOc;Blessing
G1352;2;Mäck-Schneider;Dorothee;;1967-03-22;;579677;;Reutlingen;nein;BSNzUAMIQIDxfA01XUQN;Blessing
G1353;2;Kokkoni;Nikoleta;;1995-08-10;+4917673221934;;;Hechingen;nein;MKPquPHkgJzVB0HwgLB8;Blessing
G1353;2;Kokonie;Nikolette;;1995-08-10;+4917673221934;;kokkoni01@gmail.com;;nein;BSvfLBSERNtdBBIS9Mp2;Blessing
G1354;2;Bächle;Frank;;-158716800000;;+497119483698;frankandreasbaechle@gmx.de;Neckartailfingen;nein;BTO6BPnY1WoYRNvSxBG6;Blessing
G1354;2;Bächle;Frank;;1964-12-21;+491751907111;;jolifa4@gmx.net;;nein;a9Gy5oOqah8AlwPHHide;Blessing
G1355;2;Heim;Klaus;;1955-02-08;+4915222870166;;;;nein;EUO9QGBjFeBrKdjUjf8J;Blessing
G1355;2;Heim;Klaus Maximilian;;1955-02-08;;;;Walddorfhäslach;nein;BTkvsGpMWN7aKhABIPf3;Blessing
G1356;2;ngoyel;thi;;;+491637307599;;;;nein;BTvN38S54tJdaxkSpujX;Blessing
G1356;2;Nguyen;Thi Kim Ngan;;1998-08-17;+491637307599;;;Reutlingen;nein;IaURWnJLR0R4rfOk0jlv;Blessing
G1357;2;Yildirim;Selin Aylin;;2002-07-07;+491624201787;;selinaylinyildirim02@gmail.com;;nein;BVToF4UYHNRyrXu1tnyN;Blessing
G1357;2;Yildirim;Selin Aylin;;2002-07-07;+491736641577;;;Lichtenstein;nein;KXWOy4VMjFzsREgTY33S;Blessing
G1358;2;El-Kotob;Serin;;2003-09-10;+4915906734247;;;Reutlingen;nein;BWF4oHEnFh4DxfGbfdXw;Blessing
G1358;2;Elkotob;Serin;;2003-09-10;+4915906734247;;elkserin2020@gmail.com;;nein;ZofkRMFfuyYg1KgDy9By;Blessing
G1359;2;Röser;Jeffrey;;1991-02-16;;;;Reutlingen;nein;BXbmrtACzPRKgaQOmhE1;Blessing
G1359;2;Röser;Jeffrey Jason;;1991-02-16;+4917687766529;;;Reutlingen;nein;vfX4z3CQa23Ye4D1ijj1;Blessing
G1360;2;Mauthe-Steinhilber;Beate;;;+491792252837;;;;nein;PyRv8htVL9cAzy9glO81;Blessing
G1360;2;Steinhilber;Beate;;1963-12-17;+491792252837;;b.maute-steinhilber@rta.de;Reutlingen;nein;BXeoFZ1hzGIVjbmkbfOn;Blessing
G1361;2;Just;Roger;;864000000;;;;;nein;BXwL1zdK4tTFiz0decMi;Blessing
G1361;2;Just;Roger;;864000000;+4915115878264;;h.mall-r.just@gmx.de;Engstingen;nein;sTUugbN6te0R7G6g918M;Blessing
G1362;2;Bauer;Jürgen;;1967-03-22;;+49712788475;sonnenschein-bauer@web.de;;nein;BYXPV3xvP331hp9OKEn3;Blessing
G1362;2;Bauer;Jürgen;;1967-03-22;;+49712788475;;Pliezhausen;nein;vDl8284vFvA7f8jVWHhb;Blessing
G1363;2;Bigand;Danjela;;;+491633912444;;;;nein;vIk18X4AlY0NNFjRCmMu;Blessing
G1363;2;Wigand;Daniela;;;+491633912444;;daniela.wigand@yahoo.de;;ja;BYkhGqmgjJQHlIFWKLGl;Blessing
G1364;2;Ngo;Thi Thanh Huong;;;+491783044442;;ngoloan15@yahoo.com;;ja;BZdOCN8rrK4poJo4Y2Wc;Blessing
G1364;2;Ngo;Thi-Thanh-Huong;;168134400000;+491783044442;;ngoloan15@yahoo.com;Reutlingen;ja;qBqyZCnn6Vgr6fEYgJZo;Blessing
G1365;2;conselmann;christine;;1963-05-03;;;;;nein;Fo0BUSVkmXYi9SQkmsDY;Blessing
G1365;2;Conzelmann;Christine;;1963-05-03;+491719570722;+497121240950;;Reutlingen;nein;BZthdfgRhhKkYGBFH0KR;Blessing
G1366;2;Schmidt;Silke;;1986-02-19;+4915754497385;;;Römerstein;nein;hqvvdtQw8H7dTwOPJFZ2;Blessing
G1366;2;Schmied;Silke;;;+4915754497385;;;;nein;Bb4rZNB5uVF7pG8WYvtw;Blessing
G1367;2;Vukusic-Milos;Daniela;;1993-01-03;+4917683363132;;;Bodelshausen;nein;BbUzPOIEoQHWIe9wLycP;Blessing
G1367;2;Vukusic-Milos;Daniela;;1993-01-03;+4917683363132;;d.vukusic-milos@outlook.de;;nein;E498DYt8Khneiv5E3U2g;Blessing
G1368;2;Taigel;Cornelia;;-347587200000;+4915209460540;;;Pfullingen;ja;Bc2cvL1WqX8Nq9cEsAQw;Blessing
G1368;2;Taigel;Nelia;;;+4915209460540;;;;ja;Vqrag5OQyYROuYPXdzJP;Blessing
G1369;2;fromm;gerd;;1953-07-08;+4917643451414;+497071133090;;;nein;BcQRJfMROM7LyY3lTrIe;Blessing
G1369;2;Fromm;Gerd;;1953-07-08;+4917643451414;;gerd.fromm@t-online.de;;ja;piMBiKWnHd1Y9hcJL36t;Blessing
G1370;2;Tuor;Marina;;1974-11-30;;;;St. Johann;nein;BdWSYKZp2BFywmlz69kv;Blessing
G1370;2;Tuor;Marina;;1974-11-30;;+497122827766;;St. Johann;nein;nfvZBbXJ4gFNHbfZ844M;Blessing
G1371;2;Leibfritz;Volker;;-280800000000;+491709111320;;centurion27@web.de;;ja;BecpbNw6oXC4m9CIG5jt;Blessing
G1371;2;Leibfritz;Volker;;1961-02-07;+4916314913825;+4971191183023;;Lichtenstein;nein;u2hJZzGYQDgeJU1gBxaX;Blessing
G1372;2;Göbel;Gabriele;;1967-12-15;+491711401113;;gagoebel@gmx.net;Reutlingen;nein;BewS9P5drWDPteS9B4qe;Blessing
G1372;2;Göbel;Gabriele;;-64627200000;+491711401113;240724;gagoebel@gmx.net;Reutlingen;nein;U4CuHuGGfzpyCLrEUuae;Blessing
G1373;2;Mayer;Helga;;1957-08-02;+491621793369;;helgmayer@web.de;;nein;BgmruzK0cON11qPe1lsO;Blessing
G1373;2;Mayer;Helga;;1957-08-02;;+49712182358;;Eningen;nein;NKQJhgs66PMt2SjxJt0W;Blessing
G1374;2;IVAn;Ane;;2023-08-19;+4917634380035;;;;nein;DmAMUtPhe9Em8a29IPXC;Blessing
G1374;2;Ivan;Anne Mary;;2023-08-19;+4917634380035;;;Reutlingen;nein;BhxEeKn0GtJZM01j4AMi;Blessing
G1375;2;seel;irina;;1961-02-22;+491771465145;;alexanderseel1957@gmail.com;Neckartenzlingen;nein;Bi9NBy52s8ptxBu7hGRT;Blessing
G1375;2;Seel;Irina;;-279504000000;+491771465145;+49712734622;alexanderseel1957@gmail.com;Neckartenzlingen;ja;CkUx80mOdVMoepjrrvfr;Blessing
G1376;2;Gekeler;Simon;;1986-05-07;+4915774477969;;simon-ge@gmx.de;;nein;Bj1cg45nxdoJ99WXY0Yg;Blessing
G1376;2;Gekeler;Simon;;1986-05-07;+4915774477696;;simon-ge@gmx.de;Reutlingen;nein;jDTbUtCm77Ka6URtW88t;Blessing
G1377;2;Senpinar;Ali;;896054400000;+491735423308;;ali.senpinar@outlook.de;Reutlingen;ja;BjqO4A0jSTj1LqRmjYkJ;Blessing
G1377;2;Senpinar;Ani;;;+491735423308;;;;nein;SjXCw3Hk6pI3wf4YFpic;Blessing
G1378;2;Dancs;Jozsef;;1981-05-22;+4917661389766;;;Reutlingen;nein;aAoYnfwIVDw0q2TzfwyF;Blessing
G1378;2;dankz;josef;;1981-05-22;+4917661389766;;;;nein;Bl30yiRWnss1Zf6QSz91;Blessing
G1379;2;Madsack;Gerd;;1960-09-11;+4915730210018;;jasvensapap@freenet.de;;nein;mUNco8qQpBDeJfacKWB7;Blessing
G1379;2;Madsack;Gerd-Helmut;;1960-09-11;;+497127924200;;Walddorfhäslach;nein;BlRWg3vNRt2mMM1ro9lp;Blessing
G1380;2;Roher;Gottfrid;;1947-02-15;;+49712123200;;;nein;BmCtufuYyqtZkDzXGudG;Blessing
G1380;2;Rohrer;Gottfried;;-721958400000;+4915153766332;;;Reutlingen;ja;GQL16CMsp1wyUAukY7nO;Blessing
G1381;2;kostroman;Evan;;1963-07-21;;;;;nein;BmNsudZBBNlJe1hzFPRz;Blessing
G1381;2;Kostroman;Ivan;;1963-07-21;;+497121301570;;Reutlingen;nein;fQB3LjtaZJYBYlsFeHpN;Blessing
G1382;2;Hannan;Judi;;1223856000000;;;;;nein;BmUl0BOz59QDGQLbiQIF;Blessing
G1382;2;Hannan;Judi;;2008-10-13;+4917651724930;;;Reutlingen;nein;kYH5ZCaR4hqbXlh4VMUa;Blessing
G1383;2;Jaudas;Andreas;;1966-07-22;+4915735560092;;andreas.jaudas@gmx.de;Trochtelfingen;nein;BoOHehcpIZf9xCv67bGa;Blessing
G1383;2;Jaudas;Andreas;;1966-07-22;;+4971244146;;Trochtelfingen;nein;Ne0yxzxO8aX1fWDEktnw;Blessing
G1384;2;Röcker;Renate;;1948-12-09;+4917656747330;+4971255215;rroecker@gmx.de;Hülben;nein;Boh9iHIRJ6tKYFjC3sho;Blessing
G1384;2;Röcker;Renate;;;;+4971255215;;;nein;unKcOaCIDKISEGgpYCqM;Blessing
G1385;2;Korbanka;Tatjana;;1998-05-13;+4915785825698;;tatjana@korbanka.de;;nein;BoymQXjnLqpoHZIGNULB;Blessing
G1385;2;Korbanka;Tatjana Anne;;1998-05-13;+4915785825698;;;Tübingen;nein;wbgZmZ5nxbKQd2kFF8O5;Blessing
G1386;2;lumpp- feldweg;esther;;;;+4971283047400;;;nein;BqCgBRJcY9nocp1r24Zi;Blessing
G1386;2;Lumpp-Feldweg;Esther;;1945-04-29;;+4971283047400;;Sonnenbühl;nein;OMCXEVnbhPaSMxEB7Htm;Blessing
G1387;2;Zimmermann;Samu;;2016-06-04;+491622193168;;raluca.zimmermann@icloud.com;;nein;BqiRuT1fV5IlKKlh0uJd;Blessing
G1387;2;Zimmermann;Samu Kaleo;;2016-06-04;+491622193168;;;Metzingen;nein;aTaGDqVgoge3oR8evpn6;Blessing
G1388;2;Schönle;Angelika;;-232588800000;+491721538629;;gelischoen@web.de;Reutlingen;ja;BqwILQEnUknRlYxqOKNS;Blessing
G1388;2;Schönle;Angelika;;-232588800000;;336134;;Reutlingen;nein;VrF4zVVSb8Nt1FbICE08;Blessing
G1389;2;Ivanovic;Kata;;1960-05-18;+4915754050532;;katicaivanovic58@gmail.com;;nein;Brpc4Ml2YxDwRpuEmS29;Blessing
G1389;2;Ivanovic;Kata;;1960-05-18;+491736555829;+493820221;;Reutlingen;nein;Dj07mBsJHSGE5JOvcxM1;Blessing
G1390;2;Wais;Anna;;2018-07-09;;;;;nein;M4aLJgxhGXDJadBfrVmI;Blessing
G1390;2;Wais;Anna Jolie;;2018-07-09;+4915787898233;;kathrin.wars@web.de;Pfullingen;nein;BsjhVYE9lDxQwjEyJ5oj;Blessing
G1391;2;Becker;Mike;;1972-08-06;+491727365877;;familie-becker@web.de;Neckartenzlingen;nein;BszOE8uu8uxXeEvJSWv5;Blessing
G1391;2;Becker;Mike;;1972-08-06;;+4971279720650;;Neckartenzlingen;nein;oMiuPYjMn0eMZGp0LZ5a;Blessing
G1392;2;Itz;Heller;;;+491727306084;;;;nein;Bt4fSIcTmB9EGNJJhwvS;Blessing
G1392;2;Pitz;Hella;;1952-06-16;+491727306084;+49711777087;;Filderstadt;nein;LcMwHWFSbjMP5T0iqNwE;Blessing
G1393;2;Taverna;Claudia;;;+491631606072;;ctaverna@gmx.de;;ja;Bu8jvhIzdl5yaHZw6nwS;Blessing
G1393;2;Taverna;Claudia;;-167702400000;;+4971253092606;ctaverna@gmx.de;Bad Urach;nein;HcljBhW0CUASdA7yR2KN;Blessing
G1394;2;Mayer;Heidrun;;356745600000;;;;;nein;BuH9XCg5BC27mcEwdXqo;Blessing
G1394;2;Mayer;Heidrun;;356745600000;+491711946999;;;Burladingen;ja;r0wxSstjY1wNRCi45N9P;Blessing
G1395;2;Diertz;Carina;;1986-09-14;+491738841966;;;Reutlingen;nein;BuHlVA6OQpHaiIFmCRmx;Blessing
G1395;2;Diertz;Carina;;1986-09-14;+4915142093616;;carinadiertz@gmail.com;;nein;jQt9BLky6DsUrKt4q2eu;Blessing
G1396;2;Bez;Hans-Günther;;1941-10-17;+4916090493490;+497387751;kiddy2001@gmx.de;Hohenstein;nein;Busdsovs4dpqlEhjdJlk;Blessing
G1396;2;Bez;Hans-Günther;;1941-10-17;+491738539532;;bez-hh@gmx.de;;nein;W6dcV7GDkMLsLkfpDqfQ;Blessing
G1397;2;Fora;Alfons;;1963-06-18;;;;Metzingen;nein;BvWHX7wvKociVl4OQukq;Blessing
G1397;2;Fora;Alsons;;1963-06-18;;+4971239473126;;;nein;ilP9yvzkAkYCSzP4H1Cl;Blessing
G1398;2;Gläser-Krohmer;Esther;;1981-10-13;+4915124244016;+4971211364141;;Reutlingen;nein;BwJLXha0hBoJhhDwqso1;Blessing
G1398;2;Gläser-Kromet;Esther;;;+49 1512 4244016;;esther.glaeser@gmx.de;;ja;CssveYHmk49gdAsUdX2K;Blessing
G1399;2;Johann;Patrik;;-218419200000;+491723861203;;patrik.johann@freenet.de;;ja;BxsM4w1MvOe57rK56AuB;Blessing
G1399;2;Johann;Patrik;;1963-01-30;;+497127922056;;Pliezhausen;nein;wffdhmQrgWoGUMyzkaA7;Blessing
G1400;2;Rehmann;Christine;;1982-01-09;;+49585098;;Engstingen;nein;Byu8DbtAgsOKPuJvyP1o;Blessing
G1400;2;Rehmann;Christine;;1982-01-09;+4917659559933;;christinereh@web.de;;nein;E9YZ1o1sC5t8Ugd6PtqY;Blessing
G1401;2;Toprakseren;Tugce;;2006-05-07;+4917634390335;;ctoprakseren@icloud.com;;nein;C0YypdNdJUp1MShtOahV;Blessing
G1401;2;Toprakseren;Tugce;;1146960000000;+4917662602596;;;Pfullingen;ja;mOpBelSvTRPZREwxgtUb;Blessing
G1402;2;Handel;Heinz;;1942-01-21;;+49712336299;;Riederich;nein;ZMc2c5FDGMWKsQSXHMeG;Blessing
G1402;2;heindel;heinz;;;;+49712336299;;;nein;C1HxELwpSUoSWoLYuYgg;Blessing
G1403;2;Rrumbullaku;Erisa;;1079827200000;;;;;nein;C1SKyXJm54uxHnHlzlRq;Blessing
G1403;2;Rrumbullaku;Erisa;;1079827200000;;;;;nein;okt6lUiTmrW0Cj6z86OH;Blessing
G1404;2;Nübel;Daniela;;1968-05-27;+491785461686;;;Pfullingen;nein;C22a7BoY5us1oUTXUMzS;Blessing
G1404;2;Nübel;Daniela;;1968-05-27;+491785461686;;daniela_nuebel@gmx.de;;nein;x5vAvU3QXVtDibyrYj8B;Blessing
G1405;2;Albrecht;Klaus;;1941-08-24;;+49712315734;;Metzingen;nein;C4aL1r0VioGUu37pfZei;Blessing
G1405;2;albrecht;klaus;;1941-08-24;+491721059070;;klaus.f.w.albrecht@web.de;;nein;UUiHFxXlUDjAozdhDHD9;Blessing
G1406;2;Nguegang Ngnetiwe;Eric;;1980-09-15;+4917632774921;;nn_erick@yahoo.fr;;nein;C6AJaWyffnfK9nRm0dHL;Blessing
G1406;2;Nguegang Ngnetiwe;Eric;Dr.;1980-09-15;+4917632774921;;;Reutlingen;nein;wVVWMQUpM40iS2eXCJo1;Blessing
G1407;2;Cataldo;Angela;;1962-09-27;;+497121340304;laura.cataldo@gmx.de;;nein;C6fK2i4CJXnauOCSuO9O;Blessing
G1407;2;Cataldo;Angela;;1962-09-27;;340304;;Reutlingen;nein;dk3KoYbDLOWo1JxsmfAM;Blessing
G1408;2;Kion;Heike;;;+4917634468993;;;;nein;C7CLO37dj34XAjjGmnaI;Blessing
G1408;2;Kuon;Heike;;124761600000;+4917634468993;;;;nein;mIxT3G6GxT3ZnECNA72o;Blessing
G1409;2;Müller;Michaela;;;+4915223709761;;;;nein;C8CV4hYYsZdfxQt1kmiF;Blessing
G1409;2;Müller;Mihaela;;1972-06-11;+4915223709761;;;Metzingen;nein;kctnViwbmC6GSPokd79h;Blessing
G1410;2;Beier;Lieselotte;;1942-10-29;;600373;;Reutlingen;nein;C8hYFWHvjCZ6PkuGFFjB;Blessing
G1410;2;Beier;Liselotte;;1942-10-29;;;;;nein;uXZ9nEL710HlLTWu53Fr;Blessing
G1411;2;Hörmann;Werner;;;;+4970723314;;;nein;OO9b1jGJxRik36yyvyap;Blessing
G1411;2;Hörmann;Werner F.;;1942-04-04;;+4970723314;;Gomaringen;nein;C8pGdo9y2PGRopMVrQoo;Blessing
G1412;2;Möller;Jule;;1997-02-26;+4917643395366;;julemoeller.1@web.de;;nein;T1gz9g5j9mNivjG6MRb4;Blessing
G1412;2;Möller;Jule Charlotte;;1997-02-26;;;;St. Johann;nein;C9wE90Hz6itfhBYKm953;Blessing
G1413;2;Hagenbucher;Jennifer;;1998-05-14;+491745618020;;;Reutlingen;nein;CA7zYNUfJ4ht0obKfREA;Blessing
G1413;2;Hagenbucher;Jennifer;;1998-05-14;+491794084663;;hagenbucherjennifer@gmail.com;;nein;vZj3Cxq5LlNgSMNqmgPA;Blessing
G1414;2;wolff;nobert;;1959-06-24;+491706405934;;;;nein;jnj94tZHPSJOmajxY7kD;Blessing
G1414;2;Wolff;Norbert;;-332121600000;+491706405934;;;Pfullingen;ja;CBBHboLCPxEmtObnPXQR;Blessing
G1415;2;Siebeck;Jessica;;1989-08-07;;622030;;Dettingen an der Erms;nein;CBaWSGsd2YK4fMkCPbIs;Blessing
G1415;2;Siebeck;Jessica;;1989-08-07;+4917612748763;;jessica.siebeck@gmx.de;Metzingen;nein;RNQc77OZVpzF5PzjYZrS;Blessing
G1416;2;Korkut;Nedime Nur;;2005-10-08;+4917672619619;9613993;;Reutlingen;nein;CC34HhWXojpHjCmtOw7y;Blessing
G1416;2;Korkut;Nedime nur;;2005-10-08;+491633848510;;filizkorkut@hotmail.de;;nein;JXt8ItKoVHwiiKwnNV4F;Blessing
G1417;2;Werz;Julia;;1007683200000;+4915158437603;;juliawerz@gmx.de;Ansbach;ja;CCWviWhXEwuNOpmDZTOA;Blessing
G1417;2;Werz;julia;;2001-12-07;;;;;nein;W61vGXwGp3r0bCO6riGO;Blessing
G1418;2;Nadj;Cornelia;;;+49 175 2239397;;josef.nadj@t-online.de;;ja;CCy9iOY2LJyIVSbNsTjs;Blessing
G1418;2;Nadj;Cornelia;;;+49 175 2239397;;josef.nadj@t-online.de;;ja;geH7pWQE1mJ4wXb2WZ4r;Blessing
G1419;2;Schobel;Gabriele;;1956-04-22;+491719496950;+497121205386;gabriele.schobel@t-online.de;;nein;CD7c9pUKmzJ6XKOUU7KF;Blessing
G1419;2;Schobel;Gabriele;;1956-04-22;;205386;gabriele.schobel@t-online.de;Reutlingen;nein;x1QZgR8rY8ysambGYLVc;Blessing
G1420;2;Zinser;Stefania;;1994-07-29;+491729296612;;stefania.94@web.de;;nein;CDWqkDK922NN8LwVGzOH;Blessing
G1420;2;Zinser;Stefania;;1994-07-29;+491749116326;;;Reutlingen;nein;y2dOTNdpdLzsYxt5vMrS;Blessing
G1421;2;Schlosser;Annika;;2003-10-14;;44020;;Eningen;nein;CGoYbxH34Bjl1exRnxBV;Blessing
G1421;2;Schlosser;Annika;;2003-10-14;+4915172683377;;annika.schlosser@icloud.com;Eningen;nein;bNp7xa6ZvtF6NxqHwFuP;Blessing
G1422;2;Kleinser;Bettina;;1966-05-05;;+49754835;;Pfullingen;nein;CGrIGp9kZYsDzULvlA4m;Blessing
G1422;2;Kleinser;Bettina;;-115516800000;+4915787075974;;bettina.kleinser@t-online.de;Pfullingen;ja;SjVSbT2rvOwPDEHT3rDX;Blessing
G1423;2;Hacker;Leonie;;2014-01-31;+4917699586742;;uta.hacker@freenet.de;Hacker;nein;CGy3wQYrXH0Of4yiu9P6;Blessing
G1423;2;Hacker;Leonie Mia;;2014-01-31;+491708507618;;;Riederich;nein;wobFeqPTAjo3IcOuuPa6;Blessing
G1424;2;winkler;Norber;;1960-08-24;+4917631735554;;nuswinkler@kabelbw.de;;nein;CHHStSR5TBsWlPLP70Rh;Blessing
G1424;2;Winkler;Norbert;;1960-08-24;+4917631735554;;;Riederich;nein;PCPmBs1o9sFYh1mOqRJz;Blessing
G1425;2;Sendro;Meldina;;2003-01-20;+491727096494;+4974316029057;meldina.sc@web.de;Albstadt;nein;CIAVePux9Ri5ms0Lawhq;Blessing
G1425;2;Sendro;Meldina;;2003-01-20;+4915737026798;;aldina.sendro@gmail.com;;nein;PD1jRc95mUnSnMVZTqZa;Blessing
G1426;2;Claß;Franziska;;2007-10-14;;+497382941369;sonja.hauserclass@googlemail.com;Römerstein;nein;CIHi32Rrv2YVrUFRs3Bd;Blessing
G1426;2;Claß;Franziska Anna;;2007-10-14;;+497382941369;;Römerstein;nein;iW1RyhNhLiZws8XNJA1Y;Blessing
G1427;2;Pfau;Reiner;;-542764800000;;601963;;Reutlingen;nein;CJeSP0vCTFg60tsS9QZE;Blessing
G1427;2;Pfau;Reiner;;1952-10-20;;+497121601963;reiner.pfau@arcor.de;;nein;sW3zOvo0TQmdtuf2tsWp;Blessing
G1428;2;Schlegel;David;;1987-09-20;;;;Reutlingen;nein;CMfK0gPx47OODxbf2XyG;Blessing
G1428;2;Schlegel;David;;559094400000;+491723544811;21611;;Reutlingen;nein;gAjfJ7uoXdage7EpVFuj;Blessing
G1429;2;Hallwachs;Tamia;;2019-04-08;+4917661194468;;schulz.yvonne86@yahoo.de;Reutlingen;nein;CMwTWCRnzc608ghCla5R;Blessing
G1429;2;Hallwachs;Tamia;;2019-04-08;+4917661194468;;schulz.yvonne86@yahoo.de;;ja;h4kZa9oquJzaPkq3w5yX;Blessing
G1430;2;Möck;Martina;;-181094400000;+4916095344833;+4971283472;;Sonnenbühl;ja;CN0UkHjiT40HtTqJmytn;Blessing
G1430;2;Möck;Martina;;1964-04-06;+4916095344833;;martina.moeck06@gmail.com;;nein;wNBFM6VlN1GSTNfLmVP4;Blessing
G1431;2;Müller;Martin;;;;;buchenhaustuer@gmx.net;;ja;CNd9RgaK3oTRqWfmD7jQ;Blessing
G1431;2;Müller;Martin;;1952-05-18;+4915221383101;+49712333229;buchenhaustuer@gmx.net;Bempflingen;ja;nFdnn9xI8Bh4Yy2c3lYp;Blessing
G1432;2;Krebs;Clara;;2016-02-17;;;;;nein;NYypsQcRbut19EdSXx7c;Blessing
G1432;2;Krebs;Clara Elly;;2016-02-17;+4915789187986;;krebs.helen@gmx.de;St. Johann;nein;COQpuJnQ9euz4VXR16K0;Blessing
G1433;2;Hannes;Jonas;;900288000000;+491794155303;;jonashannes80@gmail.com;Reutlingen;ja;COWun8uwCkZRrf5NNyYa;Blessing
G1433;2;Hannes;Jonas;;900288000000;;01794155303;;;nein;vmtIxNUQM05BVMMXpM17;Blessing
G1434;2;Waffenschmidt;Matthias;;1970-05-14;+4915751341128;;waffenschmidt@freenet.de;;nein;COcNrTbcV5w2ePvTrnF7;Blessing
G1434;2;Waffenschmidt;Matthias;;1970-05-14;;+4970721504968;;Gomaringen;nein;c7jH17VN4ZPJ5vg5wFzX;Blessing
G1435;2;Stidham;Maybel;;2014-04-29;+491739701630;;damaris.stidham@gmail.com;;nein;COkw78VIBFdPyVaMUjjr;Blessing
G1435;2;Stidham;Maybel Grace;;2014-04-29;+491739701630;;damaris.stidham@gmail.com;Metzingen;nein;r2TH5tTKsJP4UnK6Q6SX;Blessing
G1436;2;Le;Thu Thao Julia;;906854400000;+491775445607;;julia.le@gmx.net;Reutlingen;nein;COznwEkTyNYkHKN0AjDe;Blessing
G1436;2;Le;Thu Thao Julia;;1998-09-27;;420304;;Reutlingen;nein;s5MunK6UoY6g7YWjc8LG;Blessing
G1437;2;Cam;Iris;;;+491742393842;;iris_kupietz@web.de;;ja;CPHJmosqv4KHR0VXjqSl;Blessing
G1437;2;Cam;Iris Helena;;1991-01-25;+491742393842;;;Pfullingen;nein;mwrTmprroISPtTTVGV80;Blessing
G1438;2;Sabir;Nimet;;1971-10-18;+4917631067026;;aleynasabir1@outlook.de;;nein;CPdkOv3pF48RH22KAYiq;Blessing
G1438;2;Sabir;Nimet;;1971-10-18;+4915256341036;370304;;Reutlingen;nein;WEvmpntBTGkYNitQUij5;Blessing
G1439;2;Ruckstuhl;Gisela;;1945-01-13;;+497121270405;g.m.ruckstuhl@gmx.de;;nein;CPtFQxxlGjoIIhKrCXVn;Blessing
G1439;2;Ruckstuhl;Gisela;;1945-01-13;;270405;;Reutlingen;nein;Hbm2baKSFKfhJ39VxDxg;Blessing
G1440;2;Klein;Laura;;;+491771535657;;;;nein;JzCo3CXsYyYJ6rlqENXa;Blessing
G1440;2;Klein;Laura Codruta;;1982-07-26;+491771535657;;lauracodrutaklein@gmail.com;Metzingen;nein;CQ3VrOetSldMpjn118FV;Blessing
G1441;2;Betz;Stefanie;;1975-07-08;+4915754655679;;steffi-xane@t-online.de;Sonnenbühl;nein;CQI8qreb0RbCZNzX6quj;Blessing
G1441;2;Betz;Stefanie;;1975-07-08;;+49712892301;;Sonnenbühl;nein;ytTme2q59QwZlEwtnrt0;Blessing
G1442;2;Decker;Sascha;;1999-03-09;+491702361897;;saschadecker@gmx.net;;nein;CWwj4cMJjwhxQz0oWkYz;Blessing
G1442;2;Decker;Sascha-Nico;;1999-03-09;+491702361897;;;Bad Urach;nein;CQJXRhrEdOnIU9Kf5LXI;Blessing
G1443;2;Göksu Peker;Mehtap;;1991-06-08;;;;Lichtenstein;nein;PH7bZrTAKMVYmkGJ0tTI;Blessing
G1443;2;GÖKSU-PEKER;MEHTAP;;1991-06-08;+4915755443383;;;;nein;CQecz62oz6fPQ33mZNse;Blessing
G1444;2;Jung;Diari Leonardo;;2008-11-22;+491601878935;;almilanur@aol.de;Reutlingen;nein;CR329ulvrtF347Z2kFdd;Blessing
G1444;2;Jung;Diari Leonardo;;2008-11-22;;290136;;Reutlingen;nein;DMSnGrlL0HYcOVCTQThi;Blessing
G1445;2;Fritschle;Tim;;1995-08-26;+4915737238936;;tim-fritschle@web.de;Stuttgart;nein;CSytfqt2tXIH36VaHVY6;Blessing
G1445;2;Fritschle;Tim;;1995-08-26;+4915737238936;;tim_fritschle@web.de;;nein;FE0g3YVzQAanReNSaJKY;Blessing
G1446;2;Wenzel;Rolf;;-462758400000;;+49712570520;wenzelrolf0405@gmail.com;Bad Urach;nein;CTZ3XI7IROpC89XHiTg7;Blessing
G1446;2;Wenzel;Rolf;;;+4915142196463;;wenzelrolf0405@gmail.com;;ja;R7WjnORccmkWnvgXbNju;Blessing
G1447;2;Pichetta-Büchsler;Susanne Ruth;;1964-01-23;;+49490951;sisibuechsler@arcor.de;Reutlingen;nein;CTivLWSAiAVP8kGhkUp4;Blessing
G1447;2;Pichetta-Büchsler;Susanne Ruth;;1964-01-23;;;;Reutlingen;nein;yIAaSCelLM52U0jmrNCR;Blessing
G1448;2;Wolpers;Ingeborg;;;;+49712734416;;;nein;CTovcrAwyeB55MPtJqZY;Blessing
G1448;2;Wolpers;Ingeborg;;1946-10-03;;+49712734416;;Neckartenzlingen;nein;VmYl0NlOOQsUP5uwL8Z3;Blessing
G1449;2;Walser;Detlef;;;+49 1520 1345062;;detlef@walsers.org;;ja;CVIpkLUuc29UDR8nx8Qh;Blessing
G1449;2;Walser;Detlef;;1958-09-16;+491724267303;+49702248145;detlef@walsers.org;Nürtingen;nein;TAGm6lrSYspU9jVA9Ynl;Blessing
G1450;2;maier;angelika;;;;+49712331723;;;nein;CVnkV2Mt7nK2ABuaZCQS;Blessing
G1450;2;Maier;Angelika;;1965-10-31;;+49712331723;;Riederich;nein;ftMaarrZyRIiShcve7Co;Blessing
G1451;2;Becker;Nathalie-Denise;;1996-10-06;;;;Reutlingen;nein;CVtc1uwp8BpRMULUe14j;Blessing
G1451;2;Becker;Nathalie-Denise;;844560000000;+491608264618;;nd.becker@web.de;Reutlingen;nein;Em8Of6k21PK6tTOYQaVI;Blessing
G1452;2;Löffler;Ella;;-548726400000;;+49715762886;;Weil im Schönbuch;nein;FATUkgWDl8I9VyTyneIN;Blessing
G1452;2;Löffler;Ella Annerose;;-548726400000;+4915739673102;;klaus.ella-loeffler@web.de;Weil im Schönbuch;ja;CWRf0kw0i68607UykzFx;Blessing
G1453;2;Pflumm;Marco;;1982-01-26;+4917645882130;;marcopflumm@web.de;Altenriet;nein;CXBIbG1ISSVX19AH8X1e;Blessing
G1453;2;Pflumm;Marco Stefan;;1982-01-26;+4917662034598;;marcopflumm@web.de;Altenriet;nein;u4iA0t1bLD9npR9K24Bm;Blessing
G1454;2;Weigold-Munz;Sarah;;1985-09-09;+4915224844460;;sarahweigold@web.de;Metzingen;nein;CXW5rr6c8yIyEA1LlpY8;Blessing
G1454;2;Weigold-Munz;Sarah;;1985-09-09;;;;Metzingen;nein;jWmdb9tMnafZF8w9VYh3;Blessing
G1455;2;Haggag;Mohamed;;1988-03-14;+4915906845526;;;;nein;nlEp510R3V4yAqh7ijsp;Blessing
G1455;2;Haggag;Mohamed Refaat Mohamed;;1988-03-14;+4915906845526;;mrhaggag4@gmail.com;Reutlingen;nein;CXbKbDxMFEtUP91X3XJY;Blessing
G1456;2;Maziers;Stephanie;;1994-08-05;+32478467715;;;;nein;LWZd631ICHOKi5LvVueu;Blessing
G1456;2;Maziers;Stèphanie;;1994-08-05;;;;Reutlingen;nein;CXt39FVBLZyty0Sltfi2;Blessing
G1457;2;Delassus;Raymond;;1954-04-11;;;;Reutlingen;nein;CXwBEZQxx5HBZtJ1WKJ4;Blessing
G1457;2;Delassus;Raymond;;1954-04-11;;;;Reutlingen;nein;GNmN5qQQCPpxVHAjyao0;Blessing
G1458;2;Kruck;Jeannine;;1979-01-17;+4915157275269;;jeannine.kruck@gmx.de;Reutlingen;nein;CXx88utjIJpKNl6MOcOX;Blessing
G1458;2;Kruck;Jeannine;;1979-01-17;;677068;;Reutlingen;nein;yc3UU8upTwxrbUhTo7xu;Blessing
G1459;2;Buske;Endijs;;1974-08-22;+4915171729563;;buske.a@gmx.net;;nein;CY9gAr7yl5spxRhAPPyr;Blessing
G1459;2;Buske;Endijs;;1974-08-22;+4915171729563;;;Bad Urach;nein;fyavfFTta9jgJXFzteYD;Blessing
G1460;2;Al-Ammeri;Yousif;;1998-01-01;+4915566323326;;yousifalammeri97@gmail.com;;nein;CYOKB6mOMKPpwd5kjeAk;Blessing
G1460;2;Al-Ammeri;Yousif Mohammed;;1998-01-01;+4915566323326;;;Ulm;nein;bPE6WMFyo0LMU2hI9AD3;Blessing
G1461;2;Mäckle;Bernhard;;1957-10-08;;205820;;Reutlingen;nein;CaFt9L9R61VinUBy0cr8;Blessing
G1461;2;Mäckle;Bernhard;;1957-10-08;+491781001108;;bernhard.maeckle@arcor.de;;nein;OHt1bnGJETsZFtVBrWnC;Blessing
G1462;2;Schweikardt;Dennis;;1991-08-07;+4917852938959;;;Dußlingen;nein;CaUJcSLtYPOsFxcPOKGO;Blessing
G1462;2;Schweikardt;Dennis;;1991-08-07;+491785293859;;d.schweikardt91@web.de;;nein;oMf0RBmk7J6pT6lQfAJw;Blessing
G1463;2;Weik;Nicole;;1965-08-28;+4915788524896;;nicolegweik@gmail.com;;nein;CabKMkLrJDHEUkTBEtwo;Blessing
G1463;2;Weik;Nicole;;1965-08-28;;210126;;Reutlingen;nein;otHgHwW4lybseSUuQmgO;Blessing
G1464;2;Roest;Agnieszka;;1972-12-11;+4915156145346;;agnieszka.ged@t-online.de;;nein;CawV0daHwpTyWSx4kQ3b;Blessing
G1464;2;Roest;Agnieszka Anna;;1972-12-11;;2062265;;Reutlingen;nein;Cdv9fr3sSwatlUkG9KHj;Blessing
G1465;2;Levytska;Liliia;;2009-05-31;+491637323675;;awg.darmsheim1@jugendhilfe-aktiv.de;;ja;Cc8VhGAQHDgtKvYfUr4I;Blessing
G1465;2;Levytska;Liliia;;1243728000000;+491743017645;+4970314931793;samstep@hotmail.de;Sindelfingen;nein;NMcSc0xCcnVB7URYGzVH;Blessing
G1466;2;Münz-Günes;Anja;;1984-01-15;+491797549444;;;Reutlingen;nein;CdW6qXGogsm5kC7VdxaZ;Blessing
G1466;2;Münz-Günes;Anja;;1984-01-15;+491797549444;;anja.muenz@gmx.de;;nein;S6CAHJ2ysZmJkz1b8sik;Blessing
G1467;2;Özer;Zeynep;;2000-09-17;;;;Münsingen;nein;g3JyWIrR1QJPbxc99Wgg;Blessing
G1467;2;özer;Zeynet;;2000-09-17;+491737868249;;;;nein;Ce8Pl9tpfZCAT0V8fsaI;Blessing
G1468;2;Fries;Werner;;1951-01-15;;+497127887370;;Pliezhausen;nein;ChEvz5h4A5JuUNjhuTiT;Blessing
G1468;2;Fries;Werner;;;+497127887370;;tuw.fries@online.de;;ja;MmOZQWXQHO1zsfXIijud;Blessing
G1469;2;Maier;Fritz;;-272505600000;;;;;nein;Ciq5wiTNvcqTRWPr9CDD;Blessing
G1469;2;Maier;Fritz;;-272505600000;;+4971211398109;;Reutlingen;nein;cPuD6ggY75EwEx1swfQd;Blessing
G1470;2;Nagy;Lisa;;1998-09-15;+491741859472;;lisanagy294@yahoo.de;;nein;Ckf2E6CWsa63FH2jLgkk;Blessing
G1470;2;Nagy;Lisa;;1998-09-15;509045;;;Reutlingen;nein;iyPyey1nmniFSvNlPH6e;Blessing
G1471;2;Georgidiadis;Dimitrios;;1961-07-15;+4915205693046;;;Reutlingen;nein;ClVy4LAMMoG7bQs51YtQ;Blessing
G1471;2;Gerogiadis;Dimitrios;;1961-07-15;+4915205693046;;;Reutlingen;nein;pRZ4XbVDn94uvRlur4QX;Blessing
G1472;2;Böhmer;Jutta;;1952-10-20;+491703229997;;boomerboe@t-online.de;;nein;qTNmWRke8jpUXQEtmpsX;Blessing
G1472;2;Böhmer;Jutta Irene;;1952-10-20;;670307;;Reutlingen;nein;CllkKlR1kvlTPfNvsdfQ;Blessing
G1473;2;Richarz;Louisa;;1997-09-24;+4917624304650;;louisa.richarz1997@gmail.com;Sonnenbühl;nein;CmIpyHzCHgxnPZE5KoDd;Blessing
G1473;2;Richerarz;Luisa;;;+4917624304650;;;;nein;t5j3tMLtFiLTYHb9EZxn;Blessing
G1474;2;HAZOTTE;RICHAARD;;1959-10-03;+4915750100659;;zottelotte@we.de;HOHENSTEIN;nein;SPfOLgyOIqNCwPxtctVb;Blessing
G1474;2;Hazotte;Richard;;1959-10-03;;+4973871468;;Hohenstein;nein;CnDTHhkdG4zbApLFwcNh;Blessing
G1475;2;Bötcher;Enno;;2022-11-11;+4917681977211;;;;nein;Nnb8ZcszjoNfBALSQeYa;Blessing
G1475;2;Böttcher;Enno;;2022-11-11;+4917681977211;;heike.boettcher@yahoo.com;Walddorfhäslach;nein;Co2zvSNiPbFBm9A5TKYv;Blessing
G1476;2;Sadegh Abiane;Zahra;;1976-03-15;;+4971213843199;;;nein;CokhrbRdtGTopWQzmXvo;Blessing
G1476;2;Sadegh-Abiane;Zahra;;1976-03-15;;3843199;;Reutlingen;nein;ZOyQHhbNTvpmfdVldUlr;Blessing
G1477;2;Tsipos;Athena;;2006-02-01;;+497127929967;;Pliezhausen;nein;CovfDSKlXbTBdcHKgkVc;Blessing
G1477;2;Tsippers;Athena;;2006-02-01;;+497127929967;;;nein;jKbW2af3A2zibbmmvPWs;Blessing
G1478;2;Saeed;Danial;;1999-08-12;+4915252174440;;;Reutlingen;nein;CowAyVUE8lLVHLWXy2Hc;Blessing
G1478;2;Saeed;Danial;;1999-08-12;+4915252174440;;danial.saeed@hotmail.de;Reutlingen;nein;cwMcEq6Cs7S1QXoN61Ma;Blessing
G1479;2;Locher;Susanne;;-156297600000;;+4971241842;;Trochtelfingen;nein;CpGqRxdItvJ9Mk4TJXUm;Blessing
G1479;2;Locher;Susanne;;-156297600000;+4915739310064;;locher.a-s@t-online.de;;ja;qgHOXY0SkzlQQSbGL8dc;Blessing
G1480;2;Ruppelt;Harry;;1959-05-22;+4915775849722;;harry.ruppelt@web.de;;nein;Cpw9L7LnSg0UhjtrufgY;Blessing
G1480;2;Ruppelt;Harry;;1959-05-22;;78123;harry.ruppelt@hotmail.de;Pfullingen;nein;P6FhNanq0jx4UeJU3oRV;Blessing
G1481;2;Wahlicht;Mirco;;1996-11-09;+4915789332093;+497127145377;;Metzingen;nein;CrwWGIKmQjDuSqgawgK9;Blessing
G1481;2;Wahlicht;Mirco;;1996-11-09;+4915788750643;;mirco.wahlicht@gmx.de;Neckartenzlingen;nein;dU8Fr5XKBURQ8OEYo3D9;Blessing
G1482;2;Rutow;Gerhard;;1963-03-01;;+4970727700;;Reutlingen;nein;aJfxCyuxbx8sj4maPgwp;Blessing
G1482;2;Rutow;Gerhart;;1963-03-01;;+4970727700;;;nein;CtJxIypunQwWw6O7Y96G;Blessing
G1483;2;Cakmak;Sultan;;831254400000;+491782747461;;yavuz.sultan.01@hotmail.com;;nein;CtMy0IknYF4n6cEPgd7l;Blessing
G1483;2;cakmak;sultan;;1996-05-05;+4915736489373;;;;nein;M0jt4ChpZsLyeaZ1DdTS;Blessing
G1484;2;Stahl;Cheyenne;;2005-01-21;;+4971219393489;sylvia@stahlnet.de;;nein;CtpAGYwgH5ZaMUwARlKw;Blessing
G1484;2;Stahl;Cheyenne Viviane;;2005-01-21;;9393489;;Reutlingen;nein;pLRabZPG98og0toTM4eE;Blessing
G1485;2;Ocker;Franziska;;1995-08-30;+4917664377717;;franziska.ocker@googlemail.com;;nein;JoYEI3FiNqbZ58YX4b8n;Blessing
G1485;2;Ocker;Franziska Maria;;1995-08-30;+4917664377717;;franziska.ocker@gmail.com;Nürtingen;nein;CuTJlPY3MR61uTz146YC;Blessing
G1486;2;schwille;Madlin;;1997-12-26;;;;;nein;uRcni1Z1aVYwKxGXLqrR;Blessing
G1486;2;Schwille;Madlin Cassandra Natalie;;1997-12-26;+4915780779279;;;Pfullingen;nein;CuxVGOFIsut1JHCJVoKG;Blessing
G1487;2;Achtziger;Beate Lieselotte;;1960-08-28;+4915908197507;;;Reutlingen;nein;yFWkSBmOu2W3NnZ8m8bk;Blessing
G1487;2;Achziger;Beate;;-294883200000;;;;;nein;CvGz7YLVcM0Tb0J5ini2;Blessing
G1488;2;Bibi;Rasheeda;;1949-09-01;+4915901127502;;;Reutlingen;nein;nqLiL8LNmfkpev0Boo3O;Blessing
G1488;2;Bibi;Rashida;;1949-09-01;;+497121320655;;;nein;Cwg5kwmluQ1kGFl4CREg;Blessing
G1489;2;Ayad;Mokhtaria;;1954-03-16;;;;Reutlingen;nein;CwhzG8512C5I2hf19yzQ;Blessing
G1489;2;Ayad;Mokhtaria;;1954-03-16;+491778278323;;;Reutlingen;nein;WzgY3QuWTiUPw29AOh2m;Blessing
G1490;2;Kaiser;Fabian;;1994-06-30;;578212;;Wannweil;nein;Cy2HIuSTxJbnfSkXkOMs;Blessing
G1490;2;Kaiser;Fabian;;1994-06-30;+4915165254600;;kaiser_fabian@gmx.net;;nein;Tdww0OFuourkyveATxND;Blessing
G1491;2;Jaschke;Leo;;1627689600000;;015255297667;;;nein;CyrC7QBNW8DsCc8di4FB;Blessing
G1491;2;Jaschke;Leo;;2021-07-31;+4915255297667;;anna.metz92@gmx.de;Reutlingen;nein;ud0ApVY5aOzRVho0nrhF;Blessing
G1492;2;Yücel;Fatih;;1965-04-08;+4915783822753;;;Großbettlingen;nein;CzXwe8bdNoUKnQu2FWix;Blessing
G1492;2;Yücel;Fatih;;1965-04-08;+4915783822753;;f.y@arcor.de;Großbettlingen;nein;yFOmZn0cvueKeroHhdrE;Blessing
G1493;2;Ntamkarelos;Margarita;;872985600000;+4917672596413;;;Reutlingen;ja;D0O34hEJnciQjinpVvau;Blessing
G1493;2;Ntamkarelou;Margarita;;1997-08-31;+4917672596413;;ritaki10@hotmail.de;;nein;gLrle4gxjAOwpClWaNb3;Blessing
G1494;2;Eboumbou Ebongue;Yvonne;;1998-09-01;+491777460591;;yviendale@gmail.com;;nein;D0Xd4YW8wc0SZavK00Ln;Blessing
G1494;2;Eboumbou-Ebongue;Yvonne;;1998-09-01;;+49712335130;;Riederich;nein;hP5ajJcQYv8prlK89crx;Blessing
G1495;2;Villalon Peguero;Sigrid;;1959-05-23;+491726652475;;j-villalon@hotmail.com;;nein;Mkje8GrjmDTHp8Vcieuu;Blessing
G1495;2;Villalon-Peguero;Sigrid;;1959-05-23;+491726652475;+4971277955081;;Walddorfhäslach;nein;D0vHpmWlN2dGNnoaUF7i;Blessing
G1496;2;Imbergamo;Simona;;1988-07-28;+4915208845789;;;Pfullingen;nein;D0y2WAZZRpOucQg3z4ro;Blessing
G1496;2;Imbergamo;Simona;;1988-07-28;+4915208823740;;lino.iannuzzi22@gmail.com;;nein;GWy4kJ7pZgKAmBvmYF7v;Blessing
G1497;2;Gaiser;Simon;;1982-08-27;+491755959573;;;Walddorfhäslach;nein;D1DxfhCnTHNAkEGJFEYj;Blessing
G1497;2;gaiser;Simone;;;+491755959573;;;;nein;Q4iYtWiNEO8drB7Buhb0;Blessing
G1498;2;Asal;Feriza;;1985-07-25;;;;;nein;D1SF1SaVJ0LiPUDFoni6;Blessing
G1498;2;Asal;Feriza Abdellatif Ibrahim Kotb;;491097600000;+4917672247628;;;Walddorfhäslach;ja;cOL79Livl254Y7eK0qAm;Blessing
G1499;2;Sting;Helen;;1991-04-26;+4915227613925;880255;;Pfullingen;nein;u0ZYlyByntWd05vfbKw1;Blessing
G1499;2;Sting;Helen-Sophie;;1991-04-26;;880255;;Eningen;nein;D23sQsdP7w3WsUpwamta;Blessing
G1500;2;Liepelt;Caroline;;1991-08-14;+4915208220625;;zz1991@web.de;;nein;D34OvTlTWpvaPwoJHOuM;Blessing
G1500;2;Liepelt;Caroline;;1991-08-14;+4915253598816;;;Reutlingen;nein;RZZPfBbM4DfG1fgjh3j5;Blessing
G1501;2;Frohme;Johanna;;1970-09-13;+4917683185261;;johannafrohme@outlook.de;;nein;D392NOS9vn4XKZC8hzEC;Blessing
G1501;2;Frohme;Johanna Claudia;;1970-09-13;+4917683185261;;johannafrome@outloc.de;Pliezhausen;nein;PGZXi7liPNmPjI1DjUBF;Blessing
G1502;2;Steurer;Lisa;;1998-04-10;+4917662074871;;steurer.lisa@web.de;;nein;D3DQuUZUnbABxvm5zkqR;Blessing
G1502;2;Steurer;Lisa-Fabienne;;1998-04-10;+4917662077871;;;Lichtenstein;nein;E1yOzcjeS3Rjo0ONk3jn;Blessing
G1503;2;Detroy;Janine;;1987-01-13;+491707351509;;janine@janinedetroy.de;Reutlingen;nein;D4AHhaJLmRh72D9tXGN0;Blessing
G1503;2;Detroy;Yanine;;1987-01-13;+491707351509;;;;nein;Q3oSNWC2sdF1hInx1blr;Blessing
G1504;2;Beck;Hanna;;-1051142400000;;+4971236835;;Metzingen;nein;D4Qgusj7Riv4Y5qLJAtp;Blessing
G1504;2;beck;hanna;;;;+4971236835;;;nein;l7W7PyOFLoENDn2D6tnZ;Blessing
G1505;2;jacob;ruth;;1947-06-27;;+497121754748;;;nein;oooV9BPdb6KOJxr1vxLt;Blessing
G1505;2;Jacobs;Ruth;;-710553600000;;+497121754748;;Pfullingen;nein;D5IcX2qW2xj9bCgGWDw2;Blessing
G1506;2;Renz;Hans-Joachim;;;+491739522068;;;;nein;D5Qt05IVwNMgaMYnlzm1;Blessing
G1506;2;Renz;Hans-Joachim;;1949-07-04;+491739522068;;;Pfullingen;nein;fGsI3wcqcgMjb6xlpfig;Blessing
G1507;2;Tran;Quang-Cuong;;1985-12-17;+4917380241183;;;Reutlingen;nein;D8EFqCVIjHIU5UTL6ySp;Blessing
G1507;2;Tran;Quang-Cuong;;1985-12-17;+4915110733641;;;Reutlingen;nein;DqegohcDe7zaCkWZLRfK;Blessing
G1508;2;Hoffmann;Wolf;;1968-01-08;;+497471922160;;Reutlingen;nein;D8WwfulLfreUFURX3ioo;Blessing
G1508;2;Hofmann;Wolf;;1968-01-08;+4916097515381;;;;nein;JOSxAh9BRYcV9KkUOKl7;Blessing
G1509;2;Andres;Luna;;2003-03-19;+491748393458;;luna@mukululul.de;;nein;D9IX76BrhmhlY48hanGi;Blessing
G1509;2;Andres;Luna Rose;;2003-03-19;;;;Tübingen;nein;EjY4e6Fu0fweuIS3uMDN;Blessing
G1510;2;Schneider;Daniel;;2007-07-09;+4915224255171;;daniel.philipp.schneider@gmail.com;;nein;eE0LVRuhL5ky63kXpXrE;Blessing
G1510;2;Schneider;Daniel Philipp;;1183939200000;;+497123162336;;Metzingen;nein;D9M3kn9HO877utJ6t8XM;Blessing
G1511;2;Schmelz;Jürgen;;1968-07-09;+4917657891448;;schmelzjj@aol.com;;nein;D9p8aykXI1o0ga4ccrIE;Blessing
G1511;2;Schmelz;Jürgen Jakob;;1968-07-09;+4917657891448;;schmelzjj@aol.com;Hohenstein;nein;JmQBvrdO4MZEabzsnl5s;Blessing
G1512;2;Öztürk;Kübra;;2004-12-16;;1364975;;Reutlingen;nein;DAC4ubVvb0KalOicfDwV;Blessing
G1512;2;Öztürk;Kübra;;2004-12-16;+4915906688348;;kuebra.oeztuerk04@gmail.com;;nein;Js60RMD5toJsdwwNWU1b;Blessing
G1513;2;feimer;emily;;2000-04-25;+4915784679556;;;;nein;WlYTr4GlSdoU5Cdwzqqg;Blessing
G1513;2;Feimer;Emily Veronika Anne;;2000-04-25;+4915784679556;;;Rottweil;nein;DAmlCO193rDtr4vrJ7sn;Blessing
G1514;2;VOTOS;DIMITRIOS;;1968-06-18;;+497121750595;;;nein;vjf4hX0lpiMTHyodhOPx;Blessing
G1514;2;Votsos;Dimitrios;;1968-06-18;;+497121750595;;Reutlingen;nein;DBtwM7JKp8WVvdEGAxK6;Blessing
G1515;2;Kugel;Anela;;2016-09-15;+491734186014;;luwam-habte@hotmail.de;Bempflingen;nein;nnyGjEIHY1uP6fMiWbGe;Blessing
G1515;2;Kugel;Anela Lydia;;2016-09-15;+491734186014;;;Bempflingen;nein;DC63ituU0acTPiJ2PAa2;Blessing
G1516;2;Schmid-Manea;Beate;;1973-02-23;;;;Reutlingen;nein;DCBcyNxWBhb5P6x5WczN;Blessing
G1516;2;Schmid-Manea;Beate;;1973-02-23;;+497121284956;manea@web.de;;nein;uu0ZGf8h0M67etm87213;Blessing
G1517;2;Wucherer;Wilhelm;;1986-10-14;;;;Reutlingen;nein;DCO7Si5nHBp04hpyzyIH;Blessing
G1517;2;Wucherer;Wilhelm Eckhard;;1986-10-14;+491736602567;;;Reutlingen;nein;mKcKSokLAsGwmIEOYAlO;Blessing
G1518;2;Kunz;Norbert;;1966-02-15;+491712220144;;;Reutlingen;nein;DCY0lRax80rBhcx0rgER;Blessing
G1518;2;kunz;norbert;;;+491712220144;;;;nein;KZbqflTEgOzH5MqzsNSN;Blessing
G1519;2;Krauß;Anastasia;;1990-07-14;+4917664964648;;anastasiakrauss@gmx.de;Reutlingen;nein;DDFmlynP7HukEjAUdgj0;Blessing
G1519;2;Krauß;Anastasia;;1990-07-14;+4917664964648;;anastasiakrauss@gmx.de;;nein;MK0Hpvv4mkY1OTvZINWB;Blessing
G1520;2;Merz;Wolfgang;;-436320000000;+4917647377209;;wometa@posteo.de;Albstadt, Württ;nein;DDRTkApqu9zSApE3Z7ez;Blessing
G1520;2;merz;Wolfgang;;-436320000000;;;;;nein;XjXRRDq69Iog0HfNfGxK;Blessing
G1521;2;Kulis;Janja;;1949-09-25;;;;Reutlingen;nein;DDgk4gITm014n9CmVH1a;Blessing
G1521;2;Kulis;Janja;;1949-09-25;;3825188;;Reutlingen;nein;Eg8OL5yfGJ7sZ9ikQSKj;Blessing
G1522;2;Feller;Georg;;1996-02-27;+491626321254;;schorsche96@gmail.com;Rottenburg;nein;DDzcrVoMI94lcCdKVrfE;Blessing
G1522;2;Feller;Georg;;1996-02-27;+491626321254;;schorsche96@gmail.com;Rottenburg am Neckar;nein;WlRGIt89wtlRYDOLrRcz;Blessing
G1523;2;Maric;Eva;;;+4917623992787;;;;nein;DEUpuEWbwGVhoyn8yf6p;Blessing
G1523;2;Maric;Eva;;2012-08-07;+4917623992787;;;Reutlingen;nein;PNXGwYQZF7qHo9fwtzBr;Blessing
G1524;2;Becker;jonas;;;+49 1590 6458343;;jonees.b@googlemail.com;;ja;DEfRq658EHeHrrIvVLww;Blessing
G1524;2;Becker;Jonas;;1990-06-08;+4915906458343;;jonees.b@googlemail.com;Reutlingen;nein;WrzD3CofHIdDdbxZmSXP;Blessing
G1525;2;Wuntke;Simone;;1967-07-04;;+497129600741;hsmwuntke@arcor.de;;nein;DFYEbyb6qaa2cdfF1W3O;Blessing
G1525;2;Wuntke;Simone;;1967-07-04;;+497129600741;;Lichtenstein;nein;tjs7GTZiMUTEpeDKWbW6;Blessing
G1526;2;Saile-Sulz;Beate;;-246067200000;+491726000539;+49712780297;;Pliezhausen;nein;DG012iuERIzBbkVWoyq6;Blessing
G1526;2;Saile-Sulz;Beate;;1962-03-16;+491726000539;;saile-sulz@t-online.de;;nein;PrxegRu1Mgw0Shb7T8nO;Blessing
G1527;2;Vetter;Isabell;;;+4915222625369;;isabell.vetter@gmx.net;;ja;DGKkMr3dU4WtD0D5o4Pw;Blessing
G1527;2;Vetter;Isabell;;647136000000;;+4973889999939;isabell.vetter@gmx.net;Trochtelfingen;nein;qktEGMrNRr17wRBaDCsb;Blessing
G1528;2;Nill;Jutta;;1957-04-22;;+49712154589;ju.nill@t-online.de;Wannweil;nein;DH7omKerYGn1W9nxykCr;Blessing
G1528;2;Nill;Jutta;;;+49712154589;;jutta.nill@t-online.de;;ja;lU8C0qCKN28OD8W1ts1Q;Blessing
G1529;2;Fuchs;Stefanie;;;+491783419253;;s.fuchs.1@web.de;;ja;DHEUsIYzeZeQfhYpZmyU;Blessing
G1529;2;Fuchs;Stefanie;;1977-11-02;;+497121677125;s.fuchs.1@web.de;Reutlingen;nein;WeVi3EdluTcWPMcTc51P;Blessing
G1530;2;Löffler;Walter;;1951-02-13;;;;Reutlingen;nein;DIHvk6ZDbkMBCL5o0WsL;Blessing
G1530;2;Löffler;Walter;;1951-02-13;;+497127889260;d.w.loeffler@t-online.de;;nein;xft13tLULrxJMFUZJB2b;Blessing
G1531;2;westei;Astrid;;;;+497123947055;;;nein;DIVigd9fzotBz5Lr6TTP;Blessing
G1531;2;Wester;Astrid;;1976-01-31;;+497123947055;;Metzingen;nein;PkFMCemf66H5p8QwSWOd;Blessing
G1532;2;Geiger;Verena;;1983-06-02;+491629106715;+4971289208142;;Sonnenbühl;nein;DJ7CzGjG3omM9v3pM0y3;Blessing
G1532;2;Geiger;Verena;;1983-06-02;+491629106715;;v.gekeler@gmx.de;;nein;jK8T2KDymqe2m2j4pWpi;Blessing
G1533;2;Doster;Rosa;;;+49 1512 1630889;;rosa.doster@web.de;;ja;DKGOmQAjnPhk96mx2VX1;Blessing
G1533;2;Doster;Rosa;;;+49 1512 1630889;;rosa.doster@web.de;;ja;qVOvnlxJixW3ghtl2zKr;Blessing
G1534;2;Armbruster;Leon;;2004-10-28;;550200;;;nein;DKtRg1qAV76ot3dxrClt;Blessing
G1534;2;Armbruster;Leon Bernd;;2004-10-28;;+497121550200;armbruster.leon@t-online.de;Reutlingen-Ohmenhausen;nein;dvUzI6LiXSOcdfziU2V6;Blessing
G1535;2;Da silva morigno;Hannah;;2018-05-03;+4915111741624;;;;nein;Z5QTCNQqaflGz5EtYETX;Blessing
G1535;2;Da Silva Mourinho;Hannah;;2018-05-03;;;;Lichtenstein;nein;DLLiUmgGphOm306snSsG;Blessing
G1536;2;Marchina;Wanda;;1970-10-19;+4915222767304;;;Holzgerlingen;nein;WEqNCArwRkgzHHRKrr2w;Blessing
G1536;2;Marcina;Wanda;;;+4915222767304;;;;nein;DM1ok0p020fiVsZ4a98W;Blessing
G1537;2;Bosic;Jelena;;1976-03-08;+4915228554609;;jelena76@yahoo.de;;nein;DMFBxNnDgTpQcA8Mrf7L;Blessing
G1537;2;Bosic;Jelena;;1976-03-08;;3821633;;Reutlingen;nein;YIm1ikx45xSHiDsbxllg;Blessing
G1538;2;Birkmaier;Chris;;1996-12-27;;+4970269304322;;Frickenhausen;nein;DMbpN5w8y6cMAGSFk7uX;Blessing
G1538;2;Birkmaier;Chris;;1996-12-27;+4915789263176;;monagneiting@web.de;Frickenhausen;nein;ylxfgIukcGVsITtr2Pbq;Blessing
G1539;2;Ponomariovi;Ann;;1989-10-22;+491788978605;;ponomarioviann@gmail.com;Tübingen;nein;DQjgsQUXfMZReq1AVA4Q;Blessing
G1539;2;Ponomariovi;Ann;;1989-10-22;+491795647466;;ponomarioviann@yahoo.com;;nein;uhvN6JM1QdQLF0RXiwL9;Blessing
G1540;2;carrabas;Marco;;1962-08-07;+4915119022081;;;;nein;qx8bbLJjmH5w5qiXKfiI;Blessing
G1540;2;Carrabs;Marco;;1962-08-07;;;;Lichtenstein;nein;DRdB5E0VjGfuiCSd1RzE;Blessing
G1541;2;Gruebl;Eleonore;;1940-10-22;;+497121300543;;Reutlingen;nein;DSQ8BzH9153zjRDUNivu;Blessing
G1541;2;grübel;elenore;;1940-10-22;;300543;;;nein;m8YJM26yavqjXk8FjxuU;Blessing
G1542;2;Durner;Christel;;1948-07-11;;+49712734362;;Neckartailfingen;nein;DSky82dDWNn76uE8w6UT;Blessing
G1542;2;Durner;Christel;;1948-07-11;;+49712734362;;Neckartailfingen;nein;ro198PNzajIe9Q1BTyBL;Blessing
G1543;2;Neyses;Rolf;;1966-02-20;;+4971215149012;;Pfullingen;nein;DSyJRNPiI4WyZKvPW30o;Blessing
G1543;2;Neyses;Rolf;;1966-02-20;+491781336670;;rosa.neyses@t-online.de;Pfullingen;nein;jBJUea6zChTWfepinDVb;Blessing
G1544;2;Dietmann;Martha;;1960-02-05;;+4973871320;;Hohenstein;nein;DT3josPG29lAKawAjLTa;Blessing
G1544;2;Dietmann;Martha Maria;;1960-02-05;;+4973871320;marthadietmann@gmail.com;;nein;uIJhhMnpZiA25sacrvRZ;Blessing
G1545;2;Bauer;Maria;;1950-02-02;+4915156001952;;bebauer@t-online.de;;nein;DU7q1s47ClLKw3MvSJfe;Blessing
G1545;2;Bauer;Maria;;1950-02-02;;+49712771983;;Pliezhausen;nein;mLJaj23ypJj2UUwmN3Sk;Blessing
G1546;2;Nikoladis;Andreas;;-78969600000;;;;;nein;PujaKIlT9vMFVokrX4KT;Blessing
G1546;2;Nikolaidis;Andreas;;1967-07-02;+4917681013157;;andreas.nikolaidis@web.de;Pfullingen;nein;DUhcVhcl2T20gpXOhTgs;Blessing
G1547;2;Pankov;Michaela;;;+49 173 1836231;;michaela.pankov@outlook.de;;ja;DYOtqZJTr1ieL3ROIHY1;Blessing
G1547;2;Pankov;Michaela-Alexandra;;1995-03-17;+491731836231;503658;;Reutlingen;nein;isfHNU2bBf40rGB0Xbd8;Blessing
G1548;2;demirova;Cemile;;1991-03-05;;;;;nein;DbJO1G5nCAA9k0LBHVYR;Blessing
G1548;2;Demirova;Djemile;;1991-03-05;+4915219042534;;;Reutlingen;nein;WwRkeL7ogHcZ0dDnbZnU;Blessing
G1549;2;Zeeshan;Muzmal;;1989-05-16;+4915217704740;;;Grafenberg;nein;DbJhcSXw4QvoFNZnXgCI;Blessing
G1549;2;Zeeshan;Muzmal;;1989-05-16;+491604083243;;saskia@klavpurs.de;;ja;E8UKjVA6L9L9SEdPgeqe;Blessing
G1550;2;bicdrevic;adiana;;2016-08-13;+491742673506;;;;nein;DccmDvTHeyeGMFuCI0y6;Blessing
G1550;2;Dizdarevic;Adiana;;2016-08-13;+491742673506;;;Reutlingen;nein;MEIelSeETjaoGvKdWnIm;Blessing
G1551;2;Cosic;Maja;;674092800000;+4917647338277;;majamarjanovic1@hotmail.com;;ja;Dd6XQOwSubpYBCU7h0oH;Blessing
G1551;2;Cosic;Maja;;1991-05-13;+4917647338299;;;Reutlingen;nein;kTQ95WtyR82suwmx1e4r;Blessing
G1552;2;Karg;Lore;;1953-06-10;;+49712734694;;Altdorf;nein;DdAT2gxhBtOqzQxuiUSc;Blessing
G1552;2;Karg;Lore;;1953-06-10;;+49712734659;d.karg@gmx.net;Altdorf;nein;gAX3UEoCgeuUuObGmxiq;Blessing
G1553;2;Najami;Carmen;;1973-06-01;;;;Reutlingen;nein;DdlLv7iWxIXXrEZGj3wN;Blessing
G1553;2;Najami;Carmen;;1973-06-01;;506915;;Reutlingen;nein;TBomaYze7Gt5jo0r7hLS;Blessing
G1554;2;Eitel;Isabelle;;;+491625658273;;Isabelle.eitel@web.de;;ja;vuIESeiITHUEqVQhp9u7;Blessing
G1554;2;Eitel;Isabelle Nadine;;360806400000;+491625658273;+497127931282;isabelle.eitel@web.de;Walddorfhäslach;ja;Df7tfD9KPLK9nxK5PG6Q;Blessing
G1555;2;Strelow-Tscharntke;Gabriele;;1954-02-18;+4915734956319;;gaby.stw@gmail.com;;nein;DfVOOaz82NHzGwXxC94B;Blessing
G1555;2;Strelow-Tscharntke;Gabriele;;1954-02-18;861657;;;Reutlingen;nein;NjMMQZeAkQBKnljfH8Qf;Blessing
G1556;2;Ofner;Yuna;;2017-11-19;+491608199869;;song-hyojin@hotmail.com;Grossbettlingen;nein;LAJDhvhibTvzTiFmxaR2;Blessing
G1556;2;Ofner;Yuna Liv;;2017-11-19;+491608199869;;;Großbettlingen;nein;DgMpLNXpT6drnU023YMp;Blessing
G1557;2;Köck;Sandra;;1984-04-29;+4915751506564;;sandra.koeck@web.de;Reutlingen;nein;DibbqFcrPp5lhOSPv2q5;Blessing
G1557;2;Köck;Sandra;;1984-04-29;+4915751506564;;sandra.koeck@web.de;Reutlingen;nein;aQsZwaheUBYybD3uhB9u;Blessing
G1558;2;Lobert;Leon;;2003-07-02;+4916093801069;;leon.lobert@posteo.de;;nein;DkIGZPWW2ElA19zKrsFv;Blessing
G1558;2;Lobert;Leon Phillip;;2003-07-02;;;;Pfullingen;nein;apLj3RoTyLsA2D1wpsTi;Blessing
G1559;2;Metelica;Violeta;;427420800000;+4915733266674;;;;nein;gn4JMhChXHNCNefT3c6Y;Blessing
G1559;2;Metelica;Violetta;;;+4915733266674;;;;nein;DlkdTu4M5ZBUzMIj10Jh;Blessing
G1560;2;Rapp;Volker;;1968-06-15;+491781001387;;vgrapp@online.de;;nein;aaxZkUCK3oX6cz7KyR9U;Blessing
G1560;2;Rapp;Volker Wilhelm;;1968-06-15;+491781001387;;;Pfullingen;nein;DmfiIkNPfN9Dhk8BNEMB;Blessing
G1561;2;Schuhmacher;Lena;;1997-03-04;+4917682488402;;;Reutlingen;nein;DmrKQt0xR17Ued3ysant;Blessing
G1561;2;Schumaher;Lena;;1997-03-04;+4917682488402;;;;nein;VacCGHIwRoXEUn5Mtgbd;Blessing
G1562;2;Leners;Mariette;;1956-03-26;;+497121704565;lenmari@icloud.com;;nein;DmrlmIrQGhrPqUjVXJwq;Blessing
G1562;2;Leners;Mariette;;1956-03-26;;;;Reutlingen;nein;hgQAuAe2d9br1GjC37Wi;Blessing
G1563;2;schwarz;gerda;;;;+49712735134;;;nein;DoHNTQ1x8dvzL6gf27m9;Blessing
G1563;2;Schwarz;Gerda;;1946-04-02;;+49712735134;;Neckartenzlingen;nein;i7oRQSlU0uK63N1wEZKS;Blessing
G1564;2;Baumgärtner;Suzanne;;-139104000000;;622459;;Reutlingen;nein;DpJ4YEemhjAD9uVtrxmP;Blessing
G1564;2;Baumgärtner;Suzanne;;1965-08-05;+4915732072113;+497121622459;su_baum@gmx.de;;nein;I88PJiYBQHYAV4ROq8In;Blessing
G1565;2;omar;jan;;2017-11-20;+4917670835540;;;;nein;DpnLoWdwsMboIkHe3s2U;Blessing
G1565;2;Omar;Jean;;2017-11-20;+4917670835540;;;Reutlingen;nein;zEskMyq1AmjQqOYXKNAY;Blessing
G1566;2;Luculli;Sara;;2003-06-18;+4917684802013;;;Neckartenzlingen;nein;Dq66NhsAhE9OJr35iBbn;Blessing
G1566;2;Luculli;Sara Sofia;;2003-06-18;+4915123483921;;sarasofialuculli@gmail.com;Neckartenzlingen;nein;y8y2yIsGRAt23XR3qmYq;Blessing
G1567;2;Kühnle;Gisela;;1952-01-11;;7556285;;Reutlingen;nein;DrNUlK41y0xF2S7wSWIY;Blessing
G1567;2;Kühnle;Gisela;;1952-01-11;+4915231890814;;gisakuehnle@web.de;;nein;XfCnLjejPNMBBfdlHVFh;Blessing
G1568;2;Stapelbroek;Anja;;340848000000;+4915756070565;+4971232770692;;Neuffen;ja;fWXV4fu4rZFlaHLFlUXi;Blessing
G1568;2;Stpelbroek;Anja;;1980-10-20;;+4971232770692;;;nein;DsBdBjg6fnNgdWVgnxev;Blessing
G1569;2;Nguyen;Do Phuiny uyen;;2007-03-11;+4915213234566;;;;nein;a8MZjvEU9CBjeuUaMc4p;Blessing
G1569;2;Nguyen;Do Phuong Uyen;;2007-03-11;+4915217498897;;;Reutlingen;nein;DsPjJgdjPJPEbUzhfrEA;Blessing
G1570;2;Greiner;Sabine;;;+49712321857;;sabgreiner@gmx.de;;ja;DsgrDw84ZGIAj1X3wgni;Blessing
G1570;2;Greiner;Sabine;;1962-12-29;+4915774234997;+49712321857;sabgreiner@gmx.de;Metzingen;nein;QFh1MJhZdmLqnne8L6wx;Blessing
G1571;2;Nowack;Theresa;;1990-05-24;+4917623745704;;theresa.bayer90@gmail.com;;nein;DskZ8o4ryPWQcVfXsKcL;Blessing
G1571;2;Nowack;Theresa Beate;;643507200000;+4917623745704;;theresa.bayer90@gmail.com;Bad Urach;ja;obFE4zn9N8aNiGblYjUb;Blessing
G1572;2;schenker;celina;;1997-02-14;+4917680834863;;celina-isabelle@hotmail.de;;nein;ecH6e6VyGmYIyi7ckIm1;Blessing
G1572;2;Schenker;Celina-Isabelle;;1997-02-14;+4917680834863;+497157534561;;Gärtringen;nein;DsvzOPEysrxufA2ObD4V;Blessing
G1573;2;Tekin;Nihat;;1997-05-27;+491722448890;;nihat.tekin@web.de;;nein;uu5Y0IKNdyQQsRxXZvXF;Blessing
G1573;2;Tekin;Nihat Güney;;1997-05-27;+491722448890;;;Reutlingen;nein;Du9wMvt7qBt2MEt5XMiH;Blessing
G1574;2;Barth;Toni;;2018-08-23;+4917662830105;;shekib315@gmail.com;;nein;hk2yBjFUB3n2h1dbJvoA;Blessing
G1574;2;Barth;Toni Navid;;2018-08-23;+4917661633224;;;Pfullingen;nein;DvgushUfDBePl6GgfVMM;Blessing
G1575;2;Sailer;Laura;;1987-08-25;+4917662485521;;laura.sailer@gmx.de;;nein;DwR8cHWOYK1lY01XpgCv;Blessing
G1575;2;Sailer;Laura Simone;;1987-08-25;+4917662485521;;;Metzingen;nein;ZaZbSiXmGtMYoTGaECUZ;Blessing
G1576;2;Laraia;Candido;;1954-06-08;+4915735808419;;;Reutlingen;nein;Dxu8pqyXo5lhIPPChjWz;Blessing
G1576;2;Laraia;Candido;;1954-06-08;+4915906694029;;moltke@gprt.de;Reutlingen;nein;ruNRUi8bEL2SucgK2KOw;Blessing
G1577;2;Strehl;Helga;;-768614400000;;+497123910592;helga.strehl@gmx.de;Metzingen;nein;DyEJQphxbVHHTJSEGIKI;Blessing
G1577;2;Strehl;Helga;;;;+497123910592;helga.strehl@gmx.de;;nein;E3M9qE3Y4rf0pU0EOIfH;Blessing
G1578;2;Liebscher;Carola;;;+4915560542418;;carolaliebscher@t-online.de;;ja;Dztq3SN3WuOnHZ1QkMWN;Blessing
G1578;2;Liebscher;Carola;;1971-07-24;;+4971253099680;carolaliebscher@t-online.de;Bad Urach;nein;nTkQv2DIloGVJsDTQPxd;Blessing
G1579;2;Fritz-Meierlohr;Adelheid;;1964-07-22;;+497123947254;;Metzingen;nein;E0DJURsYqpkiEdlM6x8T;Blessing
G1579;2;Itchmaiellohr;Adelheid;;;+497123947254;;;;nein;QBaENEVE5WQoL7lXXGIR;Blessing
G1580;2;Zamida;Antonia;;1948-01-02;;25577577;;Reutlingen;nein;E0lhhzoUrhcC3TzPTP9n;Blessing
G1580;2;Zamida;Antonia;;1948-01-02;+4917630150053;;st.an.zamida@t-online.de;Reutlingen;nein;I14zF0lpD11SYPx8dPOj;Blessing
G1581;2;Klees;Thilo Philipp;;2013-07-15;;+4971279608869;;Walddorfhäslach;nein;E1579hIO8IuccaLG7DFc;Blessing
G1581;2;kles;Tilo;;2013-07-15;;+4971279608869;;;nein;iVinIKK6LiRBmF8GDGjT;Blessing
G1582;2;Schmidt;Thomas;;1981-02-17;+491727375366;;t.s.mail@gmx.net;Reutlingen;nein;E4Nlww9NalTQwgBvErHm;Blessing
G1582;2;Schmidt;Thomas;;1981-02-17;+4917227375366;;;Reutlingen;nein;cqFvpusmd6X586ukG2x8;Blessing
G1583;2;Hofmann;Paul;;1996-01-14;+4917661706312;;hofmann.reutlingen@web.de;Reutlingen;nein;u067rUyNNtUt7H5KamUr;Blessing
G1583;2;Hofmann;Paul-Felix;;1996-01-14;;;;Reutlingen;nein;E4WpMPGXHpmX7Be39DjA;Blessing
G1584;2;Salfeld;Peter;;1939-11-17;;+4971254661842;;Bad Urach;nein;E4xnXv1zfeBwNVpVpk8J;Blessing
G1584;2;salfeld;Petter;;1939-11-17;;;;;nein;SeVuKsPkHFXF4EQXBHvb;Blessing
G1585;2;Hofmeister;Dagmar;;-101347200000;+49175426275;;;;nein;E5cqhheVRHLCMgreibIZ;Blessing
G1585;2;Hofmeister;Dagmar;;-101347200000;+491754262715;;daho66@freenet.de;Rottenburg am Neckar;ja;IkA1tMcjnmWMQOSXFwgV;Blessing
G1586;2;Brenner;Belinda;;;+4915779693464;;belinda.brenner@web.de;;ja;E6fS34fESiaAESgu5gug;Blessing
G1586;2;Brenner;Belinda;;947116800000;;;belinda.brenner@web.de;Gniebel;nein;GFuckq40luQtxG7yaUaZ;Blessing
G1587;2;Lasevic;Alina;;2014-01-30;;+497123910337;;;nein;E9Sq9bBvqQHTpw5kg0TY;Blessing
G1587;2;Lasevic;Alina;;2014-01-30;;+497123910337;;Metzingen;nein;z8X4lZEQ1yJYzo3k3Q58;Blessing
G1588;2;Kalk;Joachim;;;+4971213045773;;Joachim.Kalk@t-online.de;;ja;EAFgOGETyW4mTem0lXRE;Blessing
G1588;2;Kalk;Joachim;;;+49 7121 3045773;;Joachim.Kalk@t-online.de;;ja;iONPl649VBs5xe2V1ihb;Blessing
G1589;2;Giampiccolo;Gabriele Lorenzo;;2002-07-27;;+497071369472;;Kusterdingen;nein;EBNBxeHkKXcYHrMlt9u2;Blessing
G1589;2;Giampiccolo;Gabriele Lorenzo;;2002-07-27;+4915751632246;;gabriele.giampiccolo@web.de;Kusterdingen;nein;deEdnfEtOU17QxxI8IIM;Blessing
G1590;2;Coskun;Johanna;;1982-01-08;+4915229241313;;jona-p@gmx.de;;nein;EBkg15hczzpof8U9GeQm;Blessing
G1590;2;Coskun;Johanna;;1982-01-08;+491783255088;;;Reutlingen;nein;YEl8Lo3245flgrbk5iPj;Blessing
G1591;2;Alepidou;Eva Rita;;1993-04-30;+4915731152166;;evitaalepidou@gmail.com;;nein;cLNN0ik78e9EnfGQT0q4;Blessing
G1591;2;Alepidou;Eva-Rita;;1993-04-30;+4915731152166;;;Großbettlingen;nein;EBmKVieR1wA6Lmw2YuBC;Blessing
G1592;2;Azzahra;Fatima;;1978-04-13;;;;Bad Urach;nein;vTzlLY8oSEFO1fsIWVhV;Blessing
G1592;2;Azzahra;Fatimah;;1978-04-13;+491728044805;;lea131978@yahoo.com;Ehningen;nein;ECIG8PkxgBfsMXI6rYYk;Blessing
G1593;2;Leighton;Jessica;;1982-08-06;+4917624105206;;leighton_jessica@yahoo.com;72762 Reutlingen;nein;EDMRFLUK2t8REn4Zh4Al;Blessing
G1593;2;Leighton;Jessica;;1982-08-06;+4917624105206;;leighton_jessica@yahoo.com;Reutlingen;nein;dl6wc4jTeEdEAeJLGhi2;Blessing
G1594;2;Nerlich;Melanie;;2001-04-24;+4915770404551;;;Reutlingen;nein;EEBj0gZvDWyJ2qkeamu6;Blessing
G1594;2;Nerlich;Melanie;;2001-04-24;+4915770404551;;;;nein;wmRW6ujF7jL2zxR8R9jH;Blessing
G1595;2;Klitscher;Petra;;-3369600000;+4915151864324;;p.klitscher@web.de;;ja;EEmIG5W2DgvW4mAVNUPt;Blessing
G1595;2;Klitscher;Petra;;1969-11-23;+491727688985;+49712960105;p.klitscher@web.de;Lichtenstein;nein;uMVo0ZNHZU1TAGpTxOwf;Blessing
G1596;2;Hermanza;Patrycja;;1984-10-09;+4915901817536;;patysiah@gmail.com;;nein;EGa2P0wZRB0Lz9gSSCXR;Blessing
G1596;2;Hermanza;Patrycja Monika;;1984-10-09;+4915901817536;;;Reutlingen;nein;v6plOBMilVuSHZVyjSi2;Blessing
G1597;2;Steinbach;Klaus;;-325987200000;;23661;klausguentersteinbach@t-online.de;Reutlingen;nein;EGsdWbjs9wMe7QnE4scF;Blessing
G1597;2;Steinbach;Klaus;;1959-09-03;;+49712123661;klausguentersteinbach@t-online.de;;nein;VgSVrMFa23iCMOZLutIW;Blessing
G1598;2;Ullmann;Dirk;;;+49 160 7025330;;dirk.ullmann@bosch.com;;ja;EJXlhr2XREeqqW2sRdcH;Blessing
G1598;2;Ullmann;Dirk;;1968-09-06;;+497121352064;dirk.ullmann@bosch.com;Reutlingen;nein;qxSetdkM6sM2QCyKXykF;Blessing
G1599;2;Betz;Gabriella;;1960-01-11;;+4971281620;;Sonnenbühl;nein;EJbeqt1r10AlBtb3KdHZ;Blessing
G1599;2;Bez;Gabriella;;1960-01-11;;+4971281620;;;nein;Ie3oaMJCdCw2TtTEQvEw;Blessing
G1600;2;Krause;Annette;;-81216000000;;;;Reutlingen;nein;EKFX6jfxeDUE3eVXCpWC;Blessing
G1600;2;krause;Annette;;-81216000000;;;;;nein;aPVv943cqaQZ1de5k5Zc;Blessing
G1601;2;mack;Karl;;-594345600000;;;;;nein;EKkAtgEN1N4tBqMowvmW;Blessing
G1601;2;Mack;Karl;;-594345600000;+491757713277;+49712735362;;Neckartenzlingen;ja;tgiRNBrwgP6BnIUgZOLV;Blessing
G1602;2;Leitze;Brigitte;;1957-08-06;506534;;;Reutlingen;nein;ELnIlM7hHSybNRaVsyaO;Blessing
G1602;2;Leitze;Brigitte;;1957-08-06;+491745757001;;brigitteleitze@gmail.com;;nein;NM5SpgSxgL8voz26p133;Blessing
G1603;2;Krämer;Louis Jack;;2009-05-06;1629541719;;;Reutlingen;nein;IoSmwUVD4vEg5pKmNaIZ;Blessing
G1603;2;Krämer;Luis;;2009-05-06;;;;;nein;EMMAcaAZe0Jk37eK69T6;Blessing
G1604;2;Ikiler;Ilknur;;1975-09-20;+491748336880;;;Eningen;nein;EMMyN5uNdMFUe6RrjOsF;Blessing
G1604;2;ikiler;ilknur;;1975-09-20;+491748336880;;ilknur.ikiler@gmail.com;;nein;eVpLRTFJohpVvNfbD7is;Blessing
G1605;2;Brozio;Gabriele;;1950-10-14;;+4971234600;simonbrozio@gmail.com;Metzingen;nein;EMoQlrX0Ng3y4P0G936g;Blessing
G1605;2;Brozio;Gabriele;;1950-10-14;;+4971234600;;Metzingen;nein;FlXs6Rhs52yC0nWikgaB;Blessing
G1606;2;Fauth;Hermann;;-660182400000;;+49490493;;Reutlingen;nein;EMtCxM2wyP52vZ7GPGSj;Blessing
G1606;2;fauth;herrmann;;1949-01-30;;;;;nein;zLRodxTTKAWDVd4p9u8k;Blessing
G1607;2;casola;daniel;;2002-12-07;+4915738239049;;;;nein;V5ORqBlwYGhht0TkgjaK;Blessing
G1607;2;Casula;Daniel;;2002-12-07;+4915738239049;;;Neckartenzlingen;nein;ENDaSznVnaFF5x0gql4d;Blessing
G1608;2;Schnitzler;Isabelle;;1999-08-27;;;;Reutlingen;nein;ENmUWk98MFtTNMRnxI1T;Blessing
G1608;2;Schnitzler;Isabelle Aminatou;;1999-08-27;+4915736540818;;;Reutlingen;nein;TRnZy8xreM1shTW0n1or;Blessing
G1609;2;rambow;thierri;;2000-09-30;+491711211504;;;;nein;J5zs9N6b8FZCRP5QwHvZ;Blessing
G1609;2;Rambow;Thierri Kiani;;2000-09-30;+491711211504;;;Tübingen;nein;EOdCn3t9GIcpTsVGdqM0;Blessing
G1610;2;Al Azam;Jomana;;1980-05-24;+491625253680;;;Riederich;nein;Gy1skUXq7G75tt1rsYim;Blessing
G1610;2;Alazam;Jomana;;1980-05-24;+4915255433479;;;;nein;EOj3fIwQuxBsTs2mBhpm;Blessing
G1611;2;Loechner;Lucy Jana;;2008-06-03;+4915234729766;;jelenalochner@gmail.com;Riederich;nein;kuZdPvfI7IeGbOQrTX0z;Blessing
G1611;2;Löchner;Lucy;;1212451200000;+4915227853376;;;;ja;EOqCnVSs6adQ8uMt2QXm;Blessing
G1612;2;Hummel;Yannik;;1996-02-24;;;;Reutlingen;nein;EOtRoehpVRqQ8hByyC7c;Blessing
G1612;2;Hummel;Yannik;;1996-02-24;+4915786033079;;yannik.hummel@gmx.de;Reutlingen;nein;lg7l0kHQggmROqqPyESp;Blessing
G1613;2;Barth;Eva Maria;;1977-05-11;+491733560640;;evambarth@web.de;;nein;lh1He6opG7aQUR5j42jq;Blessing
G1613;2;Barth;Eva Maria Elke;;1977-05-11;+4917335606040;3824981;;Walddorfhäslach;nein;EPZwtMKmaGbjZ9VqDv5l;Blessing
G1614;2;TARACE;TARIK;;2005-09-13;+4915772951293;+4971243299896;;;nein;ERVJshAqMtrYdkBzmxmh;Blessing
G1614;2;Tarakci;Tarik;;2005-09-13;;+4971243299896;;Trochtelfingen;nein;OqAq6EkregBkhAH48nsC;Blessing
G1615;2;Lengsfeld;Oliver;;1962-10-29;+4917653865776;+4971234756;;Metzingen;nein;ERlqDramaMrduQrJ8sr8;Blessing
G1615;2;Lengsfeld;Oliver;;1962-10-29;+4917653865776;;olengsfeld@web.de;;nein;kQT7c8hF6zPIQ0VGfKFC;Blessing
G1616;2;Yildiz-Esen;Rabia;;1992-04-04;+491621863527;;rabia-yildiz-13@hotmail.de;Reutlingen;nein;EScmgvNajnVSphPXimQU;Blessing
G1616;2;Yildiz-Esen;Rabia;;1992-04-04;;;;Reutlingen;nein;o0NpkdhHkacOtqoQ49z5;Blessing
G1617;2;Krist;Dirk;;1967-04-20;+4916093608725;;info@albgelaender.de;72805 Lichtenstein;nein;ET5dZWWfAh5K4bqc94lt;Blessing
G1617;2;Krist;Dirk;;1967-04-20;+4916093608725;+497388424;info@albgelaender.de;Trochtelfingen;nein;IXjuKpN3woKiYBKblY6a;Blessing
G1618;2;Rub;Bettina;;-40435200000;;015776375971;;;nein;ETnyoL4kUjT4HDSzOD56;Blessing
G1618;2;Rub;Bettina;;-40435200000;+4915776375971;;bettina-rub@gmx.de;Reutlingen;ja;K0m9dz11EGGvhZTqOLxy;Blessing
G1619;2;Yilmaz;Lara Su;;2010-10-26;+491621858084;;naz-80@hotmail.de;;nein;EUHpUouP7yJhYsDkNlur;Blessing
G1619;2;Yilmaz;Lara-Su;;2010-10-26;;6969133;;Reutlingen;nein;bVtIo1VV8BZkHJ6JCw5D;Blessing
G1620;2;Speidel;Judith;;2003-03-02;+4915770403151;;jc.speidel@gmx.de;;nein;aoJm6YXqAsU773kCmwOb;Blessing
G1620;2;Speidel;Judith Charlotte;;2003-03-02;;240765;;Reutlingen;nein;EV13TBKKeAfusXhSabPY;Blessing
G1621;2;Bär;Fabian;;2019-07-05;+491636092360;;baer_dani@web.de;;nein;EV9A1XfK2qN7uNeUxFZl;Blessing
G1621;2;Bär;Fabian Luca;;2019-07-05;;+4974769465992;;Bisingen;nein;utTFoTPi9gxFXbiHaHqA;Blessing
G1622;2;Jashanica;Adrit;;2000-09-27;+491629769845;;;Pfullingen;nein;ZiSeyQKqw2UMTyzKhi0q;Blessing
G1622;2;Jashanica;Ardit;;2000-09-27;+491629769845;;ardit.jashanica@icloud.com;;nein;EVrCzxFQHyjaF7xQChK8;Blessing
G1623;2;Hoffmann;Armin;;1946-04-02;+4915779692457;;armin.r.hoffmann@mail.de;Winnenden;nein;OnEQ38NeCt07goNaAEdD;Blessing
G1623;2;Hoffmann;Armin R;Dr.;1946-04-02;;55513;;Winnenden;nein;EWN1O9CZHkO2997filPw;Blessing
G1624;2;Kromer;Christine;;125107200000;;;;;nein;EWwlflYlx5Ds8C48ok81;Blessing
G1624;2;Kromer;Christine;;125107200000;+4917647646164;+497022240305;;Großbettlingen;ja;aKY9we5p8qRLfgDKLsSN;Blessing
G1625;2;El Sanhoury;Ahmet;;1989-04-15;+491727041349;;hasret_karadeniz@gmx.de;Reutlingen;nein;gNbHcj55euv4S2Bvfba1;Blessing
G1625;2;Elsanhoury;Ahmet;;1989-04-15;+491727536216;;;Reutlingen;nein;EYFhZvhAeirOf5hQUlcQ;Blessing
G1626;2;Fender;Tom;;;+491736559169;;;;nein;EYidNVJCd14l2mWH172W;Blessing
G1626;2;Pfänder;Tom;;1123459200000;+491736559169;;sabrina.stockert@gmx.de;Frickenhausen;ja;F1sr0CbSEM9qALMQmEcR;Blessing
G1627;2;Zugac;Ana;;2004-05-01;+4915228428728;;anazugac@web.de;;nein;EaQORNgCGXWPaccGr01o;Blessing
G1627;2;Zugac;Ana Emilia;;2004-05-01;+4917620420419;;;Nürtingen;nein;EzDAyCSgycZW0kcaTU4b;Blessing
G1628;2;Hummel;Mika;;2001-05-09;+4917663703597;;mikahummel@web.de;;nein;EazhAiLxbk0kjfgE1wmY;Blessing
G1628;2;Hummel;Mika;;2001-05-09;;;;Eningen;nein;tUyCuKWwXQbsM1nc6uoL;Blessing
G1629;2;Polakova;Maria;;2018-10-28;+491637590685;;;Reutlingen;nein;EbFP3jp84FdOTWYB3hkr;Blessing
G1629;2;Polokova;Maria;;2018-10-28;+491637590685;;;;nein;MUdEBNCvc4501bRSpS7g;Blessing
G1630;2;riecksinger;berbel;;1963-11-12;;+49712318409;;;nein;EbOueBVaeXP2EHsmXK9m;Blessing
G1630;2;Riexinger;Bärbel;;1963-11-12;;+49712318409;;Metzingen;nein;Hta33IhXn5cvQ4VKic56;Blessing
G1631;2;Zamida;Monika;;-414028800000;;+497121334795;ma18za@gmx.de;;nein;Ec0RxPcQA0ue3moNG4Qh;Blessing
G1631;2;Zamida;Monika;;1956-11-18;;334795;ma18za@gmx.de;Reutlingen;nein;V1XtgT52s5ktu8f7GQG0;Blessing
G1632;2;farham;amir;;2017-06-05;+491736215899;;;;nein;tO2J8kOWRoGsxZAQIKZB;Blessing
G1632;2;Farhan;Amir;;2017-06-05;;;;Reutlingen;nein;Ec26cto07Xa09UEk1MeZ;Blessing
G1633;2;Düzenli;Imran;;1988-12-13;+4917627507548;;;Reutlingen;nein;EcqGoN256vajROKUyNs8;Blessing
G1633;2;Düzenli;Imran;;1988-12-13;+4917627507548;;imrand@gmx.net;Reutlingen;nein;by5hEXvQtQC6uSrRdWYv;Blessing
G1634;2;Böpple;Maria;;1963-12-07;;+497127570075;m.w.boepple@hotmail.com;Pliezhausen;nein;Ee4RrqiByfbTy7o7cqX7;Blessing
G1634;2;Böpple;Maria;;1963-12-07;;+497127570075;;Pliezhausen;nein;dHveN64AQ6Ttf4Hqekin;Blessing
G1635;2;Nagel;Klaus;;1957-07-07;+4915221543621;;klausuli.nagel@arcor.de;;nein;EfCFGUl3JyNZuJJfJKVY;Blessing
G1635;2;Nagel;Klaus;;1957-07-07;+4915221543621;+49580469;klausuli.nagel@arcor.de;Reutlingen;nein;JejDDiGm6d1iPenQOlWq;Blessing
G1636;2;Jaakovljevic;Oliveira;;1974-06-21;;+49712318872;;;nein;UeDaux6SbZRZv9a9RtqU;Blessing
G1636;2;Jakovljevic;Olivera;;1974-06-21;+491717349890;;;Metzingen;nein;Ei94zmlBBoOGl8rXHlnM;Blessing
G1637;2;Waelde;Natalie;;1979-08-09;;+4973819307182;;Münsingen;nein;qQ0bqL539s3sraVEJ6i7;Blessing
G1637;2;Wälde;Natalie;;1979-08-09;+4917645725412;;waeldenatalie@t-online.de;;nein;EjztC5maLPd0VXQjkrUZ;Blessing
G1638;2;Zlatev;Veselin;;406166400000;;;;;nein;Ek8dKjifv5SomqZMqPzl;Blessing
G1638;2;Zlatev;Veselin;;406166400000;;;;;nein;KK43LC7poduy0YNQAjpA;Blessing
G1639;2;Ridjan;Adelita;;1978-06-14;;337271;;Reutlingen;nein;Ekrf9C8pSz7GdjsgmLTg;Blessing
G1639;2;Ridjan;Adelita;;1978-06-14;+4915122206981;;adelita.ridjan@gmail.com;Reutlingen;nein;k4VFTCvkG4tReVhSfKHt;Blessing
G1640;2;GRAIS;SANDRA;;1974-11-10;+491727416769;;;;nein;XXewYypqq8zOkrWJLW2B;Blessing
G1640;2;Greiß;Sandra;;153273600000;+491727416769;;s.greiss@gmx.com;Frickenhausen;ja;Eky98Ut1Az9Rji9j6mVo;Blessing
G1641;2;Rütten;Michael;;1962-03-02;+4915146457151;;;Reutlingen;nein;ElgK1Tc61tNa8WFtK0Qt;Blessing
G1641;2;Rütten;Michael;;1962-03-02;+4915146457151;;ruetten_michael@web.de;;nein;hvI7Ol4pqK6FrLrE0fcU;Blessing
G1642;2;Arwanitaki-Kostoglou;Theodora;;1983-12-07;;+4971239561054;;Dettingen;nein;Em72qBGUGVrSNgTHyS09;Blessing
G1642;2;Arwanitaki-Kostoglou;Theodora;;1983-12-07;+491735697015;;theo1983@web.de;;nein;e4pg3GzYq90HLSSNgRXg;Blessing
G1643;2;Bor;Viktoria;;1983-08-30;+4917643884197;+491738916319;viktoria.bor@gmx.de;Reutlingen;nein;EmSv8D86eiMAQ2Zah2cr;Blessing
G1643;2;Bor;Viktoria;;;+49 160 1835002;;viktoria.bor@gmx.de;;ja;apVl3YCt4mSAOSpnzdjQ;Blessing
G1644;2;Speidel;Marc;;1975-12-17;+491734635673;;;Nürtingen;nein;EmpybnY2ulllRu36I86R;Blessing
G1644;2;Speidel;Marc;;1975-12-17;+491734635673;;mspeidel@gmx.net;Nürtingen;nein;tU39lCRXw4oqdmNoYpkV;Blessing
G1645;2;Ehebald;Nicole;;;+4917621628795;;nici.ehebald@web.de;;ja;MqgQXaPnelb86pUJ5N3m;Blessing
G1645;2;Ehebald;Nicole Margarete;;1975-12-05;+4917621628795;;;Reutlingen;nein;En8qHKhQRurau51QRKNP;Blessing
G1646;2;Werz;Bernhard;;1950-02-07;+491789323264;+49712314690;;Metzingen;nein;EnHVFShbdsVZfTbLbQRb;Blessing
G1646;2;Werz;Bernhard;;1950-02-07;+491789323264;;bernhard.werz@gmx.de;Metzingen;nein;NHawTKTXTejn5Lhj3f1V;Blessing
G1647;2;Görtelmaier;Elke;;-300758400000;;923746;;;nein;EnQiNisLDxpqdfZ3tSPB;Blessing
G1647;2;Görtelmeyer;Elke;;-300758400000;+4917629413802;;;Reutlingen;nein;GkqzMWMiNF9kVibr4gN8;Blessing
G1648;2;Löffler;Frank;;1977-07-07;+4915750871999;;frank.loeffler1@gmx.de;;nein;Ep52xxlZdg78iW9nyicA;Blessing
G1648;2;Löffler;Frank;;1977-07-07;+4915750871999;;;Kusterdingen;nein;I0mNbfKYvdFMGW7Pq51o;Blessing
G1649;2;Stricker;Jana;;1973-07-17;+491772350583;6808812;;Wernau;nein;EpK2ce1Wpp5mC0ikSASA;Blessing
G1649;2;Stricker;Jana;;;+491772350583;;;;nein;nPBaG1peZSGe40mtFpE4;Blessing
G1650;2;Faisd;Julius;;2007-07-03;+491622772773;;tanja.faiss@me.com;;nein;Eqa0pgPgFDrnIoFjYRSe;Blessing
G1650;2;Faiss;Julius;;2007-07-03;+491622772773;;tanja.faiss@me.com;Reutlingen;nein;WyOIWQOuCrYXRUKmgl6i;Blessing
G1651;2;Friedel-Stephan;Anita;;1978-10-29;+4915119183745;;;Altdorf;nein;dhNtiguXEGCCVatWFcBz;Blessing
G1651;2;Riedel - Stephan;Anita;;;+4915119183745;;;;nein;EqlEaoQpOWgn6V6WnTRq;Blessing
G1652;2;Thoss-Maginski;Andrea;;1961-10-29;;+49712387155;;Metzingen;nein;UuOClPRsYrwovFeTvrRg;Blessing
G1652;2;Thoß-Maginski;Andrea;;;+49712387155;;jens-maginski@t-online.de;;ja;Er4ljKqIHwkTqFPmJTHB;Blessing
G1653;2;Hegel;Kaja;;2007-03-03;+491727074777;;fam-knies@gmx.de;Reutlingen;nein;ErGn4KDTJq9HpzeaPASj;Blessing
G1653;2;Hegel;Kaja Lorin;;2007-03-03;;+49178484773;;Reutlingen;nein;hRrDK7B7WPeNESyE0oZB;Blessing
G1654;2;Schmauder;Else;;1934-06-04;+4915773474022;;albert.schmauder@t-online.de;Sonnenbühl;nein;ErWjs3SDVGhVzz2ed8XF;Blessing
G1654;2;Schmauder;Else;;1934-06-04;;+497128646;;Sonnenbühl;nein;VaCTvA52axEXqFd4YLhm;Blessing
G1655;2;Nguyen;Jenny;;2005-11-09;+491732342209;;phuongvy.nguyen@web.de;;nein;EtgNM2xzr30gEP9e4Wuv;Blessing
G1655;2;Nguyen;Jenny Vy Thanh Puong;;2005-11-09;+491732342209;;;Reutlingen;nein;F0gDE6wPYvRIpvpNyT59;Blessing
G1656;2;yildirim;abidil;;1984-07-21;;;;;nein;q0AI2lubftpyVPeyv0Cz;Blessing
G1656;2;Yildirim;Abidin;;1984-07-21;+491786875057;;;Reutlingen;nein;Eu9oaQy3IEY5Dv6YzMF1;Blessing
G1657;2;Montalbano;Antonino;;1977-04-22;;1379558;;Reutlingen;nein;EuBl3nTPhuKR1SjdfjvJ;Blessing
G1657;2;Montalbano;Antonino;;1977-04-22;+491779290672;;montalbano.toni@gmx.de;;nein;bA3mXCISFMS9t2rXlJuU;Blessing
G1658;2;Dilar;Hatice;;1952-07-15;+4915144005761;;;Reutlingen;nein;Euf4i2OeayEzzbSPzD7d;Blessing
G1658;2;Dilar;Hatice;;1952-07-15;+491736888562;;sunadilar@web.de;;nein;kN0b6VdW72qrJqhcUC5t;Blessing
G1659;2;Schmauder;Kurt;;1939-07-30;;+4971234891;;Metzingen;nein;EwGJd58fb6Qx3QXLtjhy;Blessing
G1659;2;schmauder;kurt;;;;+4971234891;;;nein;Vk4iav9MzqHc28b51lPV;Blessing
G1660;2;Schmauder;Wolfgang;;1960-03-07;;+4971297380;;Engstingen;nein;EwORBYGrDXX0j131W90S;Blessing
G1660;2;Schmauser;Wolfgang;;1960-03-07;;+4971297380;;;nein;IbOKja3WX6nKtjbFU7M9;Blessing
G1661;2;Reiff;Heiko;;;+491711900906;;;;ja;ExLyKfTJDIzhdh9Uji7i;Blessing
G1661;2;Reiff;Heiko;;;+491711900906;;;;nein;bAW327y42V6MstcMbFyz;Blessing
G1662;2;Merkel;Valeri;;1971-04-25;;+4973816254;;Münsingen;nein;EzS9cF1VDwCwKHBBgAlE;Blessing
G1662;2;merkel;valerie;;1971-04-25;;;;;nein;OZ5Bae4iA1lcrO8YsdqY;Blessing
G1663;2;mesteca;iliana;;1986-10-22;;;;;nein;F0yraUcQggx5CT8NC8vu;Blessing
G1663;2;Mesterca;Liana;;1986-10-22;;+4971216965238;;Reutlingen;nein;id49piXVr3WhnoYFwdlX;Blessing
G1664;2;Stross;Doris;;1952-03-07;;+497121621283;strossrt@web.de;;nein;F1efwl8dV7giV5h1naKy;Blessing
G1664;2;Stross;Doris;;1952-03-07;;621283;strossrt@aol.com;Reutlingen;nein;s8UzIMNbtMxwhTFIVNYT;Blessing
G1665;2;Löber;Luna;;2014-03-11;+4917653653428;;c.e.loeber@web.de;;nein;XSJpua86iyFl2zj5gAlO;Blessing
G1665;2;Löber;Luna Carol;;2014-03-11;;;;Reutlingen;nein;F1x7piuY8IqIKvBHHOUO;Blessing
G1666;2;Kurtz;Ronny;;1991-11-19;;+4971231891562;;Reutlingen;nein;sNOKI2u2MLXdO3G8zjiB;Blessing
G1666;2;Kurtz;Ronny Erich;;1991-11-19;;;;Reutlingen;nein;F38hTYc2Gwy0ksX8P8f4;Blessing
G1667;2;Eber;Eric Andreas;;1964-08-22;+4915173047998;;eric-eber@gmx.de;Reutlingen;nein;F3Yom4FYZH7qoFySInv5;Blessing
G1667;2;Eber;Eric Andreas;;-169171200000;+4915173047998;;;Reutlingen;ja;GLQW0TuhSdhY9eNJbhTT;Blessing
G1668;2;Pfrang;Gerlinde;;1944-01-20;;+497128694;khpfrang@t-online.de;;nein;F5BzL7pRZ3RAQ4uyZJhN;Blessing
G1668;2;Pfrang;Gerlinde;;-818899200000;;+497128694;;Sonnenbühl;nein;XGXhdvySavhmoLTYKYhH;Blessing
G1669;2;Kleinser;Sina;;2000-04-10;+4915736270792;;sina-104@web.de;Bad Ditzenbach;nein;F5f1UgtEbT6ayeZwm90R;Blessing
G1669;2;Kleinser;Sina;;2000-04-10;;;;Pfullingen;nein;wd2JezYZhVQbWiN7gxbo;Blessing
G1670;2;Schaier-degenhart;Helga;;1957-01-25;;346434;;;nein;F6xjLIVBtWQmTymVrxb2;Blessing
G1670;2;Schwaiger-Degenhardt;Helga;;1957-01-25;;3464345;;Reutlingen;nein;tMpwtOTRVowCPAPbMS4B;Blessing
G1671;2;Lucic;Nikola;;1970-12-25;+4915750261280;;nikola.lucic@web.de;;nein;F7ug90fkQbxV0psqpxHp;Blessing
G1671;2;Lucic;Nikola;;1970-12-25;+4915755442299;;;Reutlingen;nein;TOSKuyhwgdin1OVBAkpf;Blessing
G1672;2;Gaertig;Jacqueline;;1982-10-23;+4917656967242;;samga@freenet.de;;nein;F849tBRYRHlq1ERcwCZR;Blessing
G1672;2;Gaertig;Jacqueline;;1982-10-23;+4917656967242;;;Dornstetten;nein;bXRG2WwkVtgrFYMQfr8D;Blessing
G1673;2;Karampela;Despina;;;+49 1578 7847883;;despina_1999_@hotmail.de;;ja;F85uLrSsdjiN3ZS4Wb4Z;Blessing
G1673;2;Karampela;Despina;;1999-04-05;+4915787847883;;despina_1999_@hotmail.de;;ja;J38K2e6vaNhxrzisfwXL;Blessing
G1674;2;Flad;Celina Caroline;;2004-08-12;+4915750109324;;tanja.flad@gmx.de;;nein;F8EKAC8yzevfhtvjqdyG;Blessing
G1674;2;Flad;Celina Caroline;;2004-08-12;;623108;;Reutlingen;nein;sWr22ogu2v60eWcBsnbq;Blessing
G1675;2;Thomas;Bärbel;;43113600000;+491727207245;+4915253204178;;Eningen;ja;F8JKVOsMCf0BkoEf3xiX;Blessing
G1675;2;Thomas;Bärbel;;1971-05-15;+4915253204178;;baerbel_thomas@gmx.de;;nein;RLBiYkcZ4eJ0B53cpK2V;Blessing
G1676;2;Schweitzer;Ervin;;1937-06-13;;+4971239768380;;;nein;F8jpAURfVVMChCRiwX7t;Blessing
G1676;2;Schweitzer;Erwin;;-1027296000000;;97685;;Bempflingen;nein;Lpl1YjTKwcqdik4D8HDd;Blessing
G1677;2;Hauer;Jasmin;;1996-06-01;+4915739125723;;jasmin.hauer@web.de;;nein;F93GE8HhmZIQbY8CUm47;Blessing
G1677;2;Hauer;Jasmin;;1996-06-01;+4915739125723;;;Fischbach;nein;LvvIy9nUbUSFiRSD2Crx;Blessing
G1678;2;Lippke;Erika;;;+491727080316;;arwed.l@t-online.de;;ja;F9p2tNtvYooh1nOlm3k4;Blessing
G1678;2;Lippke;Erika;;-930441600000;;+49712733806;arwed.l@t-online.de;Altenriet;nein;Y9P4HjrEjXndaC086bSW;Blessing
G1679;2;politano;cosimo;;;+491627637049;;;;nein;FAU5pIrFllowU65XVsY0;Blessing
G1679;2;Politano;Cosimo;;1958-09-01;+491627637049;;;Reutlingen;nein;mjVZs91UtibJ8lhVKKin;Blessing
G1680;2;Besiri;Adrian;;2005-09-21;;+497123162302;;Metzingen;nein;FCVYZL2TgwbtcSIUcCIF;Blessing
G1680;2;Besiri;Adrian;;2005-09-21;;;;;nein;pp569xc8VdJ5WMkNVsMg;Blessing
G1681;2;Yildirim;Tayip;;1116633600000;+4917680825332;;;Reutlingen;ja;FDzUIMDoTRHaAAqf33kt;Blessing
G1681;2;yildirim;tayip;;1116633600000;+4917623289619;;tayip1975@outlook.de;;nein;maYCAS4aAFEtKCRY9D8p;Blessing
G1682;2;Meier;Ursula;;1946-12-02;+4915233585899;+4971234703;meiercu@aol.com;Metzingen;nein;FEpRVT1FW7z5Jzxf8f8h;Blessing
G1682;2;Meier;Ursula Helga;;1946-12-02;+4915226682724;;meiercu@aol.com;Metzingen;nein;sTwGEDp7XLqPljYipOgC;Blessing
G1683;2;Di Dio;Julian;;2014-11-13;;1373453;;Reutlingen;nein;FFLZUfm9vP0AOJDPFuAE;Blessing
G1683;2;Di Dio;Julian;;2014-11-13;+491721871943;;marinadidio@hotmail.de;Reutlingen;nein;HXaFoDXTGKc5ErdBycHF;Blessing
G1684;2;Kovacecvic;mirella;;2003-07-27;;+497123935282;;;nein;FFd8DeIFFfyWCH3lNqm1;Blessing
G1684;2;Kovacevic;Mirela;;2003-07-27;+4915778853840;;;Metzingen;nein;eChc9yxnGuqKGN6iGOe9;Blessing
G1685;2;Fchradt;Silvia;;;+4971223143;;;;nein;FFtWqOuU8dXPfmf2YsZb;Blessing
G1685;2;Schrade;Silvia;;-364176000000;;+4971223143;silvia_schrade@web.de;St. Johann;nein;xEeQiipQ7WFIT3sl8OVx;Blessing
G1686;2;Mez-Durner;Ute;;;+49 176 11951522;;udu001@gmx.de;;ja;FGVfPt11MwAqUZAjBUzI;Blessing
G1686;2;Mez-Durner;Ute Maria;;1969-05-28;+4917611951522;;udu001@gmx.de;Reutlingen;nein;ejodL3iDDGFln2byGkms;Blessing
G1687;2;Jakob;Siad;;1989-10-29;+491752333704;;;Pfullingen;nein;FHj72qXbg4uqf6NFLf1C;Blessing
G1687;2;Jakob;Siad;;1989-10-29;+4915219248563;;lisa-jakob89@gmx.net;Reutlingen;nein;WlvjUYdYzUBiD6C0D14E;Blessing
G1688;2;Sobotta;Lara;;2009-02-19;+4917620277322;;em@emeline.me;;nein;U00ZTdrriqb6PxZMT3t0;Blessing
G1688;2;Sobotta;Lara Eliza;;2009-02-19;;+4971253099166;;Bad Urach;nein;FHrtdxZ0iX04sNKAJzvL;Blessing
G1689;2;Fanartzis;Lena;;2003-03-27;+491755128758;;lena.fanartzis@hotmail.com;;nein;FIDo9vhPBshBgUIbTt1y;Blessing
G1689;2;Fanartzis;Lena;;2003-03-27;;+49712830133;;Sonnenbühl;nein;yRXrR6yIsRIKQtzYFeps;Blessing
G1690;2;TRACH;Veronica;;1989-02-14;+491604233128;;guzeevleonid89@gmail.com;;nein;FJfaDwuV3xBXPwvv936p;Blessing
G1690;2;Trach;Veronika;;1989-02-14;+491604233128;;;Meßstetten;nein;c3aqshA0ijZJ946kyzsU;Blessing
G1691;2;Rösch;Adrian;;2002-04-12;;;;;nein;FJq9NNdXj9SBqqSIut9L;Blessing
G1691;2;Rösch;Adrian;;2002-04-12;;1260755;;Eningen;nein;JuiXE8BBs076rjwNrRpG;Blessing
G1692;2;Goebel;Nico;;2000-08-01;;;;Reutlingen;nein;iBt8c9PavZtpPeynMr1b;Blessing
G1692;2;Göbel;Nico;;2000-08-01;+491749710204;;nico-goebel@gmx.de;;nein;FLYnV4qQsjY85DfFKkeM;Blessing
G1693;2;Krawitsch;Karl-Heinz;;1955-05-24;+4915233620363;;krawitsch@t-online.de;;nein;FMKfvfg3yPA36OmcJbKN;Blessing
G1693;2;Krawitsch;Karl-Heinz;;1955-05-24;;+4971219401191;;Reutlingen;nein;VKz3aTlPtmo0FqzZphqT;Blessing
G1694;2;Sary;Moustafa;;1968-05-13;+491741853289;;m.sary1@gmx.de;Reutlingen;nein;FMREBVDv1uYGqQJk3OMj;Blessing
G1694;2;Sary;Mustafa;;1968-05-13;+491741853289;;m.sary1@gmx.de;Reutlingen;nein;hdOXAGjeYwwuCuHFpLQ9;Blessing
G1695;2;Hartmann;Robert;;1963-01-10;+4917617719009;;robhart@gmx.de;;nein;FMh2okos1FrHkiGnIt7f;Blessing
G1695;2;Hartmann;Robert;;1963-01-10;+4917617719009;;robhart@gmx.de;Riederich;nein;OnHx363EEcKxpYgAgGyW;Blessing
G1696;2;Schneider;Martin;;-73526400000;;+497123944138;martin.schneider@knecht.de;;nein;FStxhTY6fOXL2NhDbtgy;Blessing
G1696;2;Schneider;Martin;;1967-09-03;;45689;;Reutlingen;nein;Gky8N2fhxByZInqS1AGl;Blessing
G1697;2;Boschnakova;Camelia;;2006-10-07;+4917641692714;;;;nein;GGAlM7vUPmQmLi0sOM4H;Blessing
G1697;2;Boshnakova;Kamelia Kostova;;1160179200000;+4917641692714;;;Metzingen;ja;FVOT7cBgug3G5gv6QoTB;Blessing
G1698;2;Frankenstein;Olaf;;1964-03-26;+4917643669156;6825844;;Jettingen;nein;FVp2tKkklGmwGnE2BEJA;Blessing
G1698;2;Frankenstein;Olaf;;1964-03-26;+4915906716476;;olaf.frankenstein@gmail.com;;nein;fRbbXZIrvDy8Fnc28WgK;Blessing
G1699;2;Gugel;Herbert;;-680227200000;;+49712332429;;Grafenberg;nein;FWBJX1bnjha3Mya36e7e;Blessing
G1699;2;gugel;herbert;;;;+49712332429;;;nein;N4U7ztsxeTARBJQRFDIm;Blessing
G1700;2;schollenberger;Lisa;;368841600000;;;;;nein;FXDB9qsf208qo1Vgzo9N;Blessing
G1700;2;Schollenberger;Lisa;;368841600000;+4916094428150;;;Reutlingen;nein;xVaP5qgrDkHOXldH8bA4;Blessing
G1701;2;Weik;Klaus;;1963-06-28;+491716768917;;klaus.weik@weik-pneumatik.de;;nein;FXPsUiznBpVu3zYKJDP2;Blessing
G1701;2;Weik;Klaus;;1963-06-28;+491716768917;210126;;Reutlingen;nein;dJwTreJO6f9xaFyti6We;Blessing
G1702;2;Wütherich;Rainer;;-881884800000;;+49712756581;rg.wuetherich@aol.com;Aichtal;nein;FXS7bjinpV3gooQOjrJS;Blessing
G1702;2;Wütherich;Rainer;;-881884800000;;+49712756581;;Aichtal;nein;q5CVpthjnpi11lSPEnPZ;Blessing
G1703;2;Wolska;Daria;;1993-09-27;+4917682170660;;daria.wolska1@gmail.com;;nein;FXbnbEn6EvgIAKw2S3nS;Blessing
G1703;2;Wolska;Daria Anna;;1993-09-27;+4917682170660;;;Tübingen;nein;LiS9DG8yahwYBFQLyQQU;Blessing
G1704;2;Prantner;Susanne;;1967-05-10;;897286;;Eningen;nein;FXqHoVXmvhDRq6MKkutX;Blessing
G1704;2;Prantner;susanne;;1967-05-10;+4915201810034;;susannep219@gmail.com;Eningen;nein;ueC6ckWkx0tM9UrgFbBI;Blessing
G1705;2;Skora;Claudia;;1992-08-03;;;;Reutlingen;nein;FYMEyCorvERqRbCAjji4;Blessing
G1705;2;Skora;Claudia;;1992-08-03;+491778022666;;c.skora.cs@gmail.com;Reutlingen;nein;e0c7h53zMJqagNPDfIzU;Blessing
G1706;2;raabe;katharina;;;+4917655539057;;;;nein;FYYcCcfZtzi2pBH6gVAL;Blessing
G1706;2;Raabe;Katharina;;1979-07-24;+4917655539057;;;Hohenstein;nein;Sgg85hy3bz6cvq8yGnvQ;Blessing
G1707;2;Schwille;Dorothe;;1956-11-11;;+497121491592;;Reutlingen;nein;brdZpYe7WHhi9ajCvbvn;Blessing
G1707;2;Schwille;Dorothee;;1956-11-11;;+49491592;;Reutlingen;nein;FYcLXGBGUhfKvKqJBW1O;Blessing
G1708;2;Fesler;Alexander;;2008-05-04;+491749132796;;alex.fesl.08@gmail.com;;nein;Fa0rbzEwZqEqn0BSVQHQ;Blessing
G1708;2;Fesler;Alexander;;2008-05-04;+4915122236227;;lexx24@gmail.com;Reutlingen;nein;HgaarrRcuUpyeiGYrWW1;Blessing
G1709;2;Ostermeier;Cordula;;1959-05-10;+491631758610;;;Reutlingen;nein;y9klobnWUaukSYe2XYUC;Blessing
G1709;2;Ostermeier;Kordula;;1959-05-10;+491783300089;;cordula.ostermeier@gmx.de;Reutlingen;nein;Fb5dGCQpCT9XkM0BoYdE;Blessing
G1710;2;Götz;Ramona;;1982-03-28;+491714343499;;mona082@web.de;Metzingen;nein;FcpvjV1cFYUHOBXlNGkv;Blessing
G1710;2;götz;Ramona;;1982-03-28;+491714343499;;;;nein;TA1rQ1XHcg0gKw7HZR73;Blessing
G1711;2;Schopp;Kerstin;;;+4917629328593;;schopp.kerstin@gmail.com;;ja;FdPlvF2oBApEcptxtu54;Blessing
G1711;2;Schopp;Kerstin-Heike;;1985-11-19;+4917629328593;;schopp.kerstin@gmail.com;Tübingen;nein;PmLz3dwwS2XUM7s2i6yw;Blessing
G1712;2;Fritze;Janik;;1996-02-16;+491624910794;;;Reutlingen;nein;FdfU2TUEsZfbsaZvJcs7;Blessing
G1712;2;Fritze;Janik;;1996-02-16;+491629127662;;janik.fritze@gmx.de;;nein;brnIqRumYs2zBDiAzVqU;Blessing
G1713;2;müller;gerhard;;;;+49712332877;;;nein;FdglRheQXl4Kh0yehfen;Blessing
G1713;2;Müller;Gerhard;;1939-03-29;;+49712332877;;Bempflingen;nein;c1PrjL1WWnazknLcLyZu;Blessing
G1714;2;Stotz;Hermine;;-878774400000;;2055732;;Reutlingen;nein;FdrAHDc1GTwqqPxpX3tW;Blessing
G1714;2;Stotz;Hermine;;1942-02-26;;2045732;;Reutlingen;nein;LINoxRayjmzbVrGOKj0y;Blessing
G1715;2;Valencia;Paola;;1980-05-10;+491706025842;330361;;Reutlingen;nein;Fe5wdR3DGWRyl7AEE5jQ;Blessing
G1715;2;Valenzia;Paula;;1980-05-10;;;;;nein;LfiyuhUilDIsmx9jYizz;Blessing
G1716;2;Wilhelms;Holger;;1974-07-03;+491627439996;;;Neckartailfingen;nein;v6gHwoPs3QljXewKOHg1;Blessing
G1716;2;Willhelms;Holga;;1974-07-03;+491627439996;;;;nein;Ff7pmyEsMvr9IFnXCwiw;Blessing
G1717;2;Mehrbrodt;Melitha;;;+49 1575 8754209;;meli.mehrbrodt@t-online.de;;ja;FfElWwZotTFsQeZFt1qx;Blessing
G1717;2;Mehrbrodt;Melitha;;1969-08-06;;+497121210462;meli.mehrbrodt@t-online.de;Reutlingen;nein;WJ9aCb0YMbfyLbkWwC5B;Blessing
G1718;2;Stock;Annika;;2005-03-02;+4915906143918;;annstock946@gmail.com;64395 Brensbach;nein;M1WNshqlED1Ym3Pp0sDU;Blessing
G1718;2;Stock;Annika Silvia;;2005-03-02;+4915906143918;;;Stuttgart;nein;FfYFlB7jM4Ri8i2NhCxy;Blessing
G1719;2;Baumann;Enis;;1998-01-15;;;;;nein;FfbWW9tAkZMGlOS0M1YB;Blessing
G1719;2;Baumann;Enis David;;1998-01-15;;+491591472522;;Bad Urach;nein;wsKJjF05sKp1OSscHeXy;Blessing
G1720;2;Ural;Mustafa;;1965-05-10;+491727715246;6753178;aysel_ural1987@yahoo.de;Reutlingen;nein;Fg4rLU4ysDe94B5f7RXd;Blessing
G1720;2;Ural;Mustafa;;1965-05-10;+491727715246;;aysel_ural1987@yahoo.de;Reutlingen;nein;NmbaR6e4HvNgRltHzfxL;Blessing
G1721;2;Struck;Ruwen;;1976-12-10;;+497121240545;ruwen.struck@gmx.de;;nein;FguLnR7XAnkGpxMuia2O;Blessing
G1721;2;Struck;Ruwen;;1976-12-10;+491637878257;+49356062;;Reutlingen;nein;teAdWF2JYKZdy5L105JA;Blessing
G1722;2;Krause-Hafafsa;Sandra;;247017600000;+491624893512;988398;rahma.kh@gmx.de;Reutlingen;ja;FiEihAFWH0xIS0aj2sSl;Blessing
G1722;2;Krause-Hafafsa;Sandra;;;;;rahma.kh@gmx.de;;ja;rLWSicYcBjpDz3uHvi2V;Blessing
G1723;2;Sieger;Frida;;1950-07-01;;+4970721278626;;Reutlingen;nein;JfHqDj6etZ4d9I9xdXPU;Blessing
G1723;2;sieger;Frieda;;;;+4970721278626;;;nein;FjZ3wijA9qnN8aYH59xM;Blessing
G1724;2;Heldmaier;Steffen;;1988-05-25;+4917657747161;;steffen.heldmaier@gmx.de;Metzingen;nein;FkZ5dExyhG50Hi3y0TzT;Blessing
G1724;2;Heldmaier;Steffen;;1988-05-25;+4917657747161;;;Metzingen;nein;Lz2K6pYIlDBlckfrWjjg;Blessing
G1725;2;Uhland;Wolfgang;;1963-02-22;;+4971242196;wolfgang.uhland@freenet.de;Trochtelfingen;nein;FmkvfJg3TDGnCioAYfFd;Blessing
G1725;2;Uhland;Wolfgang;;;+49 1512 1236783;;wolfgang.uhland@freenet.de;;ja;h4M96iFs9sDB3AAzhdHD;Blessing
G1726;2;Dick;tIMON;;2012-12-05;;+4971239684404;;;nein;rU8KpVwxwJCJ1hFyJ9v0;Blessing
G1726;2;Dick;Timon Jonas;;1354665600000;;+4971239684404;;Bempflingen;nein;FnvKHFbWDW9o1SZmrxB9;Blessing
G1727;2;Maier;Frieder;;1954-06-13;;+49712333860;frieder.m@web.de;Riederich;nein;FoXT27OqPS2RdOL4Z8lJ;Blessing
G1727;2;Maier;Frieder;;1954-06-13;;+49712333860;;Riederich;nein;T488S29fWsJxlySAjL2P;Blessing
G1728;2;Heck;Ulrich;;1965-02-07;+491726481247;230837;;Reutlingen;nein;FocfZAQhJ1Mwzs1A8Pc8;Blessing
G1728;2;Heck;Ulrich;;1965-02-07;+491726481247;;uli_uli@freenet.de;Reutlingen;nein;mR2walg37lw3fgnifoLL;Blessing
G1729;2;Lebherz;Magdalena;;1957-10-19;;+4971292148;;Lichtenstein;nein;VElm2NqMnYlgpYb5o3KI;Blessing
G1729;2;Lebherz;Magdalene;;1957-10-19;;;;Reutlingen;nein;FpwIOYVts1dn3tMSsQry;Blessing
G1730;2;Wilde;Carlotta;;1995-07-12;+4915151944795;+49493389;czwilde@gmail.com;Reutlingen;nein;Fpyqp2H6vDr2vbIIyJUq;Blessing
G1730;2;Wilde;Carlotta Zoe;;1995-07-12;;;;Reutlingen;nein;uoZ5ef1zrlnBRs4CEvia;Blessing
G1731;2;Liang;Yue-Yan;;-454032000000;+4915259648896;;liang@gmx.net;;ja;FqhMnxuO2q0GxaUGtiAo;Blessing
G1731;2;Liang;Yue-Yan;;1955-08-13;+4915259648896;;;Reutlingen;nein;Ww8BzD5YoRmsVqD3swYz;Blessing
G1732;2;Herter;Gordon;;1993-08-02;+4915117511626;;gordon.herter@t-online.de;Reutlingen;nein;FrR6hHlr6M2DZJLYUNzw;Blessing
G1732;2;Herter;Gordon;;;+49 01511 7511626;;gordon.herter@t-online.de;;ja;R8TpwxtJ9xpzeYZNIRUm;Blessing
G1733;2;Munninger;Timm;;;+4915203685604;;Munninger@kabelbw.de;;ja;Freki1FjwECdTiDFaqf3;Blessing
G1733;2;Munninger;Timm;;123206400000;+4915207511663;+4974733790399;munninger@kabelbw.de;Mössingen;nein;r3sV7vBOFpPxnuTp2iJl;Blessing
G1734;2;Sahin;Oguzhan;;1986-10-06;+4917622170238;;sahin-tokat@web.de;;nein;Frr0gSZ4Op77kgAUpnpn;Blessing
G1734;2;Sahin;Oguzhan;;1986-10-06;+4917622170238;;sahin-tokat@web.de;Reutlingen;nein;USFGpXrmnbCsdPRICR2E;Blessing
G1735;2;Walker;Bernd;;-15292800000;;;;;nein;FsJ8EA0jssvWytY0y0p5;Blessing
G1735;2;Walker;Bernd;;1969-07-08;+491773408349;;bernd.walker@gmx.de;Reutlingen;nein;Za7iPltKq8Bs2RB3ily1;Blessing
G1736;2;Keller;Sandro;;1288310400000;;677689;;Reutlingen;nein;FsQWNq1ElyoLR4PSQzKC;Blessing
G1736;2;Keller;Sandro;;2010-10-29;;+497121677689;keller-tanja@gmx.net;Reutlingen;nein;ex603CxXtOzvMVcQBIxl;Blessing
G1737;2;Gaertig;Samuel;;1980-11-03;+4917690773370;;;;nein;FsaS3YD3EYqMMCkttkvP;Blessing
G1737;2;Gaertig;Samuel;;1980-11-03;+4917690773370;;;Dornstetten;nein;je0xE49xRquuMfnu8zwd;Blessing
G1738;2;El Sleiman El Slaibi;Sabrin Jamil;;1995-04-28;+491786324788;;;Reutlingen;nein;QdfAvryfCY4vACWh9ml4;Blessing
G1738;2;El-Sleiman El Slaibi;Sabrina;;1995-04-28;+491627281117;;;Reutlingen;nein;FsabwonubMFWlc38q8bz;Blessing
G1739;2;Kirsch;Brigitte;;-778809600000;;;;;nein;Ft72X3nvz6IS2afVNI3n;Blessing
G1739;2;Kirsch;Brigitte;;-778809600000;;239979;;Reutlingen;nein;uAkmdZrDguSKT0YPpixX;Blessing
G1740;2;Dilber;Masut;;1990-05-21;+4915204972716;;;Bodelshausen;nein;fmyRjhGbdbW494aID7aZ;Blessing
G1740;2;Dilber;Mesut;;1990-05-21;+4915204972716;;;Bodelshausen;nein;Ftzh9bC0togmdLobbxxm;Blessing
G1741;2;Mayer;Heidi;;1985-02-19;+4915168409117;+49490406;;Großettlingen;nein;Fu5seHxnglBNoHIjDIuy;Blessing
G1741;2;Mayer;Heidi;;1985-02-19;+4915773555752;;heidi.neumann85@gmx.de;;nein;l29uB0ASdjeAANkGvlEW;Blessing
G1742;2;Berisha;Avelino;;2015-02-03;+491793283991;;sejlanberisha@hotmail.de;;nein;Fv4MXneqq7Hgc1NmdO1d;Blessing
G1742;2;Berisha;Avelino;;2015-02-03;+4917620088814;+491793283991;;Eningen;nein;Q6x5q93k1wnhWQg3yB8G;Blessing
G1743;2;Schmid;Ilona;;;+4907123720538;;voxiundilona@googlemail.com;;ja;FvcnubwQ2wpTkGs6G593;Blessing
G1743;2;Schmid;Ilona;;1977-02-19;;+497123720538;voxiundilona@googlemail.com;Metzingen;nein;tgVKQlvdfZr2CVIk6qY2;Blessing
G1744;2;Albat-Glässing;Tanja;;1971-07-28;+4915736222204;;t.albat-glaessing@gmx.de;Altdorf;nein;FwTpyzS10LnPRpq8dT3u;Blessing
G1744;2;Glässing;Tanja;;;+4915736222204;;;;nein;HuNKEpn7SsgHdITBCRVm;Blessing
G1745;2;Müller;Gerhard;;1949-07-21;+4916098978855;;g.mueller@alphafluid.de;Langenargen;nein;FwtIGJ4LllVAa5BqJoWw;Blessing
G1745;2;Müller;Gerhard Ludwig;;1949-07-21;+4916098978855;;;Langenargen;nein;RU95cnE3mPFVcPPOIxpR;Blessing
G1746;2;seidler;klaus;;1960-05-03;;;;;nein;oypt8zUxwI05W439JKxy;Blessing
G1746;2;Seidler;Klaus Renè;;-304992000000;+4915772025083;;;Dettingen an der Erms;ja;FypCreZmjS3y1hslhT0u;Blessing
G1747;2;Cori;Emely;;2002-03-31;+4915203755802;;coriemily31@gmail.com;;nein;Fyx1CzRXu7Me6bzDsp49;Blessing
G1747;2;Cori;Emily;;2002-03-31;+491771466422;;;Reutlingen;nein;rGtSfaVSbGGHWYfNVIlB;Blessing
G1748;2;tyrel;ersin;;1991-02-23;+491796983558;;;;nein;G0dCMJ6UUZUgQtPz9dap;Blessing
G1748;2;Türel;Ersin;;1991-02-23;+491796983558;;ersin.tuerel@web.de;Reutlingen;nein;x4O21c2r9YQxYu2Dq0c7;Blessing
G1749;2;Bayer;nico;;1986-09-07;+4915772034545;;;;nein;ZTwBbP4bC9Te8P5cucFf;Blessing
G1749;2;Bayer;Niko;;1986-09-07;+4915772034545;;;Reutlingen;nein;G0gTz96IJJhuhVdxrArj;Blessing
G1750;2;Ulrich;Nikolai;;1948-10-10;;+497127890699;;Reutlingen;nein;dKtdsRWmQ6RtEBoM5CQm;Blessing
G1750;2;Ulrich;Nikolau;;1948-10-10;;+497123910325;;;nein;G1rFvJJ4Y1EkbRaa7M2K;Blessing
G1751;2;Wolf;Sascha;;1985-05-29;+4917622774569;;;Dettenhausen;nein;G1t1YG60JHrBXXAglJ8w;Blessing
G1751;2;Wolf;Sascha;;1985-05-29;+4917682030473;;sascha@wolf-mail.info;Dettenhausen;nein;ekphmJx35pkyVw8lpWcs;Blessing
G1752;2;Walz;Lakischa;;2008-06-26;+491787129720;;;;nein;mGnYAIlzYAC3YnY0rmkK;Blessing
G1752;2;Walz;Lakisha;;2008-06-26;;+4971279299162;;Neckartailfingen;nein;G1xelmFTmkrCrCuKyeqn;Blessing
G1753;2;Müller;Lotte;;1936-11-21;;670477;;Reutlingen;nein;G22bNOp8uxZvDQKC4y1a;Blessing
G1753;2;Müller;Lotte;;1936-11-21;;+497121670477;s.puechner@gmx.de;;nein;OfMiYYF6LlxgKCAH27JE;Blessing
G1754;2;Wolff;Andrea;;-284256000000;+491727416262;;awolff60@googlemail.com;;ja;G3g8zlYEcsWx9Aal9qRh;Blessing
G1754;2;Wolff;Andrea;;1960-12-29;;+4971279482565;;Pliezhausen;nein;OmZpjfxqn1zjFRoZ6QE6;Blessing
G1755;2;Kirn-Bandlin;annelise;;1936-09-26;;+497121230847;;;nein;G4j1C8jfyFHrgNDPVOpr;Blessing
G1755;2;Kirn-Bantlin;Anneliese;;1936-09-26;;72829230847;b.kirin@email.de;Reutlingen;nein;qjOJkvamwirB1TFZ7ukI;Blessing
G1756;2;Kapitel;Eris;;1964-09-02;;+49712341989;;;nein;vsglH4KBLUEbmAmpR7OV;Blessing
G1756;2;Kapitel;Iris;;1964-09-02;;+49712341989;4kapitel@gmx.de;Metzingen;nein;G6cWdtSWmliFMqJm2Xvw;Blessing
G1757;2;Lietzmann;Jens;;1977-03-06;+4915208439880;;jlietzmann@web.de;Wannweil;nein;G82QvkZTdso0G6GvGLIn;Blessing
G1757;2;Lietzmann;Jens;;1977-03-06;+4915208439880;+497123958850;jlietzmann@web.de;Bempflingen;nein;X3IQXJugNVJ0Oe1OKoZ8;Blessing
G1758;2;Eben;Damaris;;1998-03-01;+4915788307140;;damaris.eben@gmail.com;Reutlingen;nein;G8C1bst1QtE3FX4LkKWU;Blessing
G1758;2;Eben;Damaris;;1998-03-01;+4915788307140;;damaris.eben@gmail.com;;nein;x3RgNqTW4aQoINqA1Zv7;Blessing
G1759;2;Fallert;Klaus;;1958-05-18;+491716751590;+49489536;;Lichtenstein;nein;G8f7pQGynwj1tGEzvVBA;Blessing
G1759;2;Fallert;Klaus;;1958-05-18;;+497121489536;klaus.fallert@rwt-gruppe.de;;nein;KcLWsZ5MF1f6mn41mrgu;Blessing
G1760;2;Koch;Sabine;;1961-06-24;;+4971279310510;;Pliezhausen;nein;GBnnR5KIqAz58AFUl5I4;Blessing
G1760;2;Koch,;Sabine;;1961-06-24;;;;;nein;nJ21Lu3brtPFM5y8kYa6;Blessing
G1761;2;Jantowsky;Antonie;;1944-02-13;;;;Reutlingen;nein;GC2BQlOeIoYrGZDLOOri;Blessing
G1761;2;Jantowsky;Antonie;;1944-02-13;;+49712145833;l_jantowsky@web.de;;nein;Ux8u8vXcfwy6Q0eOruPk;Blessing
G1762;2;Fundinger;Peter;;1955-09-18;+491779275176;;pfundinger@aol.com;;ja;GCc1Lv94fB1svUICvRJa;Blessing
G1762;2;fundinger;Peter;;;+4901779275176;;;;nein;JPdTA5s31uWNcUjQh7nj;Blessing
G1763;2;Suljevic;Samir;;2005-07-29;+491782383735;;suljevicsamir@gmail.com;Reutlingen;nein;GCvPJPiNEvVOAZ6gkUKp;Blessing
G1763;2;Suljevic;Samir;;2005-07-29;+491771874071;;suljevicsamir49@gmail.com;;nein;cStzU7fIMJEHBG540ALZ;Blessing
G1764;2;Zintgraf;Tanja;;1971-06-09;;+4975744501;;Gammertingen;nein;GFobcWTT4ltIn2cg6Vvp;Blessing
G1764;2;Zintgraf;Tanja;;45273600000;+4917622240609;;zintgraf@mail.de;;ja;TH7aYWeZjmp5uS1i7Yej;Blessing
G1765;2;Steffan;Reiner;;-140140800000;+491604983638;+497121470653;rsteffan45@gmail.com;Reutlingen;ja;GGn6k23HKuezdnlI5hye;Blessing
G1765;2;Steffan;Reiner;;1965-07-24;+491604983638;;rsteffan45@gmail.com;;nein;GQNt6TFW70pQcIp6JY8x;Blessing
G1766;2;Faulhaber;Gertrud;;-356054400000;;+497121578278;franzfaulhaber@arcor.de;Reutlingen;nein;GHmAz4p8w7RUH6GtHORP;Blessing
G1766;2;Faulhaber;Getrud;;1958-09-20;;578278;;Reutlingen;nein;L942A8b0yozyQ3Hw66RT;Blessing
G1767;2;Lauinger;Jamine;;1992-06-10;;+4971216969186;;Reutlingen;nein;GI9cHGRs2eTvpZqCsorO;Blessing
G1767;2;Lauinger;Jamine;;1992-06-10;+491727514165;;jamine.lauinger@gmx.de;Reutlingen;nein;ffFVckkEGGjTxBwMHqgZ;Blessing
G1768;2;Kessler;Wilhelm;;1963-12-12;;+497112149308;;Reutlingen;nein;GIKkYVk73e6GnraCSYh9;Blessing
G1768;2;Keßler;Wilhelm;;1963-12-12;+491754134843;;haefner-kessler@t-online.de;;nein;RFlrh6JhSxqxZeHC80de;Blessing
G1769;2;Lutz;Jürgen;;;+49 0176 45741879;;kispel1999-auskunft@yahoo.de;;ja;GJy3qdmOIK6cs3pZOz4j;Blessing
G1769;2;Lutz;Jürgen;;1959-02-01;+4917645741879;;kispel1999-auskunft@yahoo.de;Reutlingen;nein;lPRjqFfhII36qGr4zXVr;Blessing
G1770;2;Hornung;Margarete;;1932-05-22;;+4970735318;danner10@web.de;;nein;GK9sHxvLJTEftuDnoK8V;Blessing
G1770;2;Hornung;Margarete;;1932-05-22;;;;Wannweil;nein;MKN5SqzBUzQ7npb4QhpB;Blessing
G1771;2;Brumm;Silvia;;1964-06-12;+491729797024;;silvia.brumm237@googlemail.com;;nein;GLVH5OekWg7kuTJpT2yG;Blessing
G1771;2;Brumm;Silvia;;1964-06-12;;+497127955243;;Walddorfhäslach;nein;On6Uuzlm3dmjT64uTAJF;Blessing
G1772;2;Schmetzer;Heike;;1969-05-16;+4915782233816;;heike.schmetzer@gmx.de;;nein;GLjEAhEN3Xt73rfCDrj1;Blessing
G1772;2;Schmetzer;Heike;;1969-05-16;;+49712723137;;Neckartailfingen;nein;MxjlKmKwC8xx6u42y2nt;Blessing
G1773;2;Heide;Cora;;1967-03-08;+4915753022260;;;Metzingen;nein;GMcGZgCBh4Paa86smRvQ;Blessing
G1773;2;Heide;Cora;;;+4915753022260;;;;nein;OwpsLvDz2dsAZKeH0BpE;Blessing
G1774;2;Handel;Peter;;-228960000000;+491727382808;;pit@handel-family.de;;ja;GNVy6SBK17vbJSco1Xt0;Blessing
G1774;2;Handel;Peter;;1962-09-30;;+499421803;;Reutlingen;nein;Tti92qsvOc8bTQLafrah;Blessing
G1775;2;Scholz;Mario;;1983-07-23;+4917621125134;;marioscholzx@googlemail.com;Grafenberg;nein;GO0Fjz3JIFgq1QFlGX1O;Blessing
G1775;2;Scholz;Mario;;1983-07-23;+4917621125135;;;Grafenberg;nein;lWhQiktV30yPxwZjV8p1;Blessing
G1776;2;de pauli;dagmar;;1967-07-05;+491778159685;+49712131250;;;nein;GOL7jG3lh7wO8XWvwALC;Blessing
G1776;2;Pauli;Dagmar;;1967-07-05;+491778159685;+49712131250;;Pfullingen;nein;IVR76HShvHVSaoNfDYaC;Blessing
G1777;2;Bader;Oliver;;1970-09-27;+491777948053;;eichered1314@gmail.com;Altenriet;nein;GPZMvV2vxhfnqQILR15o;Blessing
G1777;2;Bader;Oliver;;1970-09-27;+491777948053;;eichered1314@gmail.com;;nein;sihHrz5XrQt75ZXs9neX;Blessing
G1778;2;Braunwarth;Gertrud;;1950-03-06;;+4970252482;;Neuffen;nein;GPfzzwuYfzL6uiXZWPN4;Blessing
G1778;2;Braunwarth;Gertrud;;1950-03-06;+4915253582060;;gertrud.braunwarth@online.de;;nein;f1qs6oXs1clEUhXy3g1L;Blessing
G1779;2;Walz;Helga;;1939-08-20;+4917652878693;+49712735108;claudia.vielhauer@gmx.de;Altdorf;nein;GSN1QKpmUliKaxeVxb1r;Blessing
G1779;2;Walz;Helga;;1939-08-20;+4917652878693;;claudia.vielhauer@gmx.de;Altdorf;nein;J4uOb7LhUgvcQmk26ugH;Blessing
G1780;2;Braunstein-Fischer;Petra;;-116121600000;;+497121311536;brownstone@kabelbw.de;;nein;GT6NE9pzAmg3W74q4kOd;Blessing
G1780;2;Braunstein-Fischer;Petra;;1966-04-28;;+497121311536;;Reutlingen;nein;xwAHaVNQ5qS46sWYdaD8;Blessing
G1781;2;Scharb;Fadima;;1960-09-01;;+4971284154871;;;nein;GTVVNbsP6oV5zBXj64JY;Blessing
G1781;2;Schaub;Fatima;;1960-09-01;;;;Sonnenbühl;nein;L6rOaGFZNGo0llhfdOEv;Blessing
G1782;2;Baur;Franziska;;1994-04-29;+4915124013236;;franziska2904@web.de;Pfullingen;nein;MWfOgCOgQvrU9IZM7Tcr;Blessing
G1782;2;Baur;Franziska Selina;;1994-04-29;+4915124013236;;;Pfullingen;nein;GUH4KM5O3cEyDYSFA3Xd;Blessing
G1783;2;Traub;Michael;;1972-10-01;+491636866972;;mtraubi@web.de;St. Johann;nein;GUdRsSHBQmvmKGbbMeiF;Blessing
G1783;2;Traub;Michael;;1972-10-01;;+497129694227;mtraub@web.de;Lichtenstein;nein;MmBuifQVfOYSBRbNXIsW;Blessing
G1784;2;Strauß;Martin;;1978-03-10;;1382883;;Reutlingen;nein;GitBhs7yeGUUmG1XvhnQ;Blessing
G1784;2;Strauß;Martin Levi;;1978-03-10;;+4971211382883;mfls@gmx.de;;nein;GVLTX1vUUoM2pl2kB433;Blessing
G1785;2;Kühnast;Kerstin;;212889600000;;+4970715667231;kerstiin@gmx.net;;nein;GVad02k4KSI24mm0okZF;Blessing
G1785;2;Kühnast;Kerstin;Dr.;1976-09-30;+4916099778899;+4970715667231;;Tübingen;nein;SashJ5GwimLrkJTdsoyN;Blessing
G1786;2;Christiansen;Anne;;-150336000000;+4916090353928;+497127889633;anne@at-christiansen.de;Pliezhausen;ja;GWGJsqi7jwZRCIhASVdo;Blessing
G1786;2;christiansen;anne;;1965-03-28;+4916090353928;;anne@at-christiansen.de;Pliezhausen;nein;fxeVjvsteiDKkhRmdbHW;Blessing
G1787;2;Szabo;Vivien;;;+4915257120378;;szavien@gmail.com;;ja;X0bM7sCToAv7lgcA2uWk;Blessing
G1787;2;Szabó;Vivien;;1991-09-01;+4915257120378;;szavien@gmail.com;Eningen;nein;GWRQUc2iIuGn6C5gfqad;Blessing
G1788;2;Storz;Gerhard;;1959-09-19;;+497116632870;;Eningen;nein;GXLTJMJ0hFALmawWfJ3t;Blessing
G1788;2;Storz;Gerhard;;1959-09-19;;+49712187379;gesto@gmx.net;Eningen;nein;qzSr9zPJFfhAW73c0rvy;Blessing
G1789;2;Schlipphak;Manfred;;-629683200000;;240497;service@schlipphak.de;Reutlingen;nein;GXihDHZkmzjniYpPXkyU;Blessing
G1789;2;Schlipphak;Manfred;;;+491702003200;;service@schlipphak.de;;ja;qivJFl9npRGOmfsWV9bi;Blessing
G1790;2;Reinhardt;Tonia;;1994-02-19;+4915788309585;;;Eningen;nein;GXrtQ1N6e9HpQhEg0Mcu;Blessing
G1790;2;Reinhardt;Tonia;;;+4915788309585;;;;nein;Hh8OFXNzYmiugBqxyFNd;Blessing
G1791;2;Röske;Hans-Ulrich;;-656208000000;;+49492416;;Reutlingen;nein;GXxoQ4C3UNxZs9MOEFR2;Blessing
G1791;2;Röske;Hans-Ulrich;;-656208000000;;+497121492416;roeske49@gmail.com;;nein;o1MKt1WYKjAU8P6FCAOM;Blessing
G1792;2;Bosic;Blagoje;;1999-01-18;+4917624888885;3821633;;Reutlingen;nein;GYI3shF4TMe3o513G9rM;Blessing
G1792;2;Bosic;Blagoje;;1999-01-18;+4915228554609;;jelena76@yahoo.de;Reutlingen;nein;jOzP5YVWhRGTBGoijW2r;Blessing
G1793;2;Goncalves Mendes da Costa;Jose Anselmo;;1965-01-31;+4915234022709;;anselmog@web.de;Pfullingen;nein;GZ5aJchSWW76KyK6bsBH;Blessing
G1793;2;Goncalves Mendes Da Costa;Jose Anselmo;;1965-01-31;;337838;;Pfullingen;nein;HgUkSbIX84QLKiQefwia;Blessing
G1794;2;Schmid;Ingeborg;;1946-02-27;;370206;;Reutlingen;nein;Gb6kOkqDNoraYkpPOr2s;Blessing
G1794;2;Schmidt;Ingeburg;;1946-02-27;;370206;;;nein;JVKtdaoZZirbF045Wswy;Blessing
G1795;2;Genekomsio;Yiohannis;;-433382400000;;;;;nein;KLPRbTey13YuxwYbfr67;Blessing
G1795;2;Genikomsiou;Ioannis;;1956-04-08;+491726273758;;;Reutlingen;nein;GcGJafzmhtsITEcYB9C9;Blessing
G1796;2;Wälder;Kathrin;;1983-11-26;;+4971299388716;;;nein;zZpMm5Usi2u6L4FspRGb;Blessing
G1796;2;Wälder;Katrin;;1983-11-26;;+4971299388716;;Lichtenstein;nein;Gdz4IcMHaTy25eFTUhBP;Blessing
G1797;2;kahnert;martina;;1964-01-03;;+4971215310915;ma.kahnert@web.de;;nein;Ge8zUZknPvftvOldYmLc;Blessing
G1797;2;Kahnert;Martina;;1964-01-03;;5310915;;Reutlingen;nein;pBE0AMu3kA0uZMlGU88D;Blessing
G1798;2;Wachter;Christiane;;-182563200000;897861;;;Pfullingen;nein;GeAtx1DRB65ESbteeXNq;Blessing
G1798;2;Wachter;Christiane;;1964-03-20;+491788714324;;wachter@kbf.de;Pfullingen;nein;oSDhEtMUjPv9l7FGzV58;Blessing
G1799;2;Walz;Gunter;;1960-01-22;+491624632318;;gunter.walz@gmx.de;;nein;GgMIbfO5cm6PXtchMWd8;Blessing
G1799;2;Walz;Gunter;;1960-01-22;+491624632318;+497472158131;;Reutlingen;nein;MIfHVUutd1WvLqNgrwhK;Blessing
G1800;2;Röhm;Bianca;;1985-12-23;+491622107011;;;Metzingen;nein;GhSkH6GPCTNqo7xcfi7e;Blessing
G1800;2;Röhm;Bianca;;1985-12-23;+491622107011;;roehmbianca@gmail.com;;nein;WqTbRfnMKna3OblCL79p;Blessing
G1801;2;Grosz;Gabriel;;2011-09-28;;+4971231669904;;;nein;GhTpdkkamuoP1TecRlOK;Blessing
G1801;2;Grósz;Gabriel Bendegùz;;2011-09-28;;+497123166904;;Metzingen;nein;PqDK3hpEKsRYS03vnXwy;Blessing
G1802;2;Schaich;Erika;;1932-05-03;+491719776791;21938;waltraudschweitzer@gmx.de;Metzingen;nein;GhirG5AnUaty6h8Ca1ZM;Blessing
G1802;2;Scheich;Erika;;1932-05-03;;;;;nein;cncM1GX7Mw3nPARt6QWT;Blessing
G1803;2;Banno;Iliana;;1979-03-31;;129357;;Reutlingen;nein;GiQi6YpY1nJbR4TwLXHy;Blessing
G1803;2;Banno;Iliana;;291686400000;+4917640157704;;iliana_banno@yahoo.de;;ja;lQslpWzUXtbvJCyabGGp;Blessing
G1804;2;Goenninger;Nadine;;1995-02-07;;+49712342891;;Metzingen;nein;GiS4jsUNp56tJ08M9VAN;Blessing
G1804;2;Gönninger;Nadine;;1995-02-07;+4915775386617;;nadine.goenninger@gmx.de;;ja;XGgxh00mEcIv4MgJiueQ;Blessing
G1805;2;Ali;jabreel;;2019-04-17;;;;;nein;GiXMqk3ILUbvYQXdq7GB;Blessing
G1805;2;Ali;Jabreel;;2019-04-17;+491737488279;;khuram.ali@aim.com;Holzgerlingen;nein;eWzIXAnIp9E3FmIxaET7;Blessing
G1806;2;Kazmaier;Gerda;;1935-07-05;;304943;;Reutlingen;nein;GiqreBDK3bbs1ToQtp4P;Blessing
G1806;2;Kazmaier;Gerda;;1935-07-05;+4915734517805;;kazmaier@live.de;;nein;j0DFCCntn2lXjFuaU5WQ;Blessing
G1807;2;Freienstein;Josephine;;2013-10-28;+4917630909329;;tobias.freienstein@icloud.com;Aichtal;nein;egZbO6aIg7SNkIR5USPT;Blessing
G1807;2;Freienstein;Josephine Anna;;1382918400000;+4915233988658;;;Aichtal;ja;GjArhbHJJAIRmEhrAhjE;Blessing
G1808;2;Sicora;Edda;;;;+49712314536;;;nein;Gkps05ulDtmn0F9CJ85p;Blessing
G1808;2;Sykora;Edda Sigrid;;1940-04-11;;+49712314536;;Metzingen;nein;ZwhDdsOTWq7i7SQvn145;Blessing
G1809;2;Holz;Martina;;1972-04-23;+4915755133963;;;;nein;MOzg73BskXi3LH4cMVhX;Blessing
G1809;2;Holze;Martina;;1972-04-23;+4915755133963;;;Metzingen;nein;GnnhvIfIliTf62ycyXX7;Blessing
G1810;2;Hoth;Simone;;363571200000;+491793211825;;simone@familie-hoth.de;Eningen;ja;Gq8JAvoIIweIRGvVXoxH;Blessing
G1810;2;Hoth;Simone;;363571200000;+491793211825;;simone@familie-hoth.de;Eningen;ja;OafF2pSxi9VAItppnVfF;Blessing
G1811;2;Mierzwa;Barbara;;1946-07-04;;334392;;Reutlingen;nein;Gr1EqNWimVvUOd26Gznn;Blessing
G1811;2;Mierzwa;Barbara;;1946-07-04;+4917644594498;;barbaramierzwa@web.de;;nein;HuqEKVVSxvr7QxnukEMR;Blessing
G1812;2;Al Khatib;Taghird;;1980-06-20;+491728784875;;;;nein;Grmp77KT8lMdLoHouiJh;Blessing
G1812;2;Alkhatib;Taghird;;1980-06-20;+491728784875;;;Metzingen;nein;VR8C9CTcii06CaeA371Z;Blessing
G1813;2;Pinto de Almeida;Faye;;1981-06-30;+491787062500;;;Reutlingen;nein;GrnYcESw65Fd95e8a2uL;Blessing
G1813;2;Pinto de Almeida;Faye;;1981-06-30;+491787062500;;faye.almeida@web.de;Reutlingen;nein;iukwuoE2g06uO7DwJtWq;Blessing
G1814;2;Loser;ruth;;1965-11-19;+4917625192991;;ruth@famloser.de;Römerstein;nein;GsVn16Y4XC9fDeEJNfub;Blessing
G1814;2;Loser;Ruth;;-129945600000;+4917625192991;+4973825223;ruth@famloser.de;Römerstein;ja;b96X17dy09vArITUtqYR;Blessing
G1815;2;sawazki;lilia;;1958-04-15;+4915758750298;;;;nein;rfiXn6WMA9VVVaJ2miAV;Blessing
G1815;2;Sawazki;Lilija;;1958-04-15;;+491578750298;;Münsingen;nein;GssFlMLFDOUIpZoUfBQ0;Blessing
G1816;2;Störmer;Lea;;1992-11-03;+491713258217;;lea.weisser@gmx.net;;nein;Gv3aIxoXWRIlQQSo6ohc;Blessing
G1816;2;Störmer;Lea;;1992-11-03;+491713258217;;;Reutlingen;nein;pYtrKV8B4SI9DJLSt5oc;Blessing
G1817;2;Gentile;Palma;;1972-07-28;+491639194736;;;Reutlingen;nein;GvWKh80mjxBRO7t7TGzi;Blessing
G1817;2;Gentile;Palma;;;+491639194736;;;;nein;pDNYKWYHVzElPMUVIXnI;Blessing
G1818;2;Storz;Julian;;1992-01-19;;+4971211396766;julian.storz@gmx.net;;nein;Gw0ZGczOMfRMy4gJFHqb;Blessing
G1818;2;Storz;Julian;;695779200000;+4915738969675;1396766;;Reutlingen;ja;n8jngAqtjtCxrUZHapRI;Blessing
G1819;2;Kächele;Irma;;-1022457600000;;+49712331788;;Grafenberg;nein;GxX1UFl09NsfKZ2BZzrj;Blessing
G1819;2;Kächele;Irma;;;;+49712331788;;;nein;bWaFuyDDwvjiwN1GjckE;Blessing
G1820;2;Huynh;Martin;;2002-06-30;+491776463709;+497123958530;martinhuynh73@gmail.com;Metzingen;nein;GyTXDizrxtmnqthJe24G;Blessing
G1820;2;Huynh;Martin;;2002-06-30;+4915238264610;;martinhuynh73@gmail.de;;nein;TN9i2JWFd0GZIEMkg6sz;Blessing
G1821;2;Wiersdorff;Charlotte;;2008-07-01;+491797893330;;tina.wiersdorff@t-online.de;Metzingen;nein;GzHWxsn8ATzeLlZKLzce;Blessing
G1821;2;Wiersdorff;Charlotte Luise;;2008-07-01;;+497123910184;;Metzingen;nein;ncpqR7rZP7NYHANEr4Xk;Blessing
G1822;2;Zbide;Mohamed Ezat;;1973-10-28;+491785899485;;alaazibidy1999@gmail.com;Pfullingen;nein;H0FaIOB7zWBAWmZ7LJqJ;Blessing
G1822;2;Zbide;Mohammed Ezad;;1973-10-28;+491785899485;;;;nein;IZivQVPT6zyP1oKjTwXe;Blessing
G1823;2;Aslam;Aqeel;;1999-08-12;+4915204901552;;aslamaqeel@gmx.de;;nein;H1LqLbdcD7vfbsYXAa7z;Blessing
G1823;2;Aslam;Aqeel;;1999-08-12;+4915204901552;;;Reutlingen;nein;r3kwgBOqcSEgGux1iBQi;Blessing
G1824;2;Duong;Van Chanh;;-349401600000;;;;;nein;H1pW1I8XzWtUOQeke9NC;Blessing
G1824;2;Duong;Van Chanh;;-349401600000;;381709;;Reutlingen;nein;e9P25KjtsrlfoT8iWjwz;Blessing
G1825;2;Schnitzer;Dajana;;1989-04-26;;+49712179529;;Pfullingen;nein;H2QtpWsFlRItaPemiKUU;Blessing
G1825;2;Schnitzer;Dajana;;609552000000;+4915151917041;;danny_lude@web.de;;ja;PW9xxppPrgJQ7LsakYxT;Blessing
G1826;2;Bartsch;Angelina;;1969-06-20;+4915782231402;;abartschis@gmx.de;;nein;H2fcqbxxHXvIl5cZAZw3;Blessing
G1826;2;Bartsch;Angelina;;1969-06-20;;+4971261063;abartsch@gmx.de;Burladingen;nein;ctoB0s3HyuqWRfTY7dFR;Blessing
G1827;2;Ott;Florian;;2000-01-17;;+497129930559;;;nein;H4gRalQahNMjqDVEio59;Blessing
G1827;2;Ott;Florian-Dominik;;2000-01-17;+4915738281365;;;Engstingen;nein;JLxxxO8oDLx4ZZxWQymh;Blessing
G1828;2;Rudolf;Josef;;1944-01-22;;+497388204;;Pfronstetten;nein;H51tnGKpcyupzw4WWCps;Blessing
G1828;2;Rudolf;Josef;;;;+497388204;;;nein;fajP4gADNh09bII6tPy1;Blessing
G1829;2;Radev;Dimitar;;1961-07-02;+4915163990293;;;Reutlingen;nein;H5sSfNI3uTTixeIuoQ4K;Blessing
G1829;2;radev;dimitra;;1961-07-02;+4915163990293;;;;nein;Z4XyEV8I8XzFaoJVb4IU;Blessing
G1830;2;Stiegler;Siegfried;;-834537600000;;+4971216970353;siegfriedstiegler@web.de;Reutlingen;nein;H6bDyTag1HSI2hPgbNF6;Blessing
G1830;2;Stiegler;Siegfried;;1943-07-23;;6970353;;Reutlingen;nein;KFajGvATHYoCCkBszx8l;Blessing
G1831;2;Barkleit;Tiana;;1994-06-23;+4915784038439;;tianabarkleit@web.de;;nein;H6jdKs0hwTvfFPZgItrF;Blessing
G1831;2;Barkleit;Tiana;;1994-06-23;+4915784038439;+49702248425;;Frickenhausen;nein;kw9BcqpmyLt2SFmaJhoB;Blessing
G1832;2;Götz;Joachim;;-394416000000;;+49712361881;;Metzingen;nein;H81olwCg9YFLo9HtmSZT;Blessing
G1832;2;Götz;Joachim;;1957-07-03;+491719503332;;jogi.goetz@gmx.de;;nein;w8fpMHMdB50f6wXf22FU;Blessing
G1833;2;Naumann;Isabella;;1959-10-19;+4915905338319;+4971217568598;isabella.naumann@gmx.net;Reutlingen;nein;H8vOLQLxv1FWJNdxh3pb;Blessing
G1833;2;Naumann;Isabella;;1959-10-19;+4915905338319;334353;;Reutlingen;nein;Vtls6oVexluMM2d52TBI;Blessing
G1834;2;Bunz;Stefan;;1978-10-16;+491727184910;;jessica.bunz@online.de;;nein;H9R8Zyo6YcMSoai1aUgD;Blessing
G1834;2;Bunz;Stefan;;1978-10-16;+491738260298;;;Köngen;nein;YEZ2rZPBFld4QTSvU6l6;Blessing
G1835;2;Coskun;Nabi;;1952-02-04;;+4971216966310;;Reutlingen;nein;TsE2GSwL17C1TRh4cKof;Blessing
G1835;2;Zoskum;Mabi;;1952-02-04;;+4971216966310;;;nein;H9YGrqnd0a1FwIfeS7Jd;Blessing
G1836;2;Zichler;Tatjana;;1993-06-05;+491749845369;;;Filderstadt;nein;HA46ZYPOPFafFZIFcm3F;Blessing
G1836;2;Zichler;Tatjana;;1993-06-05;+491749845369;;tati.zichler@gmx.de;Filderstadt;nein;TahGgxAOaa3WljFoGBsl;Blessing
G1837;2;Demiraj;Alesia;;1999-07-30;+4915752200484;;;Tübingen;nein;WnjcFS3Zjw9WbKP9EqdM;Blessing
G1837;2;Demiray;Allesia;;1999-07-30;+4915752200484;;;;nein;HAH7vkt11oLGyIXHOoku;Blessing
G1838;2;Kies;Holger;;-46483200000;+4915256988283;;h.kies@gmx.de;;ja;HAak4RlA0FNajCrDtTtr;Blessing
G1838;2;kies;holger;;;+49 1525 6988283;;h.kies@gmx.de;;ja;wSE8G0mp7DwlyafZQvnK;Blessing
G1839;2;Iuhaneac;Paula;;1987-11-14;+4915221743032;;kaliopeea@yahoo.com;;nein;vJyW3vyBv7zHodutJGru;Blessing
G1839;2;Iuhaneac;Paula Oana;;1987-11-14;;;;Reutlingen;nein;HAkPuaQvVUZVOqSVYpUY;Blessing
G1840;2;Trück;Ulrich;;-404352000000;+491717809435;;;Reutlingen;ja;HBwha8RNf41hxBPyqdJG;Blessing
G1840;2;Trück;Ulrich;;-404352000000;+491717809435;;;Reutlingen;nein;xgogglwTCH1hW8RQqha6;Blessing
G1841;2;Asanov;Bedri;;1984-08-07;+491736047281;;;Reutlingen;nein;HCG52Bb5LlkLSdKNIzez;Blessing
G1841;2;Asanov;Bedri;;1984-08-07;+491744290291;;bedri.asanov@icloud.com;;nein;TIjgzVrLfsjwnV7wA8Da;Blessing
G1842;2;Sautter;Betina;;1968-07-01;+4915782931408;;;;nein;HCZyHu4HcxAvfm7PUBA5;Blessing
G1842;2;Sautter;Bettina;;1968-07-01;+4915782931408;;;Reutlingen;nein;JvsqP8g9ALHlYCdHH4kt;Blessing
G1843;2;Metin;Fevzi;;1974-03-05;+4915776344155;;fevzi.metin@gmx.de;;nein;HCmYE4HDYWIAZbC7CFvO;Blessing
G1843;2;Metin;Fevzi;;131673600000;;+4971291475700;;Lichtenstein;nein;UAGIZGrvDoVnDqjECaoz;Blessing
G1844;2;Keller;Tanja;;399254400000;;+497121677689;keller-tanja@gmx.net;Reutlingen;nein;HCy2L2dF5ByokVuOjqvk;Blessing
G1844;2;Keller;Tanja;;;+491716827082;;keller-tanja@gmx.net;;ja;RwiyZdgAPW4pvbJIBFSn;Blessing
G1845;2;Hoppe;Dorit;;1963-05-25;;+4971238803581;;Dettingen an der Erms;nein;MT1IJOLV78pJGQSoABSx;Blessing
G1845;2;hoppel;dorit;;1963-05-25;;;;;nein;HFgORzhjifNWfRoMcnPh;Blessing
G1846;2;Kraft;Viktoria;;2006-05-08;+491781091552;;toria.krf@gmail.com;;nein;HFj5tDbrbrj4NE7VHRch;Blessing
G1846;2;Kraft;Viktoria;;2006-05-08;;+497123277218;;Metzingen;nein;Nl6xiWRtNGqtKKn1YZ6A;Blessing
G1847;2;Traub;Kathrin;;1980-02-06;;+497125694227;;Lichtenstein;nein;HH3R6g5Qb84H2VsAfhhA;Blessing
G1847;2;Traub;Kathrin;;1980-02-06;+4915787043343;;k.niedballa@gmx.net;St. Johann;nein;xbxCB4mYks7hZjsPspKm;Blessing
G1848;2;Bolz;Alexandra;;;+49 1515 5565585;;alexandra_bolz@web.de;;ja;HHIInuJ8hGsVOrqk5RLM;Blessing
G1848;2;Bolz;Alexandra;;1973-11-23;;+497121568095;alexandra_bolz@web.de;Reutlingen;nein;qenQV9P8TQDs0TLmnVm1;Blessing
G1849;2;Schmid;Liane;;1972-05-30;;+4971282966;;Sonnenbühl;nein;HHOW2EXoW2hA9MKrlG2h;Blessing
G1849;2;Schmid;Liane;;1972-05-30;+4915734486124;;lianeschmid@gmx.net;Sonnenbühl;nein;el8Qsig7qUKxnjkggp1h;Blessing
G1850;2;Bauer;Christina;;;+4915788761567;;c.bauer64@web.de;;ja;HI3GdTQwAR84Qxku8Gws;Blessing
G1850;2;Bauer;Christina;;1964-10-21;+4915788761567;;c.bauer64@web.de;Pfullingen;nein;ZwfkLRrpxlppRCmnUX8z;Blessing
G1851;2;Polak;Leni;;2005-09-25;+4915772033986;;lenipolak65@gmail.com;;nein;HIt9iFszxzR7gJuCX8Yy;Blessing
G1851;2;Polak;Leni;;2005-09-25;+4917665687193;+497025842818;carmen.polak@web.de;Neuffen;nein;crhDhcXmMxIHV1TByyFz;Blessing
G1852;2;Pop;Natalia Maria;;2019-08-01;+491631767009;;;Sonnenbühl;nein;Sxsa14OBLzLmwMiMhYJa;Blessing
G1852;2;Pop;Natalija;;2019-08-01;;;;;nein;HJBeKbHtkBkbNCQ7NdB4;Blessing
G1853;2;Aina;Sharlyn;;2008-09-19;+4915254102749;;ainaaanthony@yahoo.com;;nein;kbkRlXll6WefZfzewYDr;Blessing
G1853;2;Aina;Sharlyn Bukola;;2008-09-19;+491773548461;;;Burladingen;nein;HKFi4eKfNvWTDwU3tQyH;Blessing
G1854;2;Öner;Serhan;;695347200000;+4917645667806;;serhanizzel@freenet.de;;nein;HMF5I3WdFlNAxEf0fXph;Blessing
G1854;2;Öner;Serhan;;695347200000;+4917645667806;;serhanizzel@freenet.de;Bad Urach;ja;NzaUxBarLCdlGMZvwBya;Blessing
G1855;2;Fröhle;Margarete;;1951-08-16;;+4970721262629;;Reutlingen;nein;HNblQLSP27vst3QigWIL;Blessing
G1855;2;fröhle;margarete;;;;+4970721262629;;;nein;SDc5Q8ZSdP6M8S6KhOsG;Blessing
G1856;2;Reinke;Leo;;2014-03-18;+4915144805500;;s.ewert@gmx.de;Pfullingen;nein;HO8jJ72n4JwJ9lOP76et;Blessing
G1856;2;Reinke;Leo Vincent;;2014-03-18;;750220;;Pfullingen;nein;yhYG5rBO0DxjM5afYZoZ;Blessing
G1857;2;Gosavi;Chaitanya;;1991-09-03;+491742435732;;;Reutlingen;nein;ckNP5KUcEmPid5eMMmjt;Blessing
G1857;2;Gosawi;Chaitanya;;1991-09-03;+4915737974010;;;;nein;HOamxS4tv3jK3rw135ni;Blessing
G1858;2;Kneule;Antonia;;2009-02-27;+4915146405748;;martina.schuerr@gmx.de;Trochtelfingen;nein;HP5ulW6PlcRuu051rsSX;Blessing
G1858;2;Kneule;Antonia;;2009-02-27;;+497124932795;;Trochtelfingen;nein;hTm87D5ivkZ05eICiwNu;Blessing
G1859;2;Schlindwein;Izabela Liz;;1980-10-02;+4915157510491;;;Kusterdingen;nein;HR3X7t3lzX8yLTopDpFq;Blessing
G1859;2;schlingwein;isabella;;1980-10-02;;;;;nein;IP0z6AUZV9Zd83ZfFLF8;Blessing
G1860;2;Maaier;Dorothea;;1958-02-14;;+497387670;;;nein;HRyRm0ao1o102V1g4Ygn;Blessing
G1860;2;Mayer;Dorothea;;1958-02-14;;+497387670;;Hohenstein;nein;XRS3GGmRgp61cpr3qVvB;Blessing
G1861;2;Beier;Morice;;2015-01-09;+4917661121124;;carmen.beier7@t-online.de;Reutlingen;nein;WzVhZZneNCjRVkNocIzY;Blessing
G1861;2;Beier;Morice Andreas;;2015-01-09;+4917661121124;;;Reutlingen;nein;HTsa4FzOle1zQvXJrCM2;Blessing
G1862;2;Schnitzler;Inge;;-862012800000;+4916097550739;;ernst.schnitzler@t-online.de;Metzingen;ja;HUgycKqjCH2xZuVzSqxe;Blessing
G1862;2;Schnitzler;Inge;;1942-09-08;;+49712315414;;Metzingen;nein;QDjlH1SXyh4jOFELFyNF;Blessing
G1863;2;Kaczmarek;David;;1997-06-26;+4915777037185;;david-reutlingen@web.de;Reutlingen;nein;MHsf4tjGtigwey2okRx7;Blessing
G1863;2;Kaczmarek;David-Alexander;;1997-06-26;+4915777037185;24435;david-reutlingen@web.de;Reutlingen;nein;HV1eElWvVH7HtBBbFW8y;Blessing
G1864;2;Henning;Tim;;1981-08-21;+4917697611334;;nataliekitzmann@icloud.com;Reutlingen;nein;HWHRo8Nzs9VW8D4Fz6Cv;Blessing
G1864;2;Henning;Tim;;367200000000;+4917697611334;;nataliekitzmann@icloud.com;Reutlingen;nein;wvrOLYZ7ZhrouWuCqTp7;Blessing
G1865;2;Jensen;Julia;;1992-11-16;+491777734767;;jensen-julia@gmx.de;;nein;HX8rfUHdmc8hQwcUMGNq;Blessing
G1865;2;Jensen;Julia;;1992-11-16;+4915232016279;;;Reutlingen;nein;HzyRBbeSF6Hbt4KDl5h6;Blessing
G1866;2;Bischopink;Tom;;1999-07-18;+4915755026908;;tombk@web.de;Pliezhausen;nein;HXFEDlBGGReW86x3Faa1;Blessing
G1866;2;Bischopink;Tom;;1999-07-18;;+49712798114;;Pliezhausen;nein;Pr5r0yEOUa6fCHPUXttb;Blessing
G1867;2;Akyüz;Elif;;;+491777799183;;;;nein;HYAVJ5ksqWzbjOwLPP1e;Blessing
G1867;2;Akyüz;Elif;;1987-01-25;+491777799183;;;Reutlingen;nein;jtJzQwGxBpsvZstw3se3;Blessing
G1868;2;Vogel;Maximilian;;1993-12-11;+4915237227581;;nfsking24@googlemail.com;;nein;HYS4cXfTkYDMlExk5jus;Blessing
G1868;2;Vogel;Maximilian;;1993-12-11;+491788715345;;;Eningen unter Achalm;nein;rByjMh2RdnvVtbobD8Hm;Blessing
G1869;2;Zukancic;Lejla;;2005-06-09;;321969;;Reutlingen;nein;HZ8sHsrJsARKitv2SLPz;Blessing
G1869;2;Zukancic;Lejla;;2005-06-09;+4917648524825;;zineta.zukancic@icloud.com;;nein;QmYpNSsnCJUPaIjUDJtE;Blessing
G1870;2;katanci;mustafa;;1970-04-09;+491734962888;;;;nein;sPUZsmJIqk5ids4SwP26;Blessing
G1870;2;Katranci;Mustafa;;8467200000;;;;;nein;HaEbGUHPtRAssko1nGpt;Blessing
G1871;2;Bürkle-Hofmeister;Christina;;1966-04-12;;;;Pfullingen;nein;HaSDGKjb9Qj7wod0Qe1D;Blessing
G1871;2;Bürkle-Hofmeister;Christina;;1966-04-12;+491738120429;+497121750968;c.buerkle@freenet.de;Pfullingen;nein;UAstYAjI94sLRgMnLmNe;Blessing
G1872;2;Möck;Sabine;;1970-04-21;+4915776943524;;;Reutlingen;nein;HaUqnyLBXh4YmxbR5gVJ;Blessing
G1872;2;Möck;Sabine;;1970-04-21;+4915776943524;;sabsonr@gmail.com;;nein;TGalTCuOMuionG8NTOU3;Blessing
G1873;2;Bläske;Sabine;;-318556800000;;+4970721263088;sabinekarina42@gmail.com;Reutlingen;nein;Hba8zCNfwrNDKc95U0ro;Blessing
G1873;2;Bläske;Sabine;;1959-11-28;;+497387984071;sblaeske@web.de;Hohenstein;nein;XsQokezlM7b7wxieDop3;Blessing
G1874;2;kurowski;elisabeth;;1943-10-18;;+4971236766;thomas1.k@gmx.de;Metzingen;nein;HbgN2OVgTuzk1Rd4KZpv;Blessing
G1874;2;Kurowski;Elisabeth;;1943-10-18;;+4971236766;;Metzingen;nein;VOpjDzMnf6O7fr7izeic;Blessing
G1875;2;Linsel;Catrin;;1965-01-29;;5149857;;Tübingen;nein;Hbyxgu67UnFPv8WgEY7c;Blessing
G1875;2;Linsel;Catrin;;1965-01-29;+491728042457;;catrin.linsel@freenet.de;;nein;MrTUs4PFEN7Gu48KVTwy;Blessing
G1876;2;engel;renate;;;;+4971234882;;;nein;Hc0yaRjxc37CjzixyfZx;Blessing
G1876;2;Engel;Renate;;1940-03-31;;+4971234882;;Metzingen;nein;Okpdi4Wpz4BD4BVXDJaZ;Blessing
G1877;2;Vincek;Maria;;1953-06-13;;;;;nein;HclIHfLCGnyMzKtrYmRb;Blessing
G1877;2;Vincek;Marija;;1953-06-13;+385994487611;;;Cakovec;nein;g9YWB6h6OqDeV61HeDTm;Blessing
G1878;2;Gerhardt;Mirjam;;1989-05-22;+4915779257951;;mirjamgerhardt@web.de;;nein;HfAt3M62O3sQaZvdpWIh;Blessing
G1878;2;Gerhardt;Mirjam;;1989-05-22;+4915779257591;;;Bodelshausen;nein;pF1SMhBi3xidJnoXGjqy;Blessing
G1879;2;Sicora;Rudolf;;;;+49712314536;;;nein;mZ3iISg2zdcpjRRSm58x;Blessing
G1879;2;Sykora;Rudolf;;1931-03-31;;+49712314536;;Metzingen;nein;HfCUPFlgK6ivPvS2rsxJ;Blessing
G1880;2;Renz;Maren;;1979-11-03;+491626193327;;ma_renz@gmx.de;;nein;HgJDXb8vOBIzG1clyxLZ;Blessing
G1880;2;Renz;Maren;;1979-11-03;;77123;;Pfullingen;nein;RVzXiXCQarA1gxaXrPJC;Blessing
G1881;2;Norberg;Lukas;;1995-02-15;+491774723753;;;Reutlingen;nein;Hk3GmaaOA6DLnIq2JMal;Blessing
G1881;2;Norbert;Lukas;;1995-02-15;+491774723753;;;;nein;gyMueIP1zoblq6ZqfL6W;Blessing
G1882;2;Woehl;Meike;;392083200000;+491751766262;7555375;;Kirchentellinsfurt;nein;dJe2Ep7oA9Z9MzgKHUco;Blessing
G1882;2;Wöhl;Meike;;392083200000;+491721766262;;mwoehl@web.de;;ja;HkbD3q5ZASAivYR6eiHr;Blessing
G1883;2;Wolf;Ursula;;1967-07-10;+4915780949892;;;Münsingen;nein;tl85UUz9nULCQHIFBeFt;Blessing
G1883;2;wolf;usula;;1967-07-10;+4915780949892;;;;nein;Hl04o62cfjJKfdFcoJqu;Blessing
G1884;2;Lambert;Christian;;2004-08-20;+4915751507033;;christian.lambert1@web.de;;nein;HmodogmTg776uL6iNPOo;Blessing
G1884;2;Lambert;Christian;;2004-08-20;+4915751507033;;christian.lambert1@web.de;;nein;W5anB7GcYb5Mcsh6z8m8;Blessing
G1885;2;Holder;Anastasija;;1990-03-11;;+49636360437;;Neuffen;nein;HnVP0IFRsZWMG9xjp6t3;Blessing
G1885;2;Holder;Anastasija;;1990-03-11;+491796758742;;ana_holder@gmx.de;;nein;uQktXaljs0xAkErIXvKZ;Blessing
G1886;2;Bidar;Susanne;;-21168000000;+491776401606;6907900;;Reutlingen;ja;Hnoj0L5TR0dxpWZuwydI;Blessing
G1886;2;Bidar;Susanne;;1969-05-01;+491776401606;;susanne.bidar@gmx.de;;nein;xTvdQMIhImLGsGtJ4o1M;Blessing
G1887;2;Widmer;Sandra;;1966-09-04;;+4971216956245;famwidmer@gmx.de;;nein;HnuYmNYzCtbPMTdJQLCI;Blessing
G1887;2;Widmer;Sandra;;1966-09-04;;6956245;;Reutlingen;nein;x8mNCyxNzJnMp9qQ7TJ4;Blessing
G1888;2;Bez;Wolfgang;;-378172800000;;017645674855;;;nein;HoTM8rboUFwklC9xc5cN;Blessing
G1888;2;Bez;Wolfgang;;1958-01-07;+4917645832700;;christian.bez@gmx.de;Hohenstein;nein;WE5g1h1dA3HEN5TM4by6;Blessing
G1889;2;Grisalva-Frank;Viola;;;+49015777918370;;v-frank@gmx.de;;ja;HpTWUgJqtfyk85iLQaTa;Blessing
G1889;2;Grisalva-Frank;Viola;;1970-11-11;;+4971219706796;v-frank@gmx.de;Reutlingen;nein;JD3YQz2ICvIdx5PWVvpw;Blessing
G1890;2;Schneider;Tom;;2005-08-29;+491627826383;;andreasusanneschneider@web.de;Metzingen;nein;Zxyjx6CbmkmnBX6fWiuG;Blessing
G1890;2;Schneider;Tom Felix;;2005-08-29;;+497123162336;;Metzingen;nein;HpVcqjm8XheHCl9agDZd;Blessing
G1891;2;Nitsch;Erika;;1940-07-23;;+497121490874;;Reutlingen;nein;HqH4ZZU4Mn1znXSV9vPE;Blessing
G1891;2;Nitsch;Erika;;1940-07-23;;+49490874;;Reutlingen;nein;dAsM9zXnolk9YwShzFEm;Blessing
G1892;2;Rein;Daniel;;1982-07-07;+4917685202126;;rein.daniel82@gmx.de;Burladingen;nein;HqpjDksbadkNA6zwmmDg;Blessing
G1892;2;Rein;Daniel;;1982-07-07;+4917624039596;;rein.daniel82@gmx.de;Burladingen;nein;jghZ809xwYO9g0Z4fzFe;Blessing
G1893;2;Mahle;Klaus;;1966-01-24;+491622616401;;klausmahle@aol.com;;nein;HrjI6eHT8fQKoeTG4yqx;Blessing
G1893;2;Mahle;Klaus;;1966-01-24;+4916212616401;;;Altdorf;nein;i0WbTNpFQUS0DKXsZr6b;Blessing
G1894;2;Al-Jaf;Ramzi;;1975-01-01;+4917668281288;;;Pfullingen;nein;Hty9V5pbzD0bEbj0TozO;Blessing
G1894;2;aljaf;RAMZI;;1975-01-01;;;;;nein;nt2ES5GyIEwKLJgGd6De;Blessing
G1895;2;Strobel;Sabine;;155952000000;+491638654097;;sabine-strobel1@web.de;;ja;HtyhgQVYozDEA4lAPE5T;Blessing
G1895;2;Strobel;Sabine;;1974-12-11;;1360187;;Reutlingen;nein;OUKGUAVGVGsQ3iRe5yRI;Blessing
G1896;2;Klees;Tanja;;1985-01-25;;+4971279608869;;Walddorfhäslach;nein;qhQFc9X2BtowJfStuRjg;Blessing
G1896;2;Kles;Tanja;;1985-01-25;;+4971279608869;;;nein;Hux1ZQrTy8rR4nEd6RAh;Blessing
G1897;2;dorn;vjekoslava;;;+491771871771;;;;nein;Hv1kNyZClCL0naDk5aUK;Blessing
G1897;2;Dorn;Vjekoslava;;1945-05-01;+491771871771;;;Reutlingen;nein;i6y2Waelaa8emen1KwxA;Blessing
G1898;2;Tandler;Daniel;;1996-09-05;;;;Pfullingen;nein;HvLQMaGHOgr1XDj6LVLh;Blessing
G1898;2;Tandler;Daniel;;1996-09-05;;+49712173585;daniel.tandler@web.de;;nein;bHF865GThMynVnuMiwS6;Blessing
G1899;2;Andreescu;Dorinel;;;+49 0176 99108238;;dorinel.andreescu@outlook.de;;ja;HwAGZAuVwNCbVzDNJDxP;Blessing
G1899;2;Andreescu;Dorinel;;1968-04-26;+4917699108238;;;Reutlingen;nein;NkdkQaDhKdGenUeroR8o;Blessing
G1900;2;Kalmbach;Linus;;2014-11-24;;+4973822640019;kristinr1@gmx.de;;nein;Hwr6pedYmMPHPMtBPNa1;Blessing
G1900;2;Kalmbach;Linus Fritz;;2014-11-24;;+4973822640019;;Römerstein;nein;pMpiDGqJ2JZP8Xiutq4h;Blessing
G1901;2;Lutz;Matthias;;1976-08-13;+4915737104483;;matthias.lutz1976@gmx.de;;nein;HyEX0XmJpVBSAgOZnup5;Blessing
G1901;2;Lutz;Matthias;;1976-08-13;;;;Reutlingen;nein;nOuBMyFkZFHjnVKkq3au;Blessing
G1902;2;Schlagenhauf;Cindy;;1995-05-03;;;;Reutlingen;nein;JwtvmuYXn9vKAOgnOC5l;Blessing
G1902;2;Schlagenhaus;Cindy;;1995-05-03;;;;;nein;HyvfePHbsZyeYzr2bRY8;Blessing
G1903;2;Koch;Jürgen;;1961-07-15;+4915112516640;;j.koch@phoenix-versicherungsmakler.de;Wannweil;nein;HzG2oMk3QgYhCZXQW0FP;Blessing
G1903;2;Koch;Jürgen;;1961-07-15;+4915112516640;;;Wannweil;nein;rDLnZioGZLHIOCYUTRgx;Blessing
G1904;2;Jazzar;Sedra;;852076800000;+4915771928996;;mimom4880@gmail.com;Balingen;nein;HzvVw7plhJoLYrd17Y48;Blessing
G1904;2;Jazzar;Sedra;;1997-01-01;+491777160250;;sedra.jazzar@gmail.com;;nein;TafNkTaaEqtNFA5dpFmJ;Blessing
G1905;2;Wagner;Melanie;;2000-02-18;+4915782345660;;melanie.mela@gmx.de;;nein;I2klnmNSulw7qv6ni3eo;Blessing
G1905;2;Wagner;Melanie;;2000-02-18;;+497473959910;;Mössingen;nein;pdb6wqncaM82nC8WmEwr;Blessing
G1906;2;Fanartzis;Christos;;1966-09-26;+4915209104361;;;Sonnenbühl;nein;I2xGxUA3BhTJqFIiLAIA;Blessing
G1906;2;Fanartzis;Christos;;1966-09-26;+4915115561356;;chrisfan66@icloud.com;;nein;fmYaJYAYMtwRzTVNA8WZ;Blessing
G1907;2;Greschner;Johann;;-524188800000;+4917661565429;+491639803300;;Neckartenzlingen;ja;I3gjuyuXJdV6qhsgMhaN;Blessing
G1907;2;Greschner;Johann;;1953-05-23;+491639803300;;ritagreschner@yahoo.de;Neckartenzlingen;nein;Lo2d8WpvRdhYhhhtSfcd;Blessing
G1908;2;Lederer;Mia;;2005-03-04;;+497121677669;katja.lederer@gmx.de;Reutlingen;nein;I3iQU0ePs4s2k77v2Fjq;Blessing
G1908;2;Lederer;Mia;;2005-03-04;;+497121677669;;Reutlingen;nein;vl7W6tbidIHjfgmMDL5A;Blessing
G1909;2;Schur;Stefanie;;;+49 7121 44240;;stefanieschur@gmx.de;;ja;I3vTdTronETfEJFJQAVb;Blessing
G1909;2;Schur;Stefanie;;1966-03-10;;+49712144240;stefanieschur@gmx.de;Reutlingen;nein;b0lPZua3qnLl2dQEkTOm;Blessing
G1910;2;Krawitsch;Gudrun;;1958-02-04;;+49712166366;krawitsch@t-online.de;;nein;I6DrlosbxrKHWhw6FVDg;Blessing
G1910;2;Krawitsch;Gudrun;;1958-02-04;;66366;;Reutlingen;nein;L5Gx7XlkIuHkNJqtWiJ1;Blessing
G1911;2;Aday;Murat;;1981-05-22;;;;Reutlingen;nein;I6HdX5S2mJddFWZiQIMz;Blessing
G1911;2;Aday;Murat;;1981-05-22;+491726819597;;;Reutlingen;nein;wYj4TxTAUZQSNaTWRU7t;Blessing
G1912;2;Karan;Cemile;;1981-04-05;+4915222465151;;mrtkrn8@yahoo.com;Bad Urach;nein;I6s9LYHcMtLEzhMisOt4;Blessing
G1912;2;Karan;Cemile;;355276800000;+4915252969498;;mkaranpost@gmail.com;Bad Urach;ja;uNHDtALn3ZxgQMPwfSGq;Blessing
G1913;2;Rein;Sarah;;1985-03-08;;+4971217492019;rein.sarah@web.de;Reutlingen;nein;I8dyJ89vgyck5Wu98oNl;Blessing
G1913;2;Rein;Sarah;;1985-03-08;+4917623958567;;;Reutlingen;nein;QAS8urxSMdlxQSCLTctj;Blessing
G1914;2;Knauf;Simom;;1996-09-24;+491722698460;;lisart2011@googlemail.com;;nein;IAwMb5JyxfR9F2RY3RNG;Blessing
G1914;2;Knauf;Simon;;1996-09-24;+4917680898074;;;Walddorfhäslach;nein;SKxduOCKRAJbiCxXlWmS;Blessing
G1915;2;Scheubel;Monika;;-83808000000;+4915774960829;;monika.scheubel@gmail.com;;ja;IB1hlPQEzkWyDYnRBZbG;Blessing
G1915;2;Scheubel;Monika;;1967-05-07;+4915774960829;;monika.scheubel@gmail.com;Reutlingen;nein;q2LhCRiKpQOJH4qXzhSD;Blessing
G1916;2;Hermann;anegret;;1967-09-08;;;;;nein;rIi8V3NwhyjKaAEvQmSe;Blessing
G1916;2;Hermann;Annegret;;1967-09-08;+491786541312;+4973825384;anne0809@gmx.de;Römerstein;nein;IEEG66rTcMm5QTlczL5G;Blessing
G1917;2;Zimmermann;Laura;;1999-07-09;+4915738457340;;;Pliezhausen;nein;IFKOFGMXYJYuSQUFRojY;Blessing
G1917;2;Zimmermann;Laura;;1999-07-09;+4915224376440;;lauzi914@gmail.com;;nein;abcfdciT6cmy9BlXS6WG;Blessing
G1918;2;Mehmedbegovic-Leone;Bettina;;1979-04-11;+4917623187083;+49754692;;Eningen;nein;IHERaCuwuFzNh1TLakqd;Blessing
G1918;2;Mehmedbegovic-Leone;Bettina;;1979-04-11;+4917660954547;;betty.m@gmx.net;;nein;VALNRYbqQxgkdJ8ugbQd;Blessing
G1919;2;Müller;Timo;;-151545600000;+4915123347645;;timomueller.germany@freenet.de;Pliezhausen;ja;IHIOUYLzfBpe9ihWSgt5;Blessing
G1919;2;Müller;Timo;;-151545600000;;;;;nein;zrVEn33Y6kzMsWWj9pR5;Blessing
G1920;2;Lacic;Nicolina;;2006-01-15;;;;;nein;gCP9iv0e7BxemZkAfFAc;Blessing
G1920;2;Lacic;Nikolina;;2006-01-15;;339890;;Reutlingen;nein;IHzNjtKKnnP3BSI2Er5U;Blessing
G1921;2;Bauer;Ronny;;1999-04-18;+4915775851568;;;;nein;KKNwD7auIqHqpR5X9jmQ;Blessing
G1921;2;Bauer;Ronny Philipp;;1999-04-18;;504524;;Reutlingen;nein;IIDpS6CfX9LofBZj3WDZ;Blessing
G1922;2;Jenner;Renate;;1947-03-22;;5147025;;Reutlingen;nein;IJhW3GrlEZOGWh9m4kda;Blessing
G1922;2;Jenner;Renate;;1947-03-22;;+4971215147025;paul.jenner@gmx.de;;nein;PXAsLwWNSsok8Aq1vpg3;Blessing
G1923;2;Siegel;Manuel;;1971-09-08;+4915234274346;;siegel.manuel@de.sika.com;Metzingen;nein;IJrCUByob2U9EKQm4hVw;Blessing
G1923;2;Siegel;Manuel;;1971-09-08;;+4971254270;;Metzingen;nein;r1VeXL6D6yVsFsTFfiqN;Blessing
G1924;2;Buiatti;Barbara;;1964-09-14;;;;Eningen;nein;IKocb50xbsGNpuxi7KKp;Blessing
G1924;2;Buiatti;Barbara;;1964-09-14;+491709030861;;;Eningen;nein;TLqniYWa4GmVsvfkhW4q;Blessing
G1925;2;Steinicke;Wolfgang;;1949-11-11;+491724104321;;esteinicke@gmx.de;;nein;IL0VH4pBcZ6GZOYqyqc5;Blessing
G1925;2;Steinicke;Wolfgang;;1949-11-11;;;;Reutlingen;nein;qUFxybTu104StmzeWQwp;Blessing
G1926;2;Andacic;Liliana;;1972-12-12;;+4971211361210;lili.andacic@gmx.de;;nein;ILQzQMbYtYTznguCr35E;Blessing
G1926;2;Andacic;Liliana;;1972-12-12;;;;Reutlingen;nein;TdviXhzyOjQ7yLBeciXu;Blessing
G1927;2;Kiprijanow;Larissa;;1969-02-11;;+497123949897;;Metzingen;nein;IOQkW5De0XTEbhhdNZAe;Blessing
G1927;2;kiprijanow;marisa;;1969-02-11;;;;;nein;VqHICwt2XvxbcUVEGCAa;Blessing
G1928;2;Dörr;Melanie;;346636800000;;;;;nein;IOlQ619JNhIehjNyrnQd;Blessing
G1928;2;Dürr;Melanie;;1980-12-26;+491749824200;;lucaniklas@hotmail.de;Rottenburg;nein;hVbKQAqqEtTA2KVIKqqE;Blessing
G1929;2;Bötcher;Anika;;;;+49712514506;;;nein;eLTvZyDdZnMxVZOu4a5K;Blessing
G1929;2;Böttcher;Annika;;1997-05-31;+4917640772894;+49712514506;;Bad Urach;nein;IOqG7lY3Tiiy6looVHik;Blessing
G1930;2;Knecht;Rose;;1952-01-08;;;;;nein;IPDrFgduTavV9bGJgYlM;Blessing
G1930;2;Knecht;Rose;;1952-01-08;;+49712145232;;Reutlingen;nein;S3fj4qHWPMeEaSaJqasA;Blessing
G1931;2;Meyer;Susanne;;-127267200000;;;;;nein;IQaQH5jLQfFJM0rpoEye;Blessing
G1931;2;Meyer;Susanne;;-127267200000;;;;;nein;yVtx0qTpo0TxcsJXvtyH;Blessing
G1932;2;al ali;Lodmela;;1988-12-30;+491791168551;;lod.sh.mh@hotmail.com;;nein;OqPo9Dm58isxjpyZ7Btg;Blessing
G1932;2;Alali;Lodmela;;1988-12-30;+4915752396728;;lod.sh.mh@hotmail.com;Metzingen;nein;IQpoXTXEX6n5wWVuKYES;Blessing
G1933;2;Vöhringer;Doris;;1948-04-05;;;;;nein;IR6ooYFPI0V4tNZlS0py;Blessing
G1933;2;Vöhringer;Doris;;1948-04-05;+491728901267;;dorisvoehringer@voehringerholz.de;St. Johann;nein;fh3xSWHUlkgExSasxXbb;Blessing
G1934;2;Schietinger;Annika;;2000-09-23;+4915734409837;;nikischietinger@web.de;;nein;ISCyMNkAzSjSbCnIVzCW;Blessing
G1934;2;Schietinger;Annika;;2000-09-23;+4915734409837;887702;;Reutlingen;nein;T7rzs8uSZmzzmwD8fXVd;Blessing
G1935;2;Weber;Joachim;;1964-08-04;+4917613424026;;;Metzingen;nein;ISrdFfxFIKKOb0qm7pau;Blessing
G1935;2;Weber;Joachim W.;;1964-08-04;+4917613424026;;joa.weber@gmx.de;Metzingen;nein;KKCiJYRcZX7LxRxqoI1g;Blessing
G1936;2;Oettinger;Melanie;;1973-02-14;;+4970259117283;;Kohlberg;nein;IUYWWgJM7pQKMGgtKQyV;Blessing
G1936;2;Öttinger;Melanie;;1973-02-14;;+4970259117285;;;nein;U7W9TkxwnZmt3ghB5opH;Blessing
G1937;2;Cosic;Melani;;1997-07-21;+4915258407282;478776;melani-cosic@hotmail.de;Reutlingen;nein;IUcvgQhyRpuTFxc8u8Tv;Blessing
G1937;2;Cosic;Melani;;1997-07-21;+4915228804678;;melani_cosic@outlook.de;;nein;KvkluPjrx3ZRAmvhrVue;Blessing
G1938;2;Jalboush;Hesham;;;+4915221901852;;hashamjalboush@web.de;;ja;IV8cqNkNYO8aqpDi6Nf6;Blessing
G1938;2;Jalbus;Heshan;;1963-05-11;+4915221901852;;;;nein;wCTctwShR80l7xT3WVxu;Blessing
G1939;2;Decker;Gerd;;-388368000000;+4916096003376;;;;nein;IW5RHUCht81D9nTWLdRe;Blessing
G1939;2;Decker;Gerd;;-388368000000;;+49712722939;gerd.decker02@web.de;Neckartenzlingen;nein;MywwMmjA0benLIesjze7;Blessing
G1940;2;Genis;Jiyan;;2013-01-22;;1360326;;Reutlingen;nein;dSbeeo02TMimPBqhAGwQ;Blessing
G1940;2;GENIZ;Jihan;;2013-01-22;;+4971211360236;;;nein;IWdN8ohEP0v6hTWwfEAL;Blessing
G1941;2;Jaouadi;Sonja;;1978-07-07;+4915204736294;;sonyajaouadi@web.de;;nein;IY2CiudtbtbROqHyyr8A;Blessing
G1941;2;Jaouadi;Sonya;;1978-07-07;+491786951277;;;Reutlingen;nein;kQiO3ztxPRAoDjX1LiMS;Blessing
G1942;2;Von der Heyde;Willi;;-535420800000;;;;;nein;wHQV3oqA6Y0Dxvi19dla;Blessing
G1942;2;Von der Heyde;Willy;;-535420800000;;320312;;Reutlingen;nein;IYiD98qb7RsyafIQya5p;Blessing
G1943;2;Adler;Wolf Hartmut;;-130118400000;+491736711233;;adler@fontis.de;;nein;IYjN3B7J3xUIC2DqDx1l;Blessing
G1943;2;Adler;Wolf-Hartmut;;1965-11-17;+491736711233;;;Reutlingen;nein;cyFwKz1AOXNhgkUhZeFh;Blessing
G1944;2;Goller;Marc;;867456000000;+4917620461662;+4973816449;goller-marc@web.de;Münsingen;ja;IcbkRMcLgONw6txME4xT;Blessing
G1944;2;Goller;Marc;;1997-06-28;+4917620461662;;goller-marc@web.de;Münsingen;nein;jNxAkKYubj4ddQ01rpPQ;Blessing
G1945;2;Körber-Weik;Margot;;1950-04-12;+491702053425;+497121240584;;Reutlingen;nein;IcdrxaymaUD8ACGaQ4jn;Blessing
G1945;2;Körber-Weik;Margot;;1950-04-12;;+497121240584;margot.koerber-weik@hfwu.de;Reutlingen;nein;J36NDaSZKnrvXELdf7zQ;Blessing
G1946;2;Adler;Lisanne;;2005-06-10;;+497127957973;madler1604@gmail.com;Pliezhausen;nein;IdNZIbEvbsUZZUJk4axI;Blessing
G1946;2;Adler;Lisanne;;2005-06-10;+491772130656;;liesadler@gmail.com;;nein;eLNo7dQjhHZBKo32TEFS;Blessing
G1947;2;Sailer;Caroline;;1987-07-31;+491723643757;;;Rottenburg;nein;IdjQM44Z5wnZuP4ZBJPp;Blessing
G1947;2;Sailer;Caroline;;1987-07-31;+491724548167;;caroline.walter1@web.de;;nein;P9SNgupkPX8rEMeqPTp4;Blessing
G1948;2;Beck;Adelheid;;;+4901782126307;;adelheidbeck1@web.de;;ja;IeDjjWwRFcPTouH44H6k;Blessing
G1948;2;Beck;Adelheid;;-145238400000;+491782126307;;adelheidbeck1@web.de;Reutlingen;nein;keR43SqhAGZwYQPG86Es;Blessing
G1949;2;Siegel;Manuela;;1977-07-13;+4915153102828;;dedagusti@googlemail.com;;nein;IeUW35z3h2oF7Bo197l5;Blessing
G1949;2;Siegel;Manuela;;1977-07-13;+4915153102828;;dedagusti@gmail.com;Metzingen;nein;OGgapJuhRZQGLHqjxSLP;Blessing
G1950;2;Szymanski;Oskar;;2000-09-08;+4917670469437;;o.szymanski89@gmail.com;Metzingen;nein;s3MCKcROmCw93LNTU2rU;Blessing
G1950;2;Szymanski;Oskar Cyprian;;2000-09-08;+4917670469437;;;Metzingen;nein;Iecw4cZOVZplAI8Ur873;Blessing
G1951;2;Drabert;Hans-Dieter;;1943-07-17;;81696;;Eningen;nein;Iegpg4NWwexha6fxo4MH;Blessing
G1951;2;Drabert;Hans-Dieter;;1943-07-17;;+49712181696;gabriele.drabert@t-online.de;Eningen;nein;kOOS9RSZ6xMfWfkrBMwb;Blessing
G1952;2;Wunderlich;Jan;;2001-08-15;;+497121622066;jan15.wunderlich@gmx.de;;nein;IezajKKig6qh8GDg7Oyc;Blessing
G1952;2;Wunderlich;Jan;;2001-08-15;+4915734250291;;;Reutlingen;nein;eeMzanAqMjqSKuNWoKIo;Blessing
G1953;2;Alparslan;Mehmet;;;+491748816173;;mehmet.alparslan@gmx.de;;ja;If7EklVXlU4B3uZiLY2x;Blessing
G1953;2;alparslan;mehmet;;1991-07-23;+491748816173;;;;nein;R3PN291R0YUFeFkNBpNA;Blessing
G1954;2;Frambach;Dr. Tobias;;770860800000;;;;;nein;IfGyZykKHxyrFAnSsMDz;Blessing
G1954;2;Frambach;Dr. Tobias;;1994-06-06;+491728232365;;tobi.frambach@hotmail.de;Bempflingen;nein;pAcBxqtzkNasYV7gKHXN;Blessing
G1955;2;kurle;david;;2006-04-12;;880234;;;nein;zT4y6fRST61KGP1nzAOV;Blessing
G1955;2;Kurle;David Julius;;2006-04-12;;+497121880234;davidkurle200@gmail.com;Reutlingen;nein;IfJa6fC1AkhfpRmSWAm2;Blessing
G1956;2;Lisitski;Andrej;;1995-12-12;;204993;;Reutlingen;nein;IfbCmmuKcEx9IrrtbEf6;Blessing
G1956;2;Lisitski;Andrej;;1995-12-12;+491729032412;;andrej.lisitski@outlook.de;Reutlingen;nein;c290wBwVnQpWui9Xyfie;Blessing
G1957;2;Tillisch;Patrick;;1992-06-18;+4915112387638;;ptillisch@yahoo.de;;nein;IhkNSLHr1q8zVU2ohcci;Blessing
G1957;2;Tillisch;Patrick;;1992-06-18;+491631511322;;;Reutlingen;nein;qmdQpm3ZA7o2TDC18E0J;Blessing
G1958;2;Mayerhofer;Martin;;1958-04-19;;+4970319078366;;Reutlingen;nein;Ij6EoG9yHETI7mJw6ThG;Blessing
G1958;2;Mayerhofer;Martin;;1958-04-19;+491601573519;;martin.mayerhofer@t-online.de;;nein;zvwahT34CQTTontp4Rbs;Blessing
G1959;2;Schrempf;Samuel;;1987-10-06;+491732117939;;samuel.schrempf@gmail.com;;nein;g2cKx6Ihw2rADDXeliJY;Blessing
G1959;2;Schrempf;Samuel Johannes;;1987-10-06;+491732117939;;;Riederich;nein;IjpOnc7thxb0QoubQOcL;Blessing
G1960;2;Wildner;Erika;;1955-04-08;;380743;;Reutlingen;nein;IkOJKgtD3L6YCyKUnZmp;Blessing
G1960;2;Wildner;Erika;;1955-04-08;+4915738347995;;erika.wildner@web.de;;nein;rZrdGnPfMKZiEwZb9xbv;Blessing
G1961;2;Lindenblatt;Agnes;;1951-05-26;+491758985667;;a.lindenblatt@gmx.de;;nein;IkS6ACxcdMfsDhSRYLy1;Blessing
G1961;2;Lindenblatt;Agnes;;1951-05-26;;+49712145653;;Reutlingen;nein;sHsVprgU516T2oXqEEip;Blessing
G1962;2;Torkler;Renate;;1935-07-10;;+4971273655;claudia-torkler@web.de;Schlaitdorf;nein;IkqWN1tHyKblSqVvnIgA;Blessing
G1962;2;Torkler;Renate - Mutter;;1935-07-10;;+4971273655;claudia-torkler@web.de;Schlaitdorf;nein;kniZ6yjpoeDyW7fX0yw5;Blessing
G1963;2;Siebold;Dwayne;;2013-11-19;;+497121139920;;;nein;TcSgum1Pi9NHqxAZG3Mx;Blessing
G1963;2;Siebold;Dwayne Luca;;2013-11-19;;+4971211399120;;Reutlingen;nein;IkzCeWiuXkd6UVl3m8Vf;Blessing
G1964;2;Andreescu;Andreea;;1985-04-11;+491749176494;;andreea_daciana@yahoo.com;;nein;IlshQrFXEh9gVlRKo7w1;Blessing
G1964;2;Andreescu;Andreea Daciana;;1985-04-11;+491634270101;;;Reutlingen;nein;aIGzhC6OwLw5khtS7OSG;Blessing
G1965;2;Volpe;Patrice;;1992-03-02;+4917656615834;;dertortenguss@gmail.com;;nein;rnIXvo1sY0NSPj5jKzNO;Blessing
G1965;2;Volpe;Patrice Armando;;1992-03-02;+4917684363812;;;Reutlingen;nein;Imwt6j2bfhzTmSHJksO5;Blessing
G1966;2;Demaku;Fatime;;1961-06-14;;+4971239581997;;Bempflingen;nein;InvelwC8sfblilmklQ3O;Blessing
G1966;2;Demaku;Fatime;;1961-06-14;+4917646535302;;cafdemaku@gmail.com;Bempflingen;nein;qOxWrSVRPJKp2jBXBByV;Blessing
G1967;2;Maslebski;Heike;;;;+4971279380380;;;nein;IpJ3EESnAP1JRAYSs0DZ;Blessing
G1967;2;Maslewski;Heike;;1963-03-10;;+4971279380380;;Pliezhausen;nein;ZG25bwAhOKno0pt4VRMt;Blessing
G1968;2;Tzaki;Maria;;1996-09-13;+4915223516324;;mariamagdalenatzaki@gmail.com;;nein;a40Elq8iAS8j1NHEVbFr;Blessing
G1968;2;Tzaki;Maria Magdalena;;1996-09-13;+4915223516324;;;Reutlingen;nein;IpVkhqg2dbqZhrnudZzk;Blessing
G1969;2;Schvartzkopf;Radu;;1995-09-03;+4915252621832;;;Sonnenbühl;nein;IqmYWPEI2o3mpsN75Qs5;Blessing
G1969;2;Schwarzkopf;Rado;;1995-09-03;+4915252621832;;;;nein;MkhEhm0n1nejt1QWn3WW;Blessing
G1970;2;Bauer;Laura sofia;;1968-10-19;+4915771940909;;laura.sofia@web.de;Dettingen;nein;Is4k1UqOe7GN24h83j4l;Blessing
G1970;2;Bauer;Laura Sofia;;1968-10-19;+4915771980808;;laura.sofia@web.de;Dettingen;nein;WSCP1PlCHIvmuXYZzsAn;Blessing
G1971;2;Nonnenmann;Elise;;1996-05-26;+4915784613890;;elise.nonnenmann@gmx.de;;nein;IubZLqMrbXqVZAc4FONE;Blessing
G1971;2;Nonnenmann;Elise;;1996-05-26;;+497127922113;elise.nonnenmann@gmx.de;Altenriet;nein;l6Qd9DMwQrrQ5jy1XPyH;Blessing
G1972;2;Storsberg;Stephan;;1979-03-24;;+4971211383655;stephan.storsberg@yahoo.com;;nein;IvwSsB1l5S8Ms6PzHHkM;Blessing
G1972;2;Storsberg;Stephan;;1979-03-24;+4915771998451;;;Reutlingen;nein;vTZnUYISnjao2RjEXcTq;Blessing
G1973;2;Sonntag;Jens;;1990-07-29;+4917696340952;;jenssonntag@gmail.com;Reutlingen;nein;Iy1oVfobBWb6jiYtkqJQ;Blessing
G1973;2;Sonntag;Jens Marius;;1990-07-29;+4917696340952;;;Reutlingen;nein;N2cPL8P2YEy7SgWFiIAF;Blessing
G1974;2;Stencel;Piotr;;1970-01-10;+4915222710335;;delpietro@op.pl;Riederich;nein;Iy51TXtj5durJA2fpbnx;Blessing
G1974;2;Stencel;Piotr Jozef;;1970-01-10;+4915222710335;;;Wodzislaw Slaski;nein;NLCFcbUFoGIo65WJN1yX;Blessing
G1975;2;Kwast;Jennifer;;2000-10-30;503172;;;Reutlingen;nein;IzHJiTCdr6nUZxuZdV2M;Blessing
G1975;2;Kwast;Jennifer;;2000-10-30;+4917670554272;;jenniferkwast1@gmail.com;;nein;hgOA09m9hPRuAvIv0y3l;Blessing
G1976;2;Geer;Markus;;-220838400000;+4917653920445;;geer@kabelbw.de;Reutlingen;ja;J0CEegV0bABQX3l37jNK;Blessing
G1976;2;Geer;Markus;;1963-01-02;+4917653810445;;geer@kabelbw.de;Reutlingen;nein;mh7c6M5NYg8Kp08luSal;Blessing
G1977;2;Hauser;Lena;;1993-07-25;+4915207377439;;baydurs@web.de;;nein;X1p9TtXOMY987ccGFu31;Blessing
G1977;2;Hauser;Lena Theresa;;1993-07-25;+4915207377439;;;Reutlingen;nein;J1C0KMlDYsjQDW1pB6UW;Blessing
G1978;2;Mattern;Marija;;1982-04-27;;+497472947567;;Rottenburg;nein;J7HhWpFIgyJEu0AZeTqf;Blessing
G1978;2;Mattern;Marija;;1982-04-27;+491778955809;;marija.mattern32@gmail.com;;nein;s5CJSnFbhAUzHbkM81Ky;Blessing
G1979;2;Witt;Annika;;2001-12-12;+491794748699;;annika.72622@web.de;Nürtingen;nein;T9ipU1D1hvqlMcUExH69;Blessing
G1979;2;Witt;Annika Caroline;;2001-12-12;+491794748699;;;Nürtingen;nein;J8oPcxYZI5dYvPpHF5PD;Blessing
G1980;2;Obeida;Marwan;;1971-11-01;+4915202304060;;;Bempflingen;nein;J9EAgkpTiEUizt6R6BPH;Blessing
G1980;2;Obieda;Marwan;;1971-11-01;+4915202304060;;;;nein;knDgndw6ANIXm8zdMwOl;Blessing
G1981;2;Schotter;Marc Oliver;;2011-06-07;;+497123958174;;Metzingen;nein;VWpM73syuddxDyTn4uvf;Blessing
G1981;2;Schotter;Mark;;2011-06-07;;;;;nein;J9GArSGKh8pvDygvOu8F;Blessing
G1982;2;Alaa Alden;Anas;;;+4915206403748;;;;nein;jUmmUKV0DNNqDIkqJt21;Blessing
G1982;2;Alaa Aldin;Anas;;;+4915206403748;;anas.alaaaldin@gmail.com;;ja;J9ZTk5NaqAlHSb3UQZun;Blessing
G1983;2;Knoll;Christina;;1991-06-21;+491608123845;;cknoll@gmx.net;Dettingen an der Erms;nein;J9esHRD8pllpJvRSFZYu;Blessing
G1983;2;knoll;kristina;;;+491608123845;;;;nein;mbGO38ljJyA7R5SoH6D3;Blessing
G1984;2;Wenzel;Sieglinde;;-483235200000;+491625858302;;sieglindewenzel07@gmail.com;Bad Urach;ja;J9ll6m162hmGEOXR8Eeq;Blessing
G1984;2;Wenzel;Sieglinde;;1954-09-09;;+4971252292;;Bad Urach;nein;boGXshsMl7dTHVNR8OND;Blessing
G1985;2;Neeck;Lilianus;;;+491627399449;;;;ja;QpYmlgyDgcrpoXxtiaPl;Blessing
G1985;2;Neek;Stilianos;;1997-10-14;+491627399449;;stil_@hotmail.de;Reutlingen;ja;J9ygUW1G4sUsJpCFqL0K;Blessing
G1986;2;Karagöz;Malik Mohammed;;2013-08-10;+4915125763511;;;Reutlingen;nein;QFm0VBQGqHjL6psaYjAn;Blessing
G1986;2;Taragöz;Malik;;;+4915125763511;;;;nein;JAGMGolEfVJP3WCYPEw5;Blessing
G1987;2;Kullen;Irmgard;;1940-09-16;;+4971255120;;Hülben;nein;JAoRtuyKjMX6FTL6Nich;Blessing
G1987;2;Kullen;Irrmgard;;1940-09-16;;+4971255120;i-m.kullen@t-online.de;;nein;xALJEWWvhtGBz4xMXhEN;Blessing
G1988;2;Eder;Martin;;1958-12-18;+491792806227;;meder@rah-reutlingen.de;Holzgerlingen;nein;veqQeBnMJ25PNwiORPhA;Blessing
G1988;2;Eder;Martin H.;;1958-12-18;+491792806227;;;Holzgerlingen;nein;JAtaY928tGwNDSRBPFz9;Blessing
G1989;2;Heine;Ebru;;626832000000;;;;;nein;JB5Hm1emhbP1Mfgwojhc;Blessing
G1989;2;Heine;Ebru;;1989-11-12;+491784938737;;heine.ebru10316@gmail.com;Riederich;nein;vxyvLSRAALiiaZLGHzVM;Blessing
G1990;2;fischer;rosalitha;;1963-08-15;+4915224732891;;;;nein;KS5PzfJ4nA4cRsrZ0DfC;Blessing
G1990;2;Fischer;Roswitha;;1963-08-15;+4915224732891;;;Reutlingen;nein;JDorNIoNN42TIBJlPyBQ;Blessing
G1991;2;pribil;lea;;1993-02-13;+4915750412543;;lea.pribil@web.de;pfullingen;nein;JEXH42OiqMtfPwX6PDJn;Blessing
G1991;2;Pribil;Lea Constanze;;1993-02-13;;+494977353;;Pfullingen;nein;xnFuoExX4XR0W7FpzUYj;Blessing
G1992;2;Klein;Cevin;;2013-01-23;;;;;nein;JIvqUdkWXaOLNpoRWN0p;Blessing
G1992;2;Klein;Cevin Christian;;2013-01-23;+491771535657;;;Metzingen;nein;JEtJVbCnuUDavL1H7HmZ;Blessing
G1993;2;Neumann;Sabine;;-304300800000;;07129-7851;bine_neumann@gmx.de;;nein;JGNiOg7y239xEzR438AG;Blessing
G1993;2;Neumann;Sabine;;1960-05-11;;+4971297851;;Engstingen;nein;aJaSmPyCNoemM0ziKxUL;Blessing
G1994;2;Failenschmid;Florian;;2002-12-15;+4915165162086;+4971229940;heidigrailich@gmail.com;St. Johann;nein;JGSPAdn15DZaoaVpbn2P;Blessing
G1994;2;Failenschmid;Florian;;2002-12-15;+4915157783420;;florifaila999@gmail.de;;nein;f4tx4iMt7cbdUydDpvIp;Blessing
G1995;2;Sevic;Ilknur;;;+491622460265;;;;nein;JHYprGnfmg3DEdKvwA2Y;Blessing
G1995;2;Sevinc;Ilknur;;374716800000;+491622460265;;ilknursevinc1981@gmail.com;Reutlingen;nein;cVt0byITeHF5dwpfqhHY;Blessing
G1996;2;Celik;Ferhat;;1988-01-12;+4917660344663;;deryayrdkl@outlook.de;weil im schönbuch;nein;JHfUCnaZEVBQX2AROfkY;Blessing
G1996;2;Celik;Ferhat;;1988-01-12;;+49162658998;;Weil im Schönbuch;nein;iNU1f0yluM81R3GwzUf4;Blessing
G1997;2;Meufeld;Eugen;;;+491785177095;;;;ja;gQKGcbYIoonsqvwJMV2N;Blessing
G1997;2;Neufeld;Eugen;;;+49 178 5177095;;Neufeldeugen@gmx.de;;ja;JIjEp3Nd5KwRQjQk8P7G;Blessing
G1998;2;Veith;Thomas;;-431827200000;;+497129938639;;Reutlingen;nein;JJkGt54Ko404IPd9AOoJ;Blessing
G1998;2;Veith;Thomas;;1956-04-26;+4917678359138;;thomasveith@gmx.de;Reutlingen;nein;VywPcOJLmYY1TvNxKPun;Blessing
G1999;2;Kourtidis;Elena;;1992-01-23;+491791447761;;elena@kourtidis.net;Filderstadt;nein;JK1NhtBtXcxM2fv0IcNE;Blessing
G1999;2;Kourtidis;Elena;;1992-01-23;+491791447761;;;Filderstadt;nein;Z1XJQIqnc70tEbcz4UuS;Blessing
G2000;2;Strohschen;Marliese;;1956-12-25;+491739380241;;marliese.strohschen@web.de;Weil im Schönbuch;nein;MGzi6eqAxkDi74lqPSgn;Blessing
G2000;2;Troschen;Marliese;;;+491739380241;;;;nein;JLIkGFGCRUADvvqIp58j;Blessing
G2001;2;Lasse;Stefanie;;785030400000;+4915779257906;;;Stuttgart;ja;JMHBtqhCJnt4o7Mfoyva;Blessing
G2001;2;Lasse;Stefanie;;;+4915779257906;;;;nein;P2pQIcUsPbcllAvu2IoX;Blessing
G2002;2;Kopsch;Kerstin;;67910400000;+4915153738322;071211394140;kekopsch@gmx.de;;ja;JOtUvtvIOr7DbhfcSuqv;Blessing
G2002;2;Kopsch;Kerstin;;1972-02-26;;+497127972857;;Pfullingen;nein;vGu4eUR274qnjyVbbRpE;Blessing
G2003;2;Erlenbusch;Dirk;;56851200000;+491628580622;;dirk@erlenbuschgerth.de;Metzingen;ja;JPag6U5g3MfWe7xdSdSF;Blessing
G2003;2;Erlenbusch;Dirk;;56851200000;+491749398012;;dirk@erlenbuschgerth.de;;ja;PZyLJUKKfWGY0SABbGkT;Blessing
G2004;2;Typusiak;Anja;;1982-12-07;+491631568380;;;;nein;JQqLXb417qcpsqbCrTvS;Blessing
G2004;2;Typusiak;Anna;;1982-12-07;+491631568380;;;Lichtenstein;nein;zJmvXxfNoSupCbRwuQBd;Blessing
G2005;2;Alfano;Carmela;;1983-05-16;+491729264783;;;Metzingen;nein;SS1TAxINC4Jvgd8awCQe;Blessing
G2005;2;Alsamo;Carmela;;1983-05-16;+491729264783;;;;nein;JSgpLBQLXc4sBKTiU3WZ;Blessing
G2006;2;Ronsa;Janike;;2015-03-23;+391237;;;Pfullingen;nein;JTBWcA1lUfMjZHjCgoPd;Blessing
G2006;2;Ronsa;JANIKE;;2015-03-23;+491797362715;;ronsajulia@gmail.com;;nein;fvV7NsyvVdJbsYkZTP7T;Blessing
G2007;2;Föhn;Insa;;404784000000;+4917623495779;;;Reutlingen;ja;JTkrmEosc65EgQqlrvwI;Blessing
G2007;2;Föhn;Insa;;1982-10-30;+4917623495779;;insa.foehn@gmail.com;;nein;jrwbSx6LwXlt8ohGANJ1;Blessing
G2008;2;Tanase;Daniel;;1968-02-23;+491714820408;+49880291;;Reutlingen;nein;JTuBOzwuOB9F2M4e5goN;Blessing
G2008;2;Tanase;Daniel;;1968-02-23;+491714820468;;dttanase@gmx.de;Reutlingen;nein;hrje0wOuQQXVhvuUImcR;Blessing
G2009;2;Schlosser;Dorothee;;-679795200000;;+49712129274;;Reutlingen;nein;yr2Jlw3BDdsskeUAPO2g;Blessing
G2009;2;Schlosser;Dorotheee;;-679795200000;+4916091643247;;;;nein;JV4HWr1GT9M3zQI8uYmh;Blessing
G2010;2;Schaible;Ingrid;;1962-05-26;+4915201815962;;;Kusterdingen;nein;JVxCmKIpxVC6qT9gKXWL;Blessing
G2010;2;scheible;Ingrid;;1962-05-26;+4915201815962;;;;nein;Xt7lGXDDmxquynuOA88r;Blessing
G2011;2;Asbir;Mohamad;;1995-01-04;+4915786390087;;aspeeaar@gmail.com;Reutlingen;nein;JWJkBu4whXh1WSjLRInu;Blessing
G2011;2;Asbir;Mohamad;;1995-01-04;+491754275730;;gudrun.haake@gmx.de;Rottenburg;nein;fz7ViQXtKIwDAq3k1qgP;Blessing
G2012;2;maier;ursula;;;;+49712732085;;;nein;JWvnQZ2609YaoKPxdaSG;Blessing
G2012;2;Maier;Ursula;;1952-09-26;;+49712732085;;Neckartenzlingen;nein;adPn4Sqt2ZxZgQ2cgZi4;Blessing
G2013;2;parachidou;Agabi-Zoi;;2013-10-15;;;;;nein;JX0CJIeB1thRD5SyVf3S;Blessing
G2013;2;Parashidou;Agapi-Zoi;;2013-10-15;+491622891638;;;Reutlingen;nein;MpUxsAihjSZZXyuQSCOZ;Blessing
G2014;2;Nagel;Heike;;1988-02-02;+4915151875096;;chemayheike@gmail.com;Reutlingen;nein;JaSqj4sKD9lugHhrcRUw;Blessing
G2014;2;Nagel;Heike;;1988-02-02;;580469;;Reutlingen;nein;xdATX6BPvxgT5dtZuf2N;Blessing
G2015;2;Stielov;Eva-Maria;;1979-01-18;;+497129145125;;;nein;XsuUWru9eocv0Ky7lyAd;Blessing
G2015;2;Stielow;Eva-Maria;;1979-01-18;;+497129145135;;Lichtenstein;nein;JadBzMa3efNtwUDXDE0q;Blessing
G2016;2;Huynh;Thi Ngoc Nga;;1960-03-05;;623871;;Reutlingen;nein;Jb1jkdn8JVGsTXgVEI9X;Blessing
G2016;2;Huynh;Thi Ngoc Nga;;1960-03-05;+4915144600963;;andy.huynh@gmx.de;Reutlingen;nein;R0O5GRsOXKGNZjn9Um8Z;Blessing
G2017;2;Elebaeva;Aidai;;;+4917683312399;;aidaielebaeva@gmail.com;;ja;JcA0PU9GrKcMSrjvwuDM;Blessing
G2017;2;Elebaeva;Aidai;;2000-04-16;+491785079496;;aidaielebaeva@gmail.com;Tübingen;nein;PhPHHIa1pQ0FVDB0r3Pk;Blessing
G2018;2;Nikolaidis;Georgios;;-177724800000;+4915730687096;;annettenikolaidis@web.de;;ja;JcC5gL2TnTidS6cCYxMH;Blessing
G2018;2;Nikolaidis;Georgios;;1964-05-15;;+497123389090;zoenikolaidis@web.de;Riederich;nein;UhsAOiQ2Y0xeqxbZh6TE;Blessing
G2019;2;Kuder;Andrea;;1963-07-07;+4915172301326;;andrea.kuder@t-online.de;Metzingen;nein;JcRXBoubXIjqK8bkvrET;Blessing
G2019;2;Kuder;Andrea;;;+4915172301326;;andrea.kuder@t-online.de;;nein;evEXyad2gTuV9lHW8YM7;Blessing
G2020;2;Guo;Hong;;-290563200000;+4915905398326;+497123604445;h.guo1688@gmx.de;Metzingen;nein;JdNa7NpGHuEho6iWh3Df;Blessing
G2020;2;Guo;Hong;;;+49712360445;;h.guo1688@gmx.de;;ja;V8OVH15FOCTF31tS5v2o;Blessing
G2021;2;rotiers;walter;;1942-10-07;;+4971278343;;;nein;czygTBDATN5sxlPGABhz;Blessing
G2021;2;Rottiers;Walter;;1942-10-07;;+4971278343;;Pliezhausen;nein;JdmrolqvtxqtlZpgtkfX;Blessing
G2022;2;Schulz;Laurin;;2009-07-17;+4915120160290;;tine.schulz77@gmail.com;Eningen;nein;Je380QzZATyRbcpdKUzU;Blessing
G2022;2;Schulz;Laurin;;2009-07-17;;+497121603773;;Eningen;nein;SDUGHR72Xo7BFgzT7udR;Blessing
G2023;2;Barbosa Inacio;Joao Paulo;;1981-11-26;;;;Reutlingen;nein;JeMGZwFqO9qddKuyKlJO;Blessing
G2023;2;Barbosa Inacio;Joao Paulo;;1981-11-26;+4917642768058;;;Reutlingen;nein;Zedj9FFzoR2iKrroOTI7;Blessing
G2024;2;Mosca;Manuela;;1986-06-04;+4917621799040;+4971251309508;;Hülben;nein;JebiPygdwK9oQBFQTfP6;Blessing
G2024;2;Mosca;Manuela;;1986-06-04;+4917621799040;;manuela-mosca@gmx.de;;nein;NtofRSmy5HLZEammfq2J;Blessing
G2025;2;Kaur;Ramneek;;1139616000000;;;;;nein;Jg3hWQpU8NrkKyp4dgOt;Blessing
G2025;2;Kaur;Ramneek;;1139616000000;;;;;nein;hSKzWv6uakJR1qKc4poM;Blessing
G2026;2;Azazi;Ehab;;2002-01-07;+4917687954949;;;Tübingen;nein;JhBCxrwaqyxvFkAmVSLn;Blessing
G2026;2;Azazi;Ehad;;2002-01-07;;;;;nein;XCGlJITziijaNnlFrU1k;Blessing
G2027;2;Mangone;Tiziana;;2004-09-20;;+497125141995;tizianamangone@cloud.com;Metzingen;nein;Ji2I3tSPFGtEojqZu4lG;Blessing
G2027;2;Mangone;Tiziana;;2004-09-20;+491631616481;;patriziamondamangone@wen.de;Bad Urach;nein;o9fklKxJR114pgSQ34Qf;Blessing
G2028;2;Krivec;Anna-Maria;;;+49017623937152;;anna.krivec@gmx.de;;ja;JjMJOC80eGKAwZh3oRd6;Blessing
G2028;2;Krivec;Anna-Maria;;443318400000;+4917623937152;;anna.krivec@gmx.de;Reutlingen;ja;OYscsRoXZO0RS5RmltWk;Blessing
G2029;2;Lohrei;Maria;;1955-09-21;+4915732110026;;;Reutlingen;nein;JjZbecxVE7MDH3gOdTjP;Blessing
G2029;2;LOHREICH;mARIE;;1955-09-21;+4915732110026;;;;nein;p0QNZeAosBV4nhAaTn2v;Blessing
G2030;2;Knopf;Bärbel;;1960-10-23;;+4971239570881;b.knopf.m@gmx.de;;nein;JjqGac7NJ8nZGfaEIcSy;Blessing
G2030;2;Knopf;Bärbel;;1960-10-23;;+49712336493;;Riederich;nein;sbDQUoa9PlKXlNGsLcNf;Blessing
G2031;2;Messmer;Dennis;;1999-12-02;+4917645952748;380722;;Reutlingen;nein;JkUW44FRnTnsTFNnAvXJ;Blessing
G2031;2;Messmer;Dennis;;1999-12-02;+4917645952748;;dennismessmer@gmx.net;;nein;KumBuIfQPRWuSlHBnqG1;Blessing
G2032;2;Volk;Konrad;;1957-07-13;+491718747624;;connyvolk@t-online.de;Metzingen;nein;Jl1Jq15DOuWVnQSpNnak;Blessing
G2032;2;Volk;Konrad;;1957-07-13;+491718747624;;;Metzingen;nein;KzY3hdPFYOFux2Q4ReMW;Blessing
G2033;2;Schwärzler;Birgit;;1968-09-17;;+497125155650;;Bad Urach;nein;JlE5zapKT5h2qmsDDqe0;Blessing
G2033;2;Schwärzler;Birgit;;1968-09-17;+4916090905818;;birgit.schwaerzler@tavt.de;Bad Urach;nein;lLx4Wqs2GpvO83wgEBmR;Blessing
G2034;2;Gusenbauer;Günter;;1942-01-14;;+49712333130;;Riederich;nein;JlkJEU4p0S4CuIPzmoVE;Blessing
G2034;2;Gusenbauer;Günter;;1942-01-14;;+49712333130;gmgusenbauer@web.de;;nein;nIbVlpRucNVAIEGmRGx5;Blessing
G2035;2;Graf;Kyra Antonia;;2001-04-26;;371141;;Reutlingen;nein;Jm0oMbLC6yN6nCwMJAuO;Blessing
G2035;2;Graf;Kyra Antonia;;2001-04-26;+491753352637;;kyra.graf@gmx.de;Reutlingen;nein;Mgv4YcND5Lk094rGEs5c;Blessing
G2036;2;Kleemann;Tanja;;;+491754988425;;tanja.kleemann@gmx.de;;ja;JnedKVnFy7u79LAcEgNm;Blessing
G2036;2;Kleemann;Tanja;;1976-07-03;;+497123360111;tanja.kleemann@gmx.de;Riederich;nein;Lrj7KuFAgW6Jy5PmxChW;Blessing
G2037;2;Lange;Sophia;;;+491779253307;;lange.sophia@web.de;;ja;aSA5myn2vdxYCsHtbQcJ;Blessing
G2037;2;Lange;Sophia-Theres;;1994-04-06;+491779253307;;lange.sophia@web.de;;nein;JopKUm0F3R8NyZMZDJN3;Blessing
G2038;2;Yetim;Bilge;;1993-11-29;+4915221319213;2746900;bilgeytm61@outlook.de;Reutlingen;nein;Jq3oFgvpJ5vAhgsgVKdo;Blessing
G2038;2;Yetim;Bilge;;1993-11-29;+4915221319213;;oezge0701@gmail.com;Reutlingen;nein;y32yiWOq9VvqKWVGAyAC;Blessing
G2039;2;Geisler;Tobias;;658195200000;+4915122168254;+49747182807;tobiasrohn90@gmail.com;Pfullingen;ja;JqlBao9ds7PDnt1k69mW;Blessing
G2039;2;Geisler;Tobias;;1990-11-10;;;;Pfullingen;nein;UgfQYBDLGVjhfU2OKGC7;Blessing
G2040;2;Manea;Johannes;;2009-05-18;;;;Reutlingen;nein;JqwtvFQHmCIpuZvlVupZ;Blessing
G2040;2;Manea;Johannes;;2009-05-18;;;;Reutlingen;nein;fOftKxpyLhN1glLUyXbI;Blessing
G2041;2;Faulhaber;Franz;;1950-11-13;578278;+497121578278;franzfaulhaber@arcor.de;Reutlingen;nein;JrcZLwkB1FiP0tappsR2;Blessing
G2041;2;Faulhaber;Franz;;1950-11-13;+491634828326;07121-578278;ffrt@arcor.de;;ja;mExh6ZPOGZfqIMizUvss;Blessing
G2042;2;Jedinat;Dagmar;;1964-08-17;;+49491504;;Reutlingen;nein;JrjJXsk3CUQJ3zyO9iyY;Blessing
G2042;2;Jedinat;Dagmar;;1964-08-17;+491776595037;;frodo123@gmx-topmail.de;;nein;abR7fOOWqvx5BIgOXRu8;Blessing
G2043;2;Kunze-Teufel;Ingeborg;;1948-10-18;+4915776943180;;kunze-teufel@t-online.de;;nein;JstapdGC5G8HcvmZ5UAR;Blessing
G2043;2;Kunze-Teufel;Ingeborg;;1948-10-18;+4915776943180;;;Tübingen;nein;zNDwlImRTm4yALWhIaxm;Blessing
G2044;2;Kücük;Ahmet;;151027200000;+491743017645;;samstep@hotmail.de;Nürtingen;nein;JsxEgqF6Ez24FrXUi6ro;Blessing
G2044;2;Kücük;Ahmet;;1974-10-15;+4915901023389;;;Nürtingen;nein;xcOlLCyufh6AvGO0o6Aq;Blessing
G2045;2;Voss;Gabriele;;1953-01-29;+491738408015;;coopersmv@hotmail.de;Reutlingen;nein;sCcP4tm2Bk8Z8fLaknJx;Blessing
G2045;2;Voß;Gabriele;;1953-01-29;;+4971236900;;Reutlingen;nein;JuOYKiXsGVg5hxYg9ARM;Blessing
G2046;2;Muratovic;Adelina;;2006-06-14;;5148254;;Reutlingen;nein;JvQTPX1NO7yfsHmp6daF;Blessing
G2046;2;Muratovic;Adelina;;;;5148254;;;nein;zunL7ttpOy5Ejl7EjnNH;Blessing
G2047;2;Alvahohl;Josse;;;+49712759088;;;;nein;SX0Gfs7NU8MY1ppTZ3Io;Blessing
G2047;2;Salvasohn;Josef;;1935-07-01;;+49712759088;;Aichtal;nein;JwhUXKL6MgpC3f8Ksk9w;Blessing
G2048;2;Kraus;Emely;;2020-08-01;;;;;nein;UZgwWcxeyrdIeHN1lfhA;Blessing
G2048;2;Kraus;Emily Carlotta;;2020-08-01;+491766494689;;;Nürtingen;nein;Jx5reM31aJ9e7LfgrxyK;Blessing
G2049;2;Decker;Ingrid;;;+49 163 4801503;;IngridDecker@gmx.de;;ja;JxxFWiMiS6YNMHnnIFhd;Blessing
G2049;2;Decker;Ingrid;;1954-10-19;;+49712332367;ingriddecker@gmx.de;Bempflingen;nein;hxhJ5PZgvhQoWBdcJXpl;Blessing
G2050;2;Yilmaz;Songül;;1971-01-10;+4915770456007;;;Reutlingen;nein;JzxuKlHzobi9rqHpwaaM;Blessing
G2050;2;yilmaz;songürl;;1971-01-10;;;;;nein;ve7FoIxZGucyrsjtg986;Blessing
G2051;2;Haussmann;Irmgard;;-803606400000;;+49702259002;alyssa.haussmann@web.de;Nürtingen;nein;K3b3eMdb2gnn4DuAKX5K;Blessing
G2051;2;Tauschmann;Irmgard;;;+49702259002;;;;nein;k7HxyGjXhS118oiL78MN;Blessing
G2052;2;Sablowski;Udo;;1969-05-03;+491630810515;;udo_sablowski@web.de;Eningen;nein;K4o3Z6nxT0erZyJVcEQA;Blessing
G2052;2;Sablowski;Udo;;1969-05-03;;;;Eningen;nein;NvDAr3UvL8mt1njRYmck;Blessing
G2053;2;Nübel;Gabriele;;;;+4973851276;;;nein;K5sQI45cCubfED1RpNrD;Blessing
G2053;2;Nübel;Gabriele;;1954-01-25;;+4973851276;;Kohlstetten;nein;mkw2uWvDjfnR2nmgfuX2;Blessing
G2054;2;Korkmaz;Yasemin;;917740800000;+491721779783;;;Pfullingen;ja;VoZAo5ozwV9DGLd8GhDJ;Blessing
G2054;2;Orkmaz;Semin;;;+491721779783;;;;nein;K62jnVNN9xVpehuz7h5d;Blessing
G2055;2;Mirza;Amtal;;1988-03-10;+4915563307465;;a-mirza@hotmail.de;;ja;K6X2YXnSvNBM3lXdJ86I;Blessing
G2055;2;Mirza;Amtal Hayi;;1988-03-10;;;;Reutlingen;nein;Pk6YNUOIzzBI6oUX1XQk;Blessing
G2056;2;Schwenkel;Melanie;;1979-05-05;;+497125408721;;Hülben;nein;K72WkSGnmgWxaIcBq9Oe;Blessing
G2056;2;Schwenkel;Melanie;;1979-05-05;+491627814245;;schwenkel@kabelbw.de;;nein;T9MNEf1OZdlOb5dICvIs;Blessing
G2057;2;Kürz;Melanie;;421977600000;;+497123958940;;Kohlberg;nein;K7ercC2AhXzUAFbPGnV9;Blessing
G2057;2;Kürz;Melanie;;1983-05-17;+4917623212329;;jusimelli@t-online.de;;nein;S5SwjFXKPSI470c0qWeN;Blessing
G2058;2;Senft;Norbert;;;+491604813547;;berti.senft@gmx.de;;ja;K7xkZ7nMV9UI1otD5CSJ;Blessing
G2058;2;Senft;Norbert;;-369619200000;;+497121509475;berti.senft@gmx.de;Reutlingen;nein;mKAdjcvY9kzwdeMl01ur;Blessing
G2059;2;Ullmann;Lara;;2004-07-23;;210293;;Reutlingen;nein;K8GwXvu4Ek1GLVSff9z5;Blessing
G2059;2;Ullmann;Lara;;1090540800000;+4915758430879;;lara_ullmann@web.de;Reutlingen;ja;LvS7mtRlR29fckev6kIC;Blessing
G2060;2;Maurer;Karlheinz;;-549072000000;+491742026223;;karlheinz.maurer@autohaus-maurer.de;;ja;K8SzhVlx6wd1FHSJlAvz;Blessing
G2060;2;Maurer;Karlheinz;;1952-08-08;+491742026223;+497031603737;;Holzgerlingen;nein;RVPoYY7kEDW96gj4czJq;Blessing
G2061;2;Rösch;Julian;;1997-06-19;+4915224802245;;;Reutlingen;nein;K9Igs82OGk3MQp66GGMK;Blessing
G2061;2;Rösch;Julian;;1997-06-19;+4915224802245;;juli.roesch97@web.de;;nein;lalaIR8mxmqFQQWGKKoJ;Blessing
G2062;2;Ledeczi Stanescu;Amalia;;2000-03-03;+491728158391;;stanescuamalia23@gmail.com;Reutlingen;nein;cIgFiLcZiD2bDdzRN2yg;Blessing
G2062;2;Lédéczi-Stanescu;Amalia-Maria;;2000-03-03;+4915204274026;;;Reutlingen;nein;K9db327rQaOzwRnvMhpV;Blessing
G2063;2;Kocsis;Szófia;;2014-06-30;+4917672404859;;szombadr@gmail.com;Ostfilder;nein;klUnJ4wQTbKRSL2aNuDw;Blessing
G2063;2;Kocsis;Szófia Emma;;2014-06-30;;;;Ostfildern;nein;K9hiSc0OmqF8PGTAChYF;Blessing
G2064;2;Schulz;Daniela;;1970-01-10;;;;Nürtingen;nein;KAShS6W0syUVExLJkNvL;Blessing
G2064;2;Schulz;Daniela;;1970-01-10;+4917676024090;;Schulz0170@gmail.com;;ja;wgdJXJ8JOKslVX6iBZe3;Blessing
G2065;2;Schenker;Franziska;;1977-11-03;;880547;;Neckartenzlingen;nein;KBWbnRrYCLDzN829uKRA;Blessing
G2065;2;Schenker;Franziska;;1977-11-03;+491743266331;;schenker.franziska@gmx.de;;nein;e8Kb6kzThN9ofr9GYn7X;Blessing
G2066;2;Fahrner;Sabine;;1965-05-20;;9187050;;Reutlingen;nein;KE82Bxd2sysGY9h3s9KO;Blessing
G2066;2;Fahrner;Sabine;;1965-05-20;;+4971219187050;dietrich.fahrner@gmx.de;;nein;tLi0Hl7YcRTGtmzejGRx;Blessing
G2067;2;Weber;Leonie;;2009-07-21;;;;;nein;KFWL5E0dWxfwC0S7VeF5;Blessing
G2067;2;Weber;Leonie Emma Ursel;;2009-07-21;;+497125309767;s.schmitz@kp-recht.de;Bad Urach;nein;QlEjEeUnzA2hfOilLihm;Blessing
G2068;2;Schenker;Emil;;2011-05-01;+491743266331;;schenker.franziska@gmx.de;Neckartenzlingen;nein;rYPRwxbaYigDdXNiZcMX;Blessing
G2068;2;Schenker;Emim;;2011-05-01;+491743266331;;schenker.franziska@gmx.de;Neckartenzlingen;nein;KFghBf8AddUiI8KwFwRX;Blessing
G2069;2;Zufelde;Otto;;1928-05-22;;+4971232536;;Metzingen;nein;KGQ1tlhRmKtzt0noLrN8;Blessing
G2069;2;Zufelde;Otto;;1928-05-22;;+4971232536;u.san@web.de;;nein;RBj9Ylp5uU5XOmsa9Vjz;Blessing
G2070;2;Sitnikov;Anastasia;;1996-08-01;+4917643594442;;anastasia96s@web.de;;nein;KHr9BdYMwggj7JELVxni;Blessing
G2070;2;Sitnikova;Anastasia;;1996-08-01;+4915753718549;;;Sonnenbühl;nein;nZAeQ7GIThMbqsiogIQo;Blessing
G2071;2;Schmid;Vivien;;1257897600000;;+497123720538;voxiundilona@googlemail.com;;nein;KJt3GWziXOcGoyfcS3Zg;Blessing
G2071;2;Schmid;Vivien Elisa;;2009-11-11;;+497123720538;;Metzingen;nein;WSeICwtrFsDxrVcMnsqW;Blessing
G2072;2;Kraft;Kim;;2000-06-10;+491751104435;;kim.kraft@outlook.de;Unterensingen;nein;O9lLDr5ZC58jbS0ZxH1F;Blessing
G2072;2;Kraft;Kim-Laura;;2000-06-10;+491751104435;;kim.kraft@outlook.de;Tübingen;nein;KKK9AEP2YiES6GtRnf4a;Blessing
G2073;2;Kosior-Hochberger;Nicole;;1979-03-07;;+497123162309;nicolett03@aol.com;;nein;KKkADYDnlXoFoYNjq7vE;Blessing
G2073;2;Kosior-Hochberger;Nicole;;1979-03-07;;+497123162309;;Metzingen;nein;WICTI15PRiPK9LOD8alZ;Blessing
G2074;2;Real;Oliver;;1976-09-10;+4916090583781;;oliverreal@gmx.de;Dußlingen;nein;KLZAPNi8Z9E5d4vPlQeo;Blessing
G2074;2;Real;Oliver Marco;;1976-09-10;+4916090583781;;;Dußlingen;nein;lAQrpgqH3rK4P2ohuek8;Blessing
G2075;2;Trost;Dietmar;;-141609600000;+491747815487;;;;ja;KLZYQx07gHkR9kIvZljq;Blessing
G2075;2;Trost;Dietmar;;1965-07-07;+491747815487;+49712334281;dietmartrost2@web.de;Riederich;nein;QfQWke7ewmCzz9qGntXt;Blessing
G2076;2;Leyener;Brunhilde;;1955-02-23;;+4971213843194;23bleyener@gmail.com;;nein;KLuRjzvexAw1Aq9vxWYG;Blessing
G2076;2;Leyener;Brunhilde;;1955-02-23;+491714575047;;leyener.family@t-online.de;Kirchentellinsfurt;nein;LjJbH6as6u959CbkjAUD;Blessing
G2077;2;Rauscher;Regina;;1957-07-10;+491792493978;;r.rauscher57@gmail.com;;nein;KMrqwuB5ZQp6AfoZmuVo;Blessing
G2077;2;Rauscher;Regina;;1957-07-10;;+4971216968919;;Pfullingen;nein;o0x8MGn4rxzSki75FXnm;Blessing
G2078;2;Thomas;Christine;;-379036800000;;339351;;Reutlingen;nein;KN6BIP2j0lr5H0HuTru3;Blessing
G2078;2;Thomas;Christine;;1957-12-28;;+497121339351;frau.christine.thomas@web.de;Reutlingen;nein;ZCgQ6ihFIavYFg3ZtbBO;Blessing
G2079;2;blasic;Mlaven;;1976-01-28;+491739993009;;;;nein;yZZhVUV7Hcr8qjsRgfqj;Blessing
G2079;2;Blazic;Mladen;;191635200000;;;;;nein;KNiuUHezYVGWuSuYdHdu;Blessing
G2080;2;Wunderlich;Andrea;;1968-04-21;+4915734250291;+497121622066;wunderlich468@gmail.com;;nein;KO3DagiAv1IxLp8X01Tc;Blessing
G2080;2;Wunderlich;Andrea;;1968-04-21;;622066;;Reutlingen;nein;kBVh0VLutHbXV8Xp1DcY;Blessing
G2081;2;Jost;carmen;;1968-07-29;;+497121337394;brunojost1965@gmail.com;Eningen unter Achalm;nein;KPQVyvy9v5aaIOkxhCZT;Blessing
G2081;2;Jost;Carmen;;1968-07-29;;337394;;Eningen;nein;MqjVKEd4nTczfLFlg8fZ;Blessing
G2082;2;Schwieger;Sabrina;;345081600000;;;;;nein;KQ0qvOCvFRp4ZbCJMJAG;Blessing
G2082;2;Schwieger;Sabrina;;345081600000;+491601252723;;phrakhun@gmail.com;Metzingen;ja;U59gl1vU4dNQqvchJUtX;Blessing
G2083;2;Peters;Nina;;1984-12-03;+491743924314;;;Reutlingen;nein;KR6LcLNf6ZE7r0fYI5HV;Blessing
G2083;2;Peters;Nina Julia;;1984-12-03;+4917661539138;;nina_peters@ymail.com;;nein;qjUVv0SGlb6YxHldy1ju;Blessing
G2084;2;schonig;Peter;;1966-05-01;+4917655123897;;;;nein;KRBzaWDrj9OCEuSFELzh;Blessing
G2084;2;Schosnig;Peter;;1966-05-01;+4917655123897;;;Kohlberg;nein;pTfHQoEdnrdoRc8SJLIB;Blessing
G2085;2;Schreyer;Heike;;1960-02-12;;+497123947805;siri.1@web.de;Metzingen;nein;ebb1C9ZtlT8iTHhCOE5N;Blessing
G2085;2;Schreyer;Heike Andrea;;1960-02-12;;+497123947805;;Metzingen;nein;KRSpky3BFdGXCoZc9RFV;Blessing
G2086;2;Bach;Renate;;1960-02-29;;+497121492148;mirebach@web.de;Reutlingen;nein;KRT8qayOK9IaLAciHUXr;Blessing
G2086;2;Bach;Renate;;-310521600000;;;;;nein;cQu4NwUfnKF3Uv2Wl5rf;Blessing
G2087;2;Kostiuk;Maria;;1977-02-15;;+497121206418;t-35@gmx.de;Reutlingen;nein;soWYni8e2eBOjf0kz48X;Blessing
G2087;2;Kostiuk;Mariia;;1977-02-15;+4915257830202;+497121206418;;Reutlingen;nein;KSMXpW2sclwmkquEy7eC;Blessing
G2088;2;Tertiat;Carlotta;;;+491632499428;;;;nein;KSqm9X5JYYr4yP4junZ4;Blessing
G2088;2;Tertil;Charlotte;;;+491632499428;;;;nein;lqGFdJgDBu59JHUtKrWN;Blessing
G2089;2;Klötzig;Daniel;;2013-03-18;+491715286591;;rene.kloetzig@gmx.de;Reutlingen;nein;KSttzg383OTQ9u4cQCTt;Blessing
G2089;2;Klötzig;Daniel;;2013-03-18;+491715286591;;rene.kloetzig@gmx.de;;nein;bmkDShZvMi4OTKwTCSt8;Blessing
G2090;2;Denner;Nico;;1998-07-31;+4915110773820;;nico.denner@gmx.de;Munich;nein;KSwGhaPnq2FY6Cfc3OBo;Blessing
G2090;2;Denner;Nico Daniel;;1998-07-31;+4915110773820;;;Pfullingen;nein;mnSn8GPOFKDYYHPe7Trk;Blessing
G2091;2;Jeschke;Angelika;;;+4915736830025;;Angelikajeschke@web.de;;ja;KTMCwTMAxD73mOSfHjIe;Blessing
G2091;2;Jeschke;Angelika;;1966-09-14;;+49712756576;angelikajeschke@web.de;Aichtal;nein;lWppTE7cxCCiTDW0xFz0;Blessing
G2092;2;Altan;Mina;;2013-02-14;+491622171605;;;Reutlingen;nein;oMBVLL8Ohflb1kEMjRI9;Blessing
G2092;2;altan;Nina;;2013-02-14;;;;;nein;KUK7llHCe9dd19tsZthd;Blessing
G2093;2;Eckstein;Aimee Catherine;;1992-05-31;+4917657639483;;;Reutlingen;nein;KUSCVe3KAE0CefKlH6FV;Blessing
G2093;2;Eckstein;Aimée;;1992-05-31;+4917657639483;;aimee.92@hotmail.de;Reutlingen;nein;arPM2Oy7O5U7WokGMbUK;Blessing
G2094;2;Vesic;Radenko;;221875200000;+4917644407666;;radenko@vesic.eu;Reutlingen;nein;KVp0hAAyou7rvYvyn10D;Blessing
G2094;2;Vesic;Radenko;;1977-01-12;+4917644407666;;radenko@vesic.eu;Reutlingen;nein;nbIcGukS1lcLWhh2Hsnt;Blessing
G2095;2;Bauer;Nele;;2009-10-24;+4915773724528;+4971215147230;heidiundmarc@gmail.com;;nein;tX1bukEr3NyUzGjXwsdn;Blessing
G2095;2;Bauer;Nele Matilda;;2009-10-24;;+4971215147230;heidiundmarc@gmail.com;Reutlingen;nein;KXFIjVyGyZUgg2oBWhNV;Blessing
G2096;2;Mülner;Robert;;1984-09-12;+4917670952478;;info@robertmuelner.com;Eningen;nein;KZAj1jLyfrdHRVkRGmwd;Blessing
G2096;2;Münner;Robert;;1984-09-12;+4915203966388;;;;nein;h3F1dzdh1T8q5SPzMDXK;Blessing
G2097;2;Dwenger;Gerhard;;1953-02-14;+4917678756357;;g.dwenger@web.de;Reutlingen;nein;KaGCPWBl0TjNq96SrMKP;Blessing
G2097;2;Dwenger;Gerhard;;-532656000000;;923645;;Reutlingen;nein;PUMXw9P8xbuNBmaXa2I3;Blessing
G2098;2;Namoni;Fatos;;1984-01-19;+4917663604544;;;Metzingen;nein;KacQWT6twe36p2zpxRCO;Blessing
G2098;2;Namoni;Fatos;;1984-01-19;+491748163295;;namoniblinera@gmail.com;Metzingen;nein;oqUayJ5RJxoZGeCzAMNJ;Blessing
G2099;2;Lederer;Emma;;2006-12-05;;+49712167769;;Reutlingen;nein;KaiuaFldx2vtjw6FD7YC;Blessing
G2099;2;Lederer;Emma;;2006-12-05;+491727105957;;katja.lederer@gmx.de;;nein;cloTmjMrDZ6JhXWlcirO;Blessing
G2100;2;Spis;Viktoria;;1999-04-21;+4915754631595;;vikarussia123@gmail.com;Reutlingen;nein;KbkeXbcRWYu9UCzxwMue;Blessing
G2100;2;Spis;Viktoria;;924652800000;+4915754631595;;;Reutlingen;nein;fIVPA6R9naI6dtvz6gVU;Blessing
G2101;2;Hajdu;Helga;;;+4917684604236;;helga.hajdu@gmail.com;;ja;W7nZkA4B2S8kWmAPjmqp;Blessing
G2101;2;Hajdú;Helga;;432259200000;+4917684604236;;helga.hajdu@gmail.com;Reutlingen;ja;Kcf6e9fB1lDADRWLuJZj;Blessing
G2102;2;Taleb;Lilas;;2006-01-13;+4917666996790;;;Metzingen;nein;KcqhZnUvtiYsuxgIV5zC;Blessing
G2102;2;Taleb;Lilas;;2006-01-13;+4917687096072;;lilastaleb@icloud.com;;nein;WNFhNOd7KXMXaSlvK4w3;Blessing
G2103;2;Bartsch;Svenja;;2001-01-11;;+497123949792;svenjabartsch2001@web.de;Metzingen;nein;Kcse4o1ypLxEHrie57Xk;Blessing
G2103;2;Bartsch;Svenja;;;+4915777458813;;svenjabartsch2001@web.de;;ja;TMOa28OLtBbDicfLH2Fq;Blessing
G2104;2;Hönes;Regina;;1965-07-23;+4915127517489;;regina.el@gmx.de;;nein;KcttSQrdPovDwpg6QM8U;Blessing
G2104;2;Hönes;Regina;;1965-07-23;+4915127517489;9885692;;Reutlingen;nein;ob8hKwE4xiVWPwREXF5D;Blessing
G2105;2;Wolf;Waltraud;;1957-05-04;;;;;nein;KdAVXCsDVTyXeHnS12c4;Blessing
G2105;2;Wolf;Waltraud;;1957-05-04;+491794407012;;traudel.wolf@t-online.de;Reutlingen;nein;Up5zEPiKW691S0lDn1MX;Blessing
G2106;2;Fischer-Ara;Alexandra;;1991-05-11;+4917655742580;;;Reutlingen;nein;PxPKKwx5KGb5CfjTM2gv;Blessing
G2106;2;Fischer-aral;Alexandra;;673920000000;+4917655742580;;;;ja;KdX8J5xVZH9voU61Yj1E;Blessing
G2107;2;danesch;holger;;1960-12-24;;;;;nein;Kdt8UodJfayvtxeGuWew;Blessing
G2107;2;Danisch;Holger;;1960-12-24;+4917624513268;;;Trochtelfingen;nein;nKwW3Lhbb1MN4zHjonBU;Blessing
G2108;2;groebler;brigitte;;1948-06-03;;+4971234413;;;nein;gt0QvRyuxYxUvYFbH7ti;Blessing
G2108;2;Groepler;Brigitte;;1948-06-03;;+4971234413;;Metzingen;nein;Ke28KtfvAsp0hnxnWQzp;Blessing
G2109;2;Hoehs-Goslar;Beate;;1967-10-06;;+497121798070;hoehs-goslar@online.de;Pfullingen;nein;KeWE0auSalpWt53Dhwkm;Blessing
G2109;2;Hoehs-Goslar;Beate;;1967-10-06;+4915116462777;;beate.hoehs.goslar@gmail.com;;nein;ehD1O8LschwiRnmrmFEe;Blessing
G2110;2;El Chaar;Samia;;1965-01-22;;370648;;Reutlingen;nein;KfNQznpDx2DEj6EvHSUY;Blessing
G2110;2;El Chaar;Samia;;1965-01-22;;370648;;Reutlingen;nein;V90ECXMw2WlZugwxk8Nx;Blessing
G2111;2;Baumann;Margit;;1943-10-05;;+49712331278;cb5575@gmail.com;Bempflingen;nein;KhRxb0zr5BElM0Jz89Q2;Blessing
G2111;2;Baumann;Margit;;1943-10-05;+491792958307;;katrin_reuter@hotmail.com;Bempflingen;nein;vClnFP71LINtkHdoXYr7;Blessing
G2112;2;Gelhard;Renate;;1950-03-05;;+4971278391;;Reutlingen;nein;KiBtKxl63hHM2lttZjtB;Blessing
G2112;2;Gelhard;Renate;;1950-03-05;;+497127795686;renate.gelhard@gmx.de;Reutlingen;nein;WzNdNOjPP1PqAxZuJRzf;Blessing
G2113;2;Wenzel;Emma;;2012-11-29;;+497125933793;;;nein;KiLNFSGBlGDFCGKeRU3E;Blessing
G2113;2;Wenzel;Emma Lore;;2012-11-29;;+497125933793;;Bad Urach;nein;v6PDxFejQoHyDpcQsdi9;Blessing
G2114;2;Bitikj;Petrit;;316569600000;+4917674713173;;petritmirlindabytyqi@gmail.com;Reutlingen;ja;zaBAH0HRyTKX8NipB4tP;Blessing
G2114;2;Bitkj;Petret;;316569600000;;;;;nein;KiN7F91yTGjrC65AaPHM;Blessing
G2115;2;Jaroß;Thomas;;;+49 1520 6490026;;thomasjaross@web.de;;ja;sISbkeNxAAokQGrUSAPA;Blessing
G2115;2;Jaroß;Thomas Richard;;-139449600000;+4915206490026;;thomasjaross@web.de;Reutlingen;ja;KjrWIf5qxOskO3Tp9TqV;Blessing
G2116;2;Akbas;Irem;;1999-12-05;+4915254174198;;;Reutlingen;nein;Kjry73tG6jZqxCWLspr7;Blessing
G2116;2;Akbas;Irem;;1999-12-05;;;;Reutlingen;nein;uinveeynqea5kViXfoJl;Blessing
G2117;2;Mettendorfer;Christine;;1972-09-08;+4915734522205;;tine.mettendorfer@web.de;;nein;KkisPm55byvk36n7XDu4;Blessing
G2117;2;Mettendorfer;Christine;;1972-09-08;;270019;;Reutlingen;nein;rndDplR2JEqiYEQe26H2;Blessing
G2118;2;Rominger;Ursula;;1967-07-13;+4915752709451;;g.rominger@t-online.de;;nein;KlZUH9pm78CZxM7QXtDA;Blessing
G2118;2;Rominger;Ursula;;1967-07-13;+4915752709451;+497129936093;g.rominger@t-online.de;Lichtenstein;nein;XLdX8SZ5hhTYl290yq1y;Blessing
G2119;2;Hörbe;Jessica;;1996-05-04;;580048;;Reutlingen;nein;KmC2xOFf2ZDIatjdJPGQ;Blessing
G2119;2;Hörbe;Jessica Noa;;1996-05-04;+491626841374;;j.hoerbe@gmx.de;;nein;dbHO6KsC5uiXQxxpODI1;Blessing
G2120;2;Alkan;Altac;;2017-10-11;;;;;nein;rsDlkS5KJjzBbC4iRCSl;Blessing
G2120;2;Alkan;Aytac;;2017-10-11;;;;Lichtenstein;nein;KmT6hFb658Azh0diLPmD;Blessing
G2121;2;Lichtenberger;Andreas;;1968-02-01;;+497121580669;andilichti@hotmail.com;Reutlingen;nein;KnBCSq20ZQIb5txmqnmX;Blessing
G2121;2;Lichtenberger;Andreas;;1968-02-01;+4915153858387;+49580669;;Reutlingen;nein;awixL7SqhT21D9wtx9yW;Blessing
G2122;2;Bendl;Madleen;;1564358400000;;;;;nein;KonaOtBSqV7t1LgV2nfI;Blessing
G2122;2;Bendl;Madleen;;1564358400000;;;;;nein;MUsjCk3KXPUwv9mihOXU;Blessing
G2123;2;Drechsler;Sieglinde;;1941-02-21;;+497129691999;s.drechsler@kabelbw.de;Lichtenstein;nein;s1qQFTPzocEcRBolTFRT;Blessing
G2123;2;Dreschler;sieglinde;;1941-02-21;;+497129691999;;;nein;KooEcvleFDg3q0UHkm1j;Blessing
G2124;2;Holl;Patrick;;1992-02-12;;;;;nein;jC5f8yd2CLWbhULBbkj9;Blessing
G2124;2;Holl;Patrik;;1992-02-12;+4915773833882;;patrik.holl@yahoo.de;Reutlingen;nein;Kpqmr1bQ8PKxF7sL19qs;Blessing
G2125;2;Theocharidou;Kyriaki;;1971-06-13;+4915236111791;;;Reutlingen;nein;KsnFsSt30APyUW57Wcnr;Blessing
G2125;2;Theocharirou;Kyriaki;;1971-06-13;;;;;nein;MjUa3gX4rirRXTOyHSCZ;Blessing
G2126;2;Häring;Simone;;1968-09-19;+491752770271;+49712360078;;Metzingen;nein;KsscSWP8wW04h6Eqjwyn;Blessing
G2126;2;Härling;Simone;;1968-09-19;;;;;nein;OuEL7vJjFXKoHJOaIfpt;Blessing
G2127;2;Maier;Kurt;;1943-10-23;;+49712732085;;Neckartenzlingen;nein;KtI1mIwiTKKMa3P5Vx9m;Blessing
G2127;2;maier;kurt;;;;+49712732085;;;nein;tEwcm8dKSwQ65AAvlxJu;Blessing
G2128;2;Hahn;Klaus-Peter;;-456537600000;;;;;nein;KtUtGcMKpcaDFo71AbfO;Blessing
G2128;2;Hahn;Klaus-Peter;;1955-07-15;;+4971283615;;Sonnenbühl-Undingen;nein;x13W5vgAcI1kRbWBiwvL;Blessing
G2129;2;Nemeth;Ruth;;1943-02-16;;+49702231915;;Nürtingen;nein;Ktq3DiabIWBHNBfuoVoz;Blessing
G2129;2;Nemeth;Ruth;;1943-02-16;+491639280594;;unent29@gmail.com;;nein;xSUzJgxYviIn4Kw3XKcU;Blessing
G2130;2;La Spina;Jeniffer;;1990-04-01;;;;Reutlingen;nein;Kv259pDzwxkjWoVUP1iE;Blessing
G2130;2;La Spina;Jeniffer;;1990-04-01;+4915156090410;;;Reutlingen;nein;gPdFSe1ZOp9b610NMmZP;Blessing
G2131;2;Wörner;Elisabeth;;1950-05-24;;+4970726517;;Reutlingen;nein;KwruDEhnRoLfU1akKeJM;Blessing
G2131;2;Wörner;Elisabeth;;1950-05-24;+4915906327579;;woernerelli@gmail.com;Reutlingen;nein;o73tkbhJsiMtW84a7o7G;Blessing
G2132;2;siebold;liana;;2018-03-14;;;;;nein;KxAH6psacOAUgdDzwsH9;Blessing
G2132;2;Siebold;Liana Lena;;2018-03-14;+491741862278;;;Reutlingen;nein;RnYSLUlZMW7vkPtLev3o;Blessing
G2133;2;Reeth;Jessica;;1978-06-04;+491773061188;;jessica.reeth@web.de;;nein;KxVh0Coj9KgwSOQIbLgV;Blessing
G2133;2;Reeth;Jessica;;1978-06-04;+491773061188;1361085;;Eningen;nein;beqioWec1GecIIGMALzx;Blessing
G2134;2;papakarmezi;dimitra;;;;+497121478251;;;nein;Kxg1zSrDjreeKTPxVPzb;Blessing
G2134;2;Papakarmezi;Dimitra;;2006-07-05;;+497121478251;;Reutlingen;nein;ibaLJQUVG6qPnnukZ7SV;Blessing
G2135;2;Hashemi-Moud;Nina;;1974-02-03;+4915253626548;;nin777@gmx.de;;nein;L027GxpsPju79IXslmPA;Blessing
G2135;2;Hashemi-Moud;Nina-Fariba;;1974-02-03;;284899;;Reutlingen;nein;vDkCk6v4vn0wzkfYrfEp;Blessing
G2136;2;Pilar;Julia;;-303436800000;+491727262700;;julia.pilar2105@gmail.com;Pfullingen;ja;L0iTqThKeBflTVMZVkjo;Blessing
G2136;2;Pilar;Julia;;1960-05-21;;279409;;Pfullingen;nein;PzZg5ng18pac6OgTITLv;Blessing
G2137;2;Tzegai;Salina;;2004-11-17;+491634844273;;salinatzegai1@gmail.com;;nein;L2rCVy3nRN628X1rZQ77;Blessing
G2137;2;Tzegai;Salina;;2004-11-17;706510;;;Pfullingen;nein;klVf1SVGO7TtlygZ6img;Blessing
G2138;2;Hailfinger;Luca;;2003-07-30;+4915111716986;;s.hailfinger@hailfinger-electronic.de;Sonnenbühl;nein;L2tDdJbCOHQA5MrE7WMD;Blessing
G2138;2;Hailfinger;Luca;;2003-07-30;+4915111716986;;s.hailfinger@hailfinger-electronic.de;;nein;LF6YwbZ3qxahEaBZRrDx;Blessing
G2139;2;Wurster;Gertraud;;-709689600000;;+49772155411;traude.wurster@web.de;Reutlingen;nein;L6ggf2pJNAUArofv9T6c;Blessing
G2139;2;Wurster;Gertraud;;1947-07-07;;+49712123801;traude.wurster@web.de;Reutlingen;nein;dYonWSagv9oD1H1UhNnF;Blessing
G2140;2;Matei;Veronica;;1957-07-03;+4917625376613;;;Metzingen;nein;L7ExujKloFOS5aBmm1zP;Blessing
G2140;2;Matei;Veronika;;1957-07-03;+4917625376613;;;;nein;OBqAC9hSi5CAVD8NgMPp;Blessing
G2141;2;Shareef;Ahmed Qader;;1978-11-15;;;;Reutlingen;nein;L7S4iQVE5RlDJqMDHoBw;Blessing
G2141;2;Shareef;Ahmed Qader;;1978-11-15;+4917624291166;;;Reutlingen;nein;xj3FZO7v1M1DFKwkc5Ez;Blessing
G2142;2;Mögle;Linda;;1988-02-22;+4916095493405;+4971253090215;;Bad Urach;nein;L9TaT2a6fNAUr9qewkbM;Blessing
G2142;2;Mögle;Linda;;1988-02-22;+4916095493405;;linda.moegle@gmx.de;;nein;O78uC97RJ3bSYYgFFdEF;Blessing
G2143;2;Gaiser;Marina;;1987-07-24;+4915208666162;;;Gomadingen;nein;LC1TnOIMSGsEwvqr9Y12;Blessing
G2143;2;Gaiser;Marina;;1987-07-24;+4917656984641;;marina.gaiser@gmx.de;;nein;v8qqYpBgdD0sc9XCom5A;Blessing
G2144;2;Schwarz;Toni;;2006-06-01;+491749840089;;tonischwarz06@gmail.com;;nein;yEtzKc1lQnmYreQ7H7f6;Blessing
G2144;2;Schwarz;Toni Jelena;;2006-06-01;+491732116401;;schwarz_nena@web.de;Metzingen;nein;LCN9vyxk1NVIi0LnDRdF;Blessing
G2145;2;Al Jouman;Rilam;;2014-01-15;+491639232430;;;Reutlingen;nein;LCNwiW2Qzipk36VAIpf0;Blessing
G2145;2;Al Jouman;Rimas;;2014-01-15;+491639232430;;;Reutlingen;nein;oiYeK2czz70i2iWN7DpR;Blessing
G2146;2;Mez;Miriam;;1978-09-29;+491622113142;;miriam.mez@web.de;Reutlingen;nein;LCP0cHHwgnr8vc3r0jlY;Blessing
G2146;2;Mez;Miriam;;;+491622113142;;miriam.mez@web.de;;nein;fYrwzbcvx7o6PtwTQo0w;Blessing
G2147;2;Pincay-Clauss;Alba;;1954-08-10;+4915159170644;;albapc@web.de;;nein;wxcQ0dXJMQQFu8FyIDwj;Blessing
G2147;2;Pincay-Clauss;Alba Lucia;;1954-08-10;;+497071600644;;Tübingen;nein;LDBmNwa5WuukNpOBNu1f;Blessing
G2148;2;kimlich;verentia;;1946-04-21;;+4971239587481;;;nein;LEgPywaRMeW1KPUSBo0H;Blessing
G2148;2;Kimmich;Florentia;;1946-04-21;;+4971239587481;;Metzingen;nein;ya9We2yf7JGoi6PBbQV0;Blessing
G2149;2;Reichert;Achim;;1964-05-09;+4917676921517;;beate.braun03@web.de;;nein;LFo0hCxTtCgAdloDfhoU;Blessing
G2149;2;Reichert;Achim;;1964-05-09;+4917661114702;+497121230586;aislebe@t-online.de;Bad Urach;nein;LSr0WfGwAPueglr1bk73;Blessing
G2150;2;Hütter;Bernhard;;1953-02-21;+4915157694677;509237;;Wannweil;nein;LG4dHYhr7TA3FbZ5j9ZX;Blessing
G2150;2;Hütter;Bernhard;;1953-02-21;+4915157694677;;bernhard@huetter-hdm.de;;nein;krcycXIlOtakl0cc9OYw;Blessing
G2151;2;Nurkic;Armin;;2006-08-22;+4915753140230;;arminnurkic4@gmail.com;;nein;LGd3ekUr1BKpfemNQ8qz;Blessing
G2151;2;Nurkic;Armin;;2006-08-22;+4917693576386;;;Riederich;nein;gfCcZM2WRwjH9WMlaSdz;Blessing
G2152;2;Schenkel;Daria;;1988-01-18;+491711561340;;;;nein;d10MRZ0Jjm3yvJZssrts;Blessing
G2152;2;Schenker;Daria;;1988-01-18;+491711561340;;;Neuffen;nein;LLEFTgVoxAhCCyZSfgeB;Blessing
G2153;2;Schnepf;Gerd;;1964-05-28;;+4972513099959;;Hülben;nein;LOY409rd1BFSV4SyJq9J;Blessing
G2153;2;Schnepf;Gerd;;1964-05-28;+491638969476;+4971253099959;anke.panteroth72@gmail.com;;nein;gNZuIVZHVJRzv6yfbdAN;Blessing
G2154;2;Goller;Christa;;-129945600000;;+4971259632910;christa.goller@gmx.de;Bad Urach;nein;LPC8rjKfgmU0nxTM3qoG;Blessing
G2154;2;Goller;Christa;;1965-11-19;+4915752674723;;Christa.goller@gmx.de;;ja;cPMks1b4yhHRWiRkiEwP;Blessing
G2155;2;Magalhaes Almeida;Joao Pedro;;1999-04-02;;3836540;;Reutlingen;nein;LR6CBL0Zid3JXgwxSyow;Blessing
G2155;2;Magalhaes Almeida;Joao Pedro;;1999-04-02;+491708347978;;jp_pedro@hotmail.de;Reutlingen;nein;QooXv4MBoAjiugzOUlp6;Blessing
G2156;2;maier;oliver;;;+491709078888;;;;nein;z8xJSz1A6bEhj6exa9YZ;Blessing
G2156;2;Mayer;Oliver;;;+49 0170 9078888;;rainbowsurfer@gmx.net;;ja;LR6oMePu1b9sg8xvPUBo;Blessing
G2157;2;Hetterich;Catrin;;1969-11-01;;+4973814661;hans-hetterich@t-online.de;Münsingen;nein;LSvs1edKzw56C9KNjGDO;Blessing
G2157;2;Hetterich;Catrin;;;+494973814661;;Hans-Hetterich@t-online.de;;ja;MylxUQSFvDMlJBvDCK6j;Blessing
G2158;2;Beilstel-celik;Bahar;;1983-04-07;+4915257144947;;;;nein;LU0GAVGuxJlLAResA24W;Blessing
G2158;2;Bilsel-Celik;Bahar;;1983-04-07;+4915257144947;;;Bad Urach;nein;OfwxjX7eTPFbJX5aW7PE;Blessing
G2159;2;Quintero Morales;Marisol;;1985-04-15;+491759903020;;;Metzingen;nein;j2HtJGNuH4RTSCrGRmZJ;Blessing
G2159;2;Quwintero-Morales;Marisol;;1985-04-15;+491759928123;;;;nein;LUJ0RbqRD9r4vTXNG7aN;Blessing
G2160;2;Buck;Hannah;;2005-12-01;+491637659428;;karina.buck@freenet.de;;nein;LVpnILeAeW2dnxOdxbb5;Blessing
G2160;2;Buck;Hannah Marie;;2005-12-01;+491637569428;;;Riederich;nein;Q5HseqsZ0nYIXlmO7gya;Blessing
G2161;2;Lehmann;Julius;;-561513600000;+4917644497952;;lehmann-engstingen@t-online.de;;ja;LW2StYr72iQSqYvc6gti;Blessing
G2161;2;Lehmann;Julius;;1952-03-17;;+4971293748;lehmann-engstingen@t-online.de;Engstingen;nein;pNrIiiU7a22WOqkgNRGA;Blessing
G2162;2;Chbarz;Sanne;;;+49712314292;;;;nein;LWANj7chBKWLassnDcl0;Blessing
G2162;2;Schwarz;Susanne;;1962-07-21;;+49712314292;;Metzingen;nein;dG6FGEcdLjLOI78BgSfD;Blessing
G2163;2;Balmuk;Enes;;2021-03-10;+4917632276753;;dilara.balmuk@web.de;Böblingen;nein;LXC0Nff875YYCXgdHMQ6;Blessing
G2163;2;Balmuk;Enes;;2021-03-10;+4915222970986;;marie.24@gmx.de;Böblingen;nein;YuKT8ypLgYtBxc8IpJvO;Blessing
G2164;2;Mohamad;Alan;;2014-07-01;;+497382415;;;nein;PZ4TMWBDrUPVujhP7jI1;Blessing
G2164;2;Mohammad;Alan;;2014-07-01;+4915901207327;;;Römerstein;nein;LXdnA7ft43TK1aSSOeZO;Blessing
G2165;2;Zillmann;Tobias;;2006-01-21;+4917643409817;;tobiaszillmann2006@gmail.com;;nein;UB6RDWR5kcpIsXoIVbX5;Blessing
G2165;2;Zillmann;Tobias Gabriel;;2006-01-21;;+497387984110;;Hohenstein;nein;LYOiEX2UETuGr4ts1qsm;Blessing
G2166;2;Dreher;Jennifer;;769651200000;+49183104875;;;Tübingen;ja;Lbu4Ed9uXmVy2nWjhx3N;Blessing
G2166;2;Dreher;Jennifer;;769651200000;+4917623385990;;;Tübingen;nein;iW5Et9DPedS1wE55VTNd;Blessing
G2167;2;Decker;Barbara;;1972-01-21;;+49702583998;;Neuffen;nein;LcS6xXpkkpdxmAM1XQoJ;Blessing
G2167;2;Decker;Barbara;;1972-01-21;+491719192486;;b.decker@ntz.de;Neuffen;nein;btEd62b12tjSvG854nbg;Blessing
G2168;2;Krivec;Johanna;;-666576000000;+4917623302150;;pp.krivec@gmail.com;;ja;LdAFJKwB5adR8jrMh76D;Blessing
G2168;2;Krivec;Johanna;;1948-11-17;;+49712333991;;Grafenberg;nein;u44wOvobA18w5UPdGjIb;Blessing
G2169;2;Trong;quoc duy;;1998-09-18;;;;;nein;y75xGtxHW4mjx1oOkosp;Blessing
G2169;2;Truong;Quoc Duy;;1998-09-18;+4915730973917;;duy.truong98@googlemail.com;Bad Urach;nein;LdFlx5EW1eKfK5x64Wfq;Blessing
G2170;2;Michoudi;Chrysa Lena;;1987-06-24;+491629077607;;;Reutlingen;nein;Le2hgZRw1FhcjOFBlkfO;Blessing
G2170;2;Michoudi;Chrysa Lena;;1987-06-24;;;;Reutlingen;nein;uSjFrW134GK8MZX9tS0i;Blessing
G2171;2;Protz;Waldemar;;-395020800000;;+497121270959;l.protz@hotmal.de;;nein;LfrSe4Y40tyNAMwGHwaA;Blessing
G2171;2;Protz;Waldemar;;1957-06-26;;270959;;Reutlingen;nein;uONS0vWSaWu78Ws87OoK;Blessing
G2172;2;Erdmann;Tobias;;1971-04-23;;7661931;;Reutlingen;nein;Lhoor10gsV3zOg1hZzKo;Blessing
G2172;2;Erdmann;Tobias;;1971-04-23;+4915222571241;;tobraum@web.de;;nein;e5EjGpdAzkxnDzdMDyRA;Blessing
G2173;2;Mazeikis;Vitauts;;1974-02-01;+4915736585144;;;Reutlingen;nein;LiPMuSVYzVvyC4kI2cvf;Blessing
G2173;2;Mazeikis;Vitauts;;1974-02-01;+4915738239235;;mazeikis.vitauts@gmail.com;;nein;nEQ3bDIq7EkcQrkL9XJf;Blessing
G2174;2;Heideker;Frank;;1961-10-05;+4915146156028;+497129694277;frankheideker@gmail.com;Lichtenstein;nein;LjQ3aTzGXgWHo3qQQV8Z;Blessing
G2174;2;Heideker;Frank;;1961-10-05;;+497129694277;;;nein;PFNatFtBIx7z3wrMzfQX;Blessing
G2175;2;Wucherer;Christina;;1960-12-21;;279656;;Reutlingen;nein;Lk0v9pJyTxU3gasOpSom;Blessing
G2175;2;Wucherer;Christina;;1960-12-21;+491727685005;;chwucherer@aol.com;;nein;ryHLSEahVxcCJL6XOVkf;Blessing
G2176;2;Schäfer;Bärbel;;1941-09-26;;+49492494;dirk.schaefer@kiongroup.com;Reutlingen;nein;Lk4Ilj8JRoAu1zqZo3Sz;Blessing
G2176;2;Schäfer;Bärbel;;1941-09-26;;+497121492494;dirk.schaefer@kiongroup.com;Reutlingen;nein;VVoPLP1zIcjbsrspM46y;Blessing
G2177;2;Hoehn;Eva-Maria;;1954-04-11;;+49712734023;;Walddorfhäslach;nein;LlTNTD9qb6LkRyxCkR6X;Blessing
G2177;2;höhn;eva- maria;;1954-04-11;;;;;nein;nTyyMPxbcFqHyUXURHcv;Blessing
G2178;2;Wendt;Gudrun;;-652492800000;;+49712332598;;Riederich;nein;UZZHr7yWs51HCoro8uIb;Blessing
G2178;2;went;gudrun;;;;+49712332598;;;nein;Lm4R9EPnJc4vK5HZOGgk;Blessing
G2179;2;Maroofkhil;Ajab Kahn;;841104000000;;;;;nein;LmCHAfYFPYgP33itT6tJ;Blessing
G2179;2;Maroofkhil;Ajab Kahn;;841104000000;;;;;nein;pwTqvFftUHLIK9TYIqVb;Blessing
G2180;2;Lenge;Louisa;;1998-06-09;+491774774209;;;Grabenstetten;nein;Lmh58He4V1Ah7flTNXSb;Blessing
G2180;2;Lenge;Louisa;;1998-06-09;+4915755437333;;louisa.lenge@gmx.de;;nein;mo1W9buglQYbIg9jj7LE;Blessing
G2181;2;Brunner;Gudrun;;1968-10-25;;;;Reutlingen;nein;Lnc6yIajNxHYrWj0qBFd;Blessing
G2181;2;Brunner;Gudrun;;1968-10-25;+491753645922;+4971211361342;gudrun_brunner@web.de;;nein;amFlwXXduJ6msYKE7UXg;Blessing
G2182;2;Schäfer;Susann;;515894400000;+4915159255379;;;Reutlingen;nein;LoNYvUAdYipVmDA67ZhQ;Blessing
G2182;2;Schäfer;Susann;;1986-05-08;+4915159255379;;an.susann@posteo.de;;nein;Xzqi9mED90FUmF5RrZrL;Blessing
G2183;2;Tupy;Sabine;;1974-07-08;;+497127889674;;Reutlingen;nein;LojoPYyOC7lWfTcjPznk;Blessing
G2183;2;Tupy;Sabine;;1974-07-08;+4915119437495;;sabine.tupy@gmail.com;;nein;zgMTSdHWcyCAP2iZQ6PH;Blessing
G2184;2;Asaro de Armbruster;Marcela;;1964-12-01;;;;Reutlingen;nein;Lr0s2Fk05nhjjT3GEZUh;Blessing
G2184;2;Asaro de Armbruster;Marcela;;1964-12-01;;+4971212890130;marcelaarmbruster@gmail.com;;nein;lVeIItUH9atxfTRxHklQ;Blessing
G2185;2;Stöhr;Rolf;;1956-07-05;+491727328935;;rolf.stoehr@gmail.com;;nein;Lr4aBgoo3nr4SOg6btlr;Blessing
G2185;2;Stöhr;Rolf;Dr.;1956-07-05;+491727328935;;;Gomaringen;nein;l9axa7y1QdxAffUUgnaW;Blessing
G2186;2;Keck;Martin;;1952-11-16;+4915756398347;;keck.martin.mke@gmail.com;;nein;hVE9FevWRiLSWGAcaikh;Blessing
G2186;2;Keck;Martin Wolfgang;Dr.;1952-11-16;;+4976174351;;Freiburg im Breisgau;nein;LrQ5j5YYqhLaFjxuXr40;Blessing
G2187;2;Feller;Liese;;1940-12-13;;+4970253192;susannegreiner7@gmail.com;;nein;XM2GHubxCG2jLpKD8rFU;Blessing
G2187;2;Feller;Liesel;;1940-12-13;;+4970253192;;Beuren;nein;LtvSEozX4qFh5slfm9nG;Blessing
G2188;2;Heintzmann;Sierk;;286848000000;+4917620291581;;;Aichtal;nein;LuSvsNwor2tFpDC4dZ9m;Blessing
G2188;2;Heintzmann;Sierk;;286848000000;+491731651808;;sierkheintzmann@icloud.com;;ja;v6RN2mjZpYo6JenpRez7;Blessing
G2189;2;Költzsch;Hazbije;;1974-07-22;+4915253522169;;hazbijekoeltzsch@web.de;Pliezhausen;nein;LwEEVrvl8vCOU1p95MN0;Blessing
G2189;2;Költzsch;Hazbije;;1974-07-22;+4915253522169;;hazbijekoeltzsch@web.de;;nein;QR0jPzyMpHJBlRQ1mvDH;Blessing
G2190;2;Rusic;Zoran;;;+49015205141173;;zoranrusic@yahoo.com;;ja;LwFCAxOXfs4pLCa05BK1;Blessing
G2190;2;Rusic;Zoran;;1959-03-30;+4915122078713;;zoranrusic@yahoo.com;Reutlingen;nein;xchr0IHJfWwovhKk2Yl8;Blessing
G2191;2;Bösch;Maximilian;;2002-04-28;;;;;nein;LwHIfg1cyCiYwuoNWqhn;Blessing
G2191;2;Bösch;Maximilian Wolf;;2002-04-28;;;;Reutlingen-Betzingen;nein;YU9rsHdZTmP2zJVOcuAd;Blessing
G2192;2;Renz;Carina;;653961600000;+491778998807;;carri_renz@freenet.de;Lichtenstein;ja;LwMC8Ll136pXi1Rls2tw;Blessing
G2192;2;Renz;Carina;;1990-09-22;;622600;;Lichtenstein;nein;cwWICHdHzBHpaKKA4iD7;Blessing
G2193;2;Neudeck;Nina;;;+4917641867371;;nina.neudeck@gmail.com;;nein;Lx3ZZE3SmdbZkbwQtp4M;Blessing
G2193;2;Neudeck;Nina;;1994-08-09;+4917641867371;;nina.neudeck@gmail.com;Kusterdingen;nein;Z5C9tguPEEyc2JvJyhtQ;Blessing
G2194;2;Tretter;Alina;;1995-08-19;+4915221732480;;alina.tretter@yahoo.de;;nein;LxHWh1fPixiLHPrJdf2i;Blessing
G2194;2;Tretter;Alina Marie;;1995-08-19;+4915221732480;;;Balingen;nein;u2FYP5xB331HsIKVzgeM;Blessing
G2195;2;Moussa;Jasmin;;1999-04-20;+4917666996369;;;Lichtenstein;nein;LyDnfCIemViLXNNH0UNH;Blessing
G2195;2;Moussa;Jasmin;;1999-04-20;+4917666996369;;jasminmoussa@aol.de;Lichtenstein;nein;pZxv8GnPFy4mZfm1IN2X;Blessing
G2196;2;Marko;Anastasia;;1955-11-05;;;;Reutlingen;nein;M18hgWlTO4mcUUIJsTMM;Blessing
G2196;2;Markou;Anastasia;;1955-11-05;;;;Reutlingen;nein;RbClqoUOHYpQnRSxDuia;Blessing
G2197;2;Saskara;deniz;;;+4915221699556;;;;nein;M2KY7vvEAZOf6lPU5xgH;Blessing
G2197;2;Saskara;Deniz;;1991-01-11;+4915221699556;;;Reutlingen;nein;zF5W9ltSiZlv0jXP3hSW;Blessing
G2198;2;Piskin;Tümay;;1990-05-06;;+4971216964089;tuemay-piskin@hotmail.de;Reutlingen;nein;M2NohXBwYzFirG2tE3L0;Blessing
G2198;2;Piskin;Tümay;;;+491776309995;;tuemay-piskin@hotmail.de;;ja;hcxI9ZsaRbQPX3GUXaU0;Blessing
G2199;2;Freundt;Sven;;1977-10-22;;330286;;Reutlingen;nein;M36A9f5EPyTR4xZAN9uo;Blessing
G2199;2;Freundt;Sven;;1977-10-22;+491726737185;;sfreundt@web.de;Reutlingen;nein;VyGrAC82CUdVsztuIokh;Blessing
G2200;2;Schlosser;Nicola;;-115344000000;;;;;nein;M3keG9G01OqVK9Wu75Vo;Blessing
G2200;2;Schlosser;Nicola;;1966-05-07;+491607567701;;;Kohlberg;nein;nMTMuuAkrsRfGhBoLech;Blessing
G2201;2;Rölle;Elina;;2018-05-18;;+4971233074222;simone.roelle@gmx.de;Metzingen;nein;M3nVeJ9uMUp9ShLmJUb5;Blessing
G2201;2;Rölle;Elina Antonia;;2018-05-18;+4917683423594;+4971233074222;;Metzingen;nein;ujV0RFqBh3ZgqbPjptac;Blessing
G2202;2;Haslama;Emre;;1998-06-05;+4915788048562;;;Eningen unter Achalm;nein;M4frKejj37SYG3gYEBTo;Blessing
G2202;2;Haslama;Emre;;1998-06-05;+4917630734748;;emre.haslama@outlook.de;Eningen u. A.;nein;x36SXmdAcBG3HZSu9AgW;Blessing
G2203;2;Knecht;Ester;;1935-01-18;;+49712321478;;;nein;UMQ3c0visgcBLUsTmq0q;Blessing
G2203;2;Knecht;Esther;;1935-01-18;;+49712321478;;Metzingen;nein;M4vE84RkvvoL4KU1zH89;Blessing
G2204;2;Kubischek;chris;;1978-12-23;;;;;nein;M61iNGGjvdVS8Xc8t6u2;Blessing
G2204;2;Kubischek;chris;;1978-12-23;;;;;nein;wwfzPmsWXWT0FCKRUVmp;Blessing
G2205;2;Koch;Claudia;;1955-05-16;;1374730;;Pfullingen;nein;M6l95g5VwQYmSU1YLdeT;Blessing
G2205;2;Koch;Claudia;;1955-05-16;;+4971211374730;claudiakoch1605@googlemail.com;;nein;sfGuyisJmGoR3C6JVuk1;Blessing
G2206;2;Beier;Lee Ann;;2009-12-07;+4917661121124;;carmen.beier7@t-online.de;Reutlingen;nein;M6phqLOHij24qSYzodVc;Blessing
G2206;2;Beier;Lee Ann;;2009-12-07;+491733609184;;;Reutlingen;nein;rktcnpJbyEp9SM1ioyrs;Blessing
G2207;2;Rehmann;Janet;;2003-11-27;+4915254656627;;janetrehmann1@gmail.com;;nein;M7CwnsvlWX1wPl782jaV;Blessing
G2207;2;Rehmann;Janet;;2003-11-27;+4917659559933;;christinereh@web.de;Engstingen;nein;Xh2Do4x9RYJzhZfiNx74;Blessing
G2208;2;Ruf;Malia;;2008-02-15;;;;;nein;M7wkUIgUC6nYGlsOzmG6;Blessing
G2208;2;Ruf;Malia Sophie;;2008-02-15;+4915783383872;;diefamilieruf@gmx.de;Reutlingen;nein;zOH779jdJuF0xCeVziiy;Blessing
G2209;2;Ruoff;Rosemarie;;1942-11-10;754917;;;Pfullingen;nein;M9Ex4z1mfw55svxw1Nlu;Blessing
G2209;2;Ruoff;Rosemarie;;1942-11-10;+4915782960128;;doroherrmann@gmx.net;;nein;i4x05cRuv1CimPlv9upQ;Blessing
G2210;2;Pfrang;Karl-Heinz;;-845510400000;;+497128694;;Sonnenbühl;nein;M9J9ht9wm3JJ22NUwRAl;Blessing
G2210;2;Pfrang;Karl-Heinz;;1943-03-18;+4915128830562;;khpfrang@t-online.de;;nein;kAjQFlwLJY3AU2brUmNV;Blessing
G2211;2;Jansen;Wilfried;;-494121600000;;7998540;wilfr.jansen@gmail.com;Reutlingen;nein;MAcXhw3nMflEs3rXnYFP;Blessing
G2211;2;Jansen;Wilfried;;1954-05-06;;;;;nein;RzK5l9sjpariJ8VC09QL;Blessing
G2212;2;Grimm;Elma;;1950-01-04;;+49712780720;;;nein;MCmFaH5DgNqwJgH9CnTM;Blessing
G2212;2;Grimm;Elmar;;1950-01-04;;+49712780720;;Pliezhausen;nein;WHchE2uLwEQJkCuzqGVl;Blessing
G2213;2;Bunsu;Ernie Elisa;;;+4917632622648;;erlissa1998@gmail.com;;ja;vWdn5e7sTWN6aoE2aSOy;Blessing
G2213;2;Bunsu;Ernie Elisa Binti;;897782400000;+4917632622648;;ernieelisas@gmail.com;Reutlingen;ja;MDNwAgBMZeQ7icXZYxQ7;Blessing
G2214;2;Majstorovic;Senad;;1979-09-13;+4915120755156;;senad79@gmx.de;Pfullingen;nein;MDOZFxDLxsl03gwklMoY;Blessing
G2214;2;Majstorovic;Senad;;;+49 01512 0755156;;senad79@gmx.de;;ja;cixuAKf9lncKbgUGMZCV;Blessing
G2215;2;Nguyen;Phuong Thao;;1975-09-25;+4917647101651;;ptnguyen0259@gmail.com;;nein;a72Fcz8UznVfPJMEamnj;Blessing
G2215;2;Nguyen;Phuong-Thao;;1975-09-25;;704134;;Reutlingen;nein;MDpYh8wkRjTrt8Pn20oj;Blessing
G2216;2;Seidel;Jürgen;;1965-06-04;+4917694418574;+497022251737;sti.seidel@yahoo.de;Nürtingen;nein;MEzoGFJ34nsbCCC3dUI5;Blessing
G2216;2;Seidel;Jürgen;;1965-06-04;+4917658974464;;jswadi@gmx.de;Nürtingen;nein;iSUFYICR0e78suGPQuXk;Blessing
G2217;2;Al-Abrach;Emilija;;2000-10-25;+491726196229;;;Nürtingen;nein;MG3HWwR6hwc8toc4gywb;Blessing
G2217;2;Al-Abrach;Emilija;;2000-10-25;;;;Nürtingen;nein;TD7fIJk3n9Jpe3m9e2cA;Blessing
G2218;2;Eichinger;Tim;;2009-02-03;+491795434226;;sunshinechrissi@gmx.de;;nein;athFRn9YcFX2o9ZHPcOG;Blessing
G2218;2;Eichinger;Tim Johannes;;2009-02-03;;7506616;;Pfullingen;nein;MGHLiw6bQ7RYZk1dWE4w;Blessing
G2219;2;Scholler;Lisa Marie;;2004-07-22;+491739833128;;;Reutlingen;nein;MGNIAxfuWh6s6l9au0ai;Blessing
G2219;2;Scholler;Lisa Marie;;2004-07-22;+4915122275484;;renate-scholler@arcor.de;;nein;crJx8HkexOXT9BkVHkoZ;Blessing
G2220;2;Seibold;Michael;;1995-10-29;;;;;nein;MHCS7WHX0bP8bStQlslT;Blessing
G2220;2;Seybold;Michael;;1995-10-29;;+49712341814;;Metzingen;nein;sHfib0LKxgGGRHJC1QdZ;Blessing
G2221;2;Eisenhauer;Ulrike;;1980-09-24;+4917655425038;;ulrike.eisenhauer@web.de;;nein;md1T6sfV4WUYT4kSwZnu;Blessing
G2221;2;Eisenhauer;Ulrike Patrizia;;1980-09-24;+4917655425038;;;St. Johann;nein;MHDOmS14Ujw4vvGONAWw;Blessing
G2222;2;Gustafsson;Rahel;;1994-07-02;+4917643525540;;;Pfullingen;nein;MHGPG3W0Wg3LFEsJLZTo;Blessing
G2222;2;Gustafsson;Rahel;;1994-07-02;+4917643525540;;rahel.gustafsson@gmail.com;;nein;gHM1qjdBiAifO8MRY3ts;Blessing
G2223;2;Kost;Noah;;2020-07-23;+4917643644202;;isabell_kost@web.de;;nein;xAHx5e606NIQjf9KUaIQ;Blessing
G2223;2;Kost;Noah Elias;;2020-07-23;+4917643644202;;;Reutlingen;nein;MHkgbOYinnH7r0jOZq4u;Blessing
G2224;2;Wentzel;Dagmar;;1966-10-27;;+497127925267;;Altenriet;nein;MIKPbWVfMxk3GG85dkAD;Blessing
G2224;2;Wentzel;Dagmar;;1966-10-27;+491746468224;;dagmar.wentzel@gmx.de;Walddorfhäslach;nein;xNIggpwcGmA6MtuEi2oa;Blessing
G2225;2;Soufli;Olympia;;;+4915282613155;;olympia.s@hotmail.de;;ja;MIRm7M1HG5dIKSO7rzYR;Blessing
G2225;2;Soufli;Olympia;;880675200000;+4915202613155;;olympia.s@hotmail.de;Reutlingen;ja;VpOIrAhH0X09fDYZBwD3;Blessing
G2226;2;Vohrer;Hannes;;1990-12-27;;+491517935063;;Reutlingen;nein;Np5wIzQm4hagdk8MyWeq;Blessing
G2226;2;Vohrer;Hannes Lucas;;1990-12-27;;;;Reutlingen;nein;MIoOP4gRgJBPGELvg82x;Blessing
G2227;2;Prussat;Andre;;;+491736743522;;sandra.prussat@gmx.de;;ja;MIsrsL8sYFiPRZRW3q3N;Blessing
G2227;2;Prussat;Sandra;;514598400000;+491736743522;;sandra.prussat@gmx.de;Frickenhausen;ja;QbnRJ1eAuBjJXmzFqODU;Blessing
G2228;2;Lootze;Sascha;;1988-10-08;+4915757115834;+4971291473838;;Reutlingen;nein;ohcrgDhLdnG2RZ1J4ozq;Blessing
G2228;2;Lootze;Sascha Florian;;1988-10-08;+4915757115834;;mail@saschalootze.de;Lichtenstein;nein;MJwb2J2hML63WfhBYWGD;Blessing
G2229;2;Gerstner;Luna;;2018-02-08;+4915750713695;;jens.u.gerstner@gmail.com;Düsseldorf;nein;MKFYJqNEzljSWHTTPATk;Blessing
G2229;2;Gerstner;Luna Karleen;;2018-02-08;+491786163365;;;Reutlingen;nein;xxccut8FquTRKlmVn50f;Blessing
G2230;2;Tsoulfoglou;Athanasios;;;+4917660502425;;atha2909@yahoo.de;;ja;XJsFdhNuUNTZFhojfXhf;Blessing
G2230;2;Tsoulsoglou;Athanasius;;;+4917660502425;;;;nein;MKPc8r3RzOiXN7COq6p4;Blessing
G2231;2;Widmer;Jette;;2002-07-09;;6956245;jette1286@gmail.com;Reutlingen;nein;MM3VJxrxTcAuzeQbKsZT;Blessing
G2231;2;Widmer;Jette;;2002-07-09;+4915739062107;;betzingen@gmx.de;;nein;qRXmxgSCH56fiLePfiS7;Blessing
G2232;2;Prinz;Harald;;;+491755225634;;die-prinzen@gmx.net;;ja;MMDr9UmM8acvhwuOhdFD;Blessing
G2232;2;prinz;harald;;-145584000000;+491755225634;;;;nein;oNHWxRvZ9PwwYA2296ut;Blessing
G2233;2;Ogonowski;Martin;;1990-01-20;+4915164302182;880069;;Eningen;nein;MNYZSKWmGVvaDmkxMUc1;Blessing
G2233;2;Ogonowski;Martin;;1990-01-20;+4915164302182;;;Eningen;nein;piPuNAJYXF79Ns0ep9qb;Blessing
G2234;2;Walter;Mila;;1411516800000;+491772767719;;walter.judith@yahoo.de;Riederich;ja;MO8LVf9K6FgBoMFLdoAW;Blessing
G2234;2;Walter;Mila Johanna;;2014-09-24;;+497123367474;;Riederich;nein;gGe5LAGfXshCI1wG2q22;Blessing
G2235;2;Tölke;Beatrix;;1993-02-18;+4917656674812;;beatrixhummel@web.de;;nein;MOB36HyHMOV3c5tedqLX;Blessing
G2235;2;Tölke;Beatrix;;1993-02-18;;83702;;Eningen;nein;yMGsbkwtlInRxdwQBF72;Blessing
G2236;2;Forschner;Gisela;;-163987200000;;+49712335800;;Frickenhausen;nein;tLlGTgE72VPdlj9A1G6q;Blessing
G2236;2;Froschner;Gisela;;1964-10-21;;+49712335800;;;nein;MOQ3eWCvVUXQ0oTJ5jFe;Blessing
G2237;2;Nguyen;Nhat Ngan;;1323302400000;;;;;nein;MOgwD5T1GjqwwWqm8git;Blessing
G2237;2;Nguyen;Nhat Ngan;;1323302400000;;6967962;;Reutlingen;nein;soNXdS1fcY20ConPB72k;Blessing
G2238;2;Mierzwa;Wolfgang;;1944-12-30;+4917644591191;+497121334392;wolfgang.mierzwa@web.de;;nein;MOqZEGsTe71n0iPzhU6y;Blessing
G2238;2;Mierzwa;Wolfgang;;1944-12-30;;334392;;Reutlingen;nein;pSj4MSrgSSfLDxzQQMsZ;Blessing
G2239;2;Gentile;Teona;;1978-07-28;+491736154691;;;Reutlingen;nein;MPg1m5pCczJf6XJpetzZ;Blessing
G2239;2;Gentile;Théona;;;+491736154691;;;;nein;TYh87P5XiDOmmocRUfS3;Blessing
G2240;2;Özcan;Roxana;;1985-03-14;+4915205183634;;roxikay85@googlemail.com;;nein;MR3fgWTrIF7MVLGsiW45;Blessing
G2240;2;Özcan;Roxana;;1985-03-14;+4915205183634;;;Dotternhausen;nein;mms9cAF23bAU3tV0IvLA;Blessing
G2241;2;Campo;Filippo;;1995-02-28;+491636277499;;;Metzingen;nein;kVfm35SgSCct8CCHLTiI;Blessing
G2241;2;Campo;Filippo Fiorello;;1995-02-28;+4915733729197;;filipponaomi17@icloud.com;;nein;MRN8Old77K7yhlzGTm5t;Blessing
G2242;2;Beqiri;Hateme;;1972-06-16;+4915223415829;;lumee.be123@gmail.com;Reutlingen;nein;MRcWhoSWyBqFyuisniI6;Blessing
G2242;2;Beqiri;Hateme;;1972-06-16;;;;Reutlingen;nein;rMiEQJGShAQp3cZCahhT;Blessing
G2243;2;Nowotni;Thomas;;20044800000;;+4971238643;t.nowotni@freenet.de;;nein;MRn0QguyTIPozekLPnsw;Blessing
G2243;2;Nowotni;Thomas;;;+49017643842645;;t.nowotni@freenet.de;;ja;mMjU9YHjPnBdOmFeW35T;Blessing
G2244;2;Ott;Gerhard;;;+49017629076774;;Ott.Rilling@t-online.de;;ja;MTO93dHUVPQXlRAiqzT3;Blessing
G2244;2;Ott;Gerhard Walter;;1950-12-21;+4917629076774;+49707260507;ott.rilling@t-online.de;Gomaringen;nein;klAAhQQkHMFxQVIFcjaA;Blessing
G2245;2;Stehle;Ruzica;;1973-09-11;+4917616403290;;;Reutlingen;nein;MTX20ptyGkOcoe7BaivC;Blessing
G2245;2;Stehle;Ruzica;;1973-09-11;+4915737418582;;ruzica.stehle@gmx.net;;nein;qiSd49D1mptcOOVGa5sQ;Blessing
G2246;2;kurowski;thomas;;1969-08-26;+491627955540;;thomas1.k@gmx.de;;nein;MTlnSWOjKggCf2IBXXcV;Blessing
G2246;2;Kurowski;Thomas;;1969-08-26;;+497123962759;;Metzingen;nein;rXQJyEEdtPEiaT7ryr9g;Blessing
G2247;2;ALABTAN;Ritac;;2018-08-24;;;;;nein;t8R8CGzq2mBEUTFOfMrX;Blessing
G2247;2;Alabtan;Ritaj;;2018-08-24;+4915775201597;;;Metzingen;nein;MU5qUIi06KHcEfLqXDeP;Blessing
G2248;2;Born;Germaine;;1995-11-14;+4915221395963;;;;nein;MV7B1KBpFekcjwElzRPA;Blessing
G2248;2;Born;Germaine;;1995-11-14;+4915221395963;;germanie.t.born@gmail.com;Freiburg;nein;gT59pC2yKxer5qAQCEii;Blessing
G2249;2;Amini;Allaudin;;2006-03-20;;+4971212781935;wg-oberlinstr.23.ojh@bruderhausdiakonie.de;Reutlingen;nein;MVVDNSsuVEgYQJrAacCE;Blessing
G2249;2;Amini;Allaudin;;2006-03-20;;+4971212781135;wg-oberlinstr.23.ojh@bruderhausdiakonie.de;Reutlingen;nein;s9Vn3RYSgL40yBNhwktX;Blessing
G2250;2;Tarnowski;Tomasz;;;+49 176 65414933;;tarnowski.t@web.de;;ja;MVwF3gGVGyzwS0lsvlxs;Blessing
G2250;2;Tarnowski;Tomasz Jacek;;1980-09-22;+4917665414933;;tarnowski.t@web.de;Grafenau;nein;mEI4hrJ5lrc3WQJeWpLM;Blessing
G2251;2;Griessinger;Melanie;;1974-07-24;;+497124282550;;Trochtelfingen;nein;MXXE4bCqNBUH4VYUuDW1;Blessing
G2251;2;Griessinger;Melanie;;1974-07-24;+4915734206305;;;Reutlingen;nein;ZQ38U3Sq8uIndtfzp4vh;Blessing
G2252;2;Hertter;Esther;;1972-10-31;;+49505207;hertter@arcor.de;Reutlingen;nein;MXhWlzAUQ690EHHtxTbw;Blessing
G2252;2;Hertter;Esther;;1972-10-31;;+497453939073;hertter@arcor.de;Altensteig;nein;id8vFlnt92rekQjeJJa8;Blessing
G2253;2;Dickman-doneva;Malenka;;1953-07-14;;+497124328096;;;nein;g8UjsFDjPyfxdQrMJuFT;Blessing
G2253;2;Dikman-Doneva;Malenka;;1953-07-14;;+497124328096;;Trochtelfingen;nein;MXwGjF68j6agfhC8O9gy;Blessing
G2254;2;simunic- Ganter;mariana;;1989-07-14;;;;;nein;MZ0Y7bAjiFAYrg8F0VVy;Blessing
G2254;2;Simunic-Ganter;Marijana;;1989-07-14;+4917697905699;;;Pfullingen;nein;PJcIOyOiEDBfqUgNvfdt;Blessing
G2255;2;Karius;Heidi;;1970-05-27;+491728064436;;;Mehrstetten;nein;MZN1LV4ZE6tisRTxfvF5;Blessing
G2255;2;karius;heidi;;;+491728064436;;;;nein;iKXCtCaIY2AoCVnJbJMT;Blessing
G2256;2;Hofmann;Lisa;;923702400000;+491739862935;;;Ostelsheim;ja;Mb9bloV5uXZ6rs43iseN;Blessing
G2256;2;Hofmann;Lisa;;923702400000;+491738247611;;lisa.hofmann99@gmail.com;;ja;qvJQFwJfNPryEaVhd0ak;Blessing
G2257;2;Mattes;Claus;;1945-07-26;;+49707280935;trude-mattes@t-online.de;72770 Reutlingen;nein;MbbehTl88O0Pa9F2tcNL;Blessing
G2257;2;Mattes;Claus;;1945-07-26;;+4970722783;;Reutlingen;nein;WJ9ci4RzK5mnpTqo2o7t;Blessing
G2258;2;Thomsen;Ralf;;-155606400000;+4915778065643;;thomsen.ralf@t-online.de;;ja;MboCBe7ZBrYd83H1ZX2N;Blessing
G2258;2;Thomsen;Ralf-Peter;;-155606400000;;+497127890436;;Reutlingen;nein;W58xfRglIoKWG60V2k08;Blessing
G2259;2;Parasiadis;Theodoros;;744595200000;;;;;nein;McSZuN0MX8UAVEf2XlvB;Blessing
G2259;2;Prasiadis;Theodoros;;1993-08-06;+4915258871346;;kaliora07@gmail.com;Reutlingen;nein;jHOf1iqacCnVHfA7aiAy;Blessing
G2260;2;Voigt;Cedric;;2005-08-15;+4917622783233;;kavo76@web.de;Reutlingen;nein;MfvdsxXHJJJHPFEB5CVv;Blessing
G2260;2;Voigt;Cedric;;2005-08-15;+4915732298741;;;Reutlingen;nein;TI78cvKRjmZCFELNk20l;Blessing
G2261;2;Sager;Maria;;1952-01-08;+4915144519610;;maria.sager@gmx.de;Reutlingen;nein;MgiDSrPlUDUGwXnmsRmC;Blessing
G2261;2;Sager;Maria;;1952-01-08;;269585;;Reutlingen;nein;wCYLkyUwvClxBN4Gm7qp;Blessing
G2262;2;Schillerwein;Daniel;;1979-11-24;+4917662796235;;dschillerwein@hotmail.com;;nein;nKTyUj34qgQAXWAUlRjw;Blessing
G2262;2;Schillerwein;Daniel Martin;;1979-11-24;+4917662796235;;;Stuttgart;nein;MgugOI1EkiwbfkwZg8Sq;Blessing
G2263;2;Riedel;Werner;;;+4917647247555;;;;nein;MhohWA3WPJKmrelEwZXA;Blessing
G2263;2;Riedel;Werner;;1963-08-19;+4917647247555;;sandra_werner_riedel@gmx.de;Reutlingen;nein;rXkobnajPZrgrPua3ELw;Blessing
G2264;2;Katranci;Reyhan;;2002-08-20;+491734962888;;ktrcireyhan17@icloud.com;;nein;MiobykKRaVP7SNpq7WGd;Blessing
G2264;2;Katranci;Reyhan;;2002-08-20;+491746185502;;ktrcireyhan17@icloud.com;Reutlingen;nein;QBEBOAPKahyDYfJqHEf7;Blessing
G2265;2;Latifi;Abdul Samin;;2004-05-25;;+497121433421;pt@kolpinghaus-reutlingen.de;Reutlingen;nein;MjiJ9TaLIv4993PUvnyL;Blessing
G2265;2;Latifi;Abdul Samin;;2004-05-25;;+49712143340;;Reutlingen;nein;XKTCg2pygXF6kYUdadf2;Blessing
G2266;2;Alimi;Ardit;;2003-08-29;+4915771287788;;alimilami82@icloud.com;;nein;MjlhGxvOCysZFjdDVAvg;Blessing
G2266;2;Alimi;Ardit;;2003-08-29;+491773285433;+497125937693;;Bad Urach;nein;SLwEGoX9vPmibH7nFFf4;Blessing
G2267;2;Lytras;Antonios;;-426124800000;+4915752877223;;;Reutlingen;nein;MkIBVAMf5B9lOhlvr7Xb;Blessing
G2267;2;Lytras;Antonios;;1956-07-01;+4915751506685;;antonios.lytras@gmail.com;;nein;cZv4kulY6gHP5jnltToG;Blessing
G2268;2;Storz;Claudia;;1963-08-04;;;;Eningen;nein;MlzKrMN08yZYjxZEeMf8;Blessing
G2268;2;Storz;Claudia;;1963-08-04;;+49712187379;clausto@gmx.net;Eningen;nein;lgo169W5V09BdSMGeG21;Blessing
G2269;2;Kümmerle;Mia;;2010-11-23;+4917683372730;;;Tübingen;nein;MnAh94HAMBQl4ZTvFFrA;Blessing
G2269;2;Kümmerle;Mia;;1290470400000;;;;;nein;Vl9SwFOdWJB0bAbP6TmY;Blessing
G2270;2;Schmidt;Miriam;;320630400000;;;;Reutlingen;nein;MqRzh5cutkmKGmOSoMDW;Blessing
G2270;2;Schmidt;Miriam;;320630400000;;+497123360149;miri1980@gmx.de;Frickenhausen, Württ;nein;xF8Jwnr3qcSBGd1HTYMl;Blessing
G2271;2;Bihler;Franziska;;1988-07-06;+491734167255;;;Reutlingen;nein;MqWJ6sgWwmx2cwxGnAKT;Blessing
G2271;2;Bihler;Franziska;;1988-07-06;+4915237395675;;franziskabihler@web.de;;nein;vK4qNjR1BT1QTIxY7j0f;Blessing
G2272;2;Ludwig;Mailin;;2004-05-27;+4915737850396;;mailin.ludwig@web.de;;nein;MrMYwYGpq6Z0pvlrfaWX;Blessing
G2272;2;Ludwig;Mailin Emma;;2004-05-27;+4915737850396;;;Pliezhausen;nein;bclSOlm0S231qFgHxuEF;Blessing
G2273;2;Stotz;Hannes;;2000-11-09;;;;Reutlingen;nein;MrNqPegXT0apz5BRj1IV;Blessing
G2273;2;Stotz;Hannes;;2000-11-09;+4915789185748;;;Reutlingen;nein;mk9eAxonXWryiMvOrAJ6;Blessing
G2274;2;Hölz;Christina;;1971-07-23;;;;Reutlingen;nein;MsWckoj89DYBzQjvuPPr;Blessing
G2274;2;Hölz;Christina;;1971-07-23;+491744347781;;;Reutlingen;nein;QpBZ427lgX47YfMO7i1a;Blessing
G2275;2;Ehard;Dietmar;;-475718400000;+491702288118;+49712960479;;Lichtenstein;ja;Mu0bOZPLTJ8qYHrKUMB7;Blessing
G2275;2;Ehard;Dietmar;;1954-12-05;+4915231830764;;dietmar.ehard@gmx.de;;nein;afXEp272dDuCCVdyW3g9;Blessing
G2276;2;martin;Andrea;;-165628800000;;;;;nein;MvEPTCW3DDY207ShU218;Blessing
G2276;2;Martin;Andrea;;-165628800000;+491705370403;;andi_martin@gmx.de;Reutlingen;nein;Pbp0jGu8gBMXlXezYaP2;Blessing
G2277;2;Loser;Annelie;;2000-05-19;+491608181453;;loser.annelie@gmx.de;Metzingen;nein;UtCrLRoeRuLwYBaPrluN;Blessing
G2277;2;Loser;Annelie Dorothea;;2000-05-19;+491608181453;;;Metzingen;nein;MvJ8NxAEPhg9QCcmXkcg;Blessing
G2278;2;Mayer;Roland;;1959-09-26;+4915225669895;;roland.mayer@outlook.com;;nein;MvYhQrqBWSIxrBQzEhjZ;Blessing
G2278;2;Mayer;Roland;;1959-09-26;;+497128864;;Sonnenbühl;nein;TTWMWXbTpZfaR9Wm5ijK;Blessing
G2279;2;schmid;Alexander;;53827200000;;;;;nein;QgkFt03bAbF1Rtia5lQj;Blessing
G2279;2;Schmidt;Alexander;;53827200000;;;;;nein;MvksOSEekn94yvfOF1h7;Blessing
G2280;2;Krikheli;Lia;;1970-06-15;;+497127948446;likasaar@freenet.de;;nein;MwHLn6St1wu36Nb3QtQP;Blessing
G2280;2;Krikheli;Lia;;1970-06-15;948446;;;Pliezhausen;nein;cAkZ1pNQwzIP5DYtRzC0;Blessing
G2281;2;Fogl;Felix;;2010-12-14;+4917620166317;;johannes.fogl@web.de;;nein;MwMghqMHNvz6OAsVm4nI;Blessing
G2281;2;Fogl;Felix Niklas;;2010-12-14;+4917620166317;;;Reutlingen;nein;SXQsXvXEzVjNoBe8e1Ev;Blessing
G2282;2;PINAULT;Olivier;;;+4915221476454;;opa78@hotmail.com;;ja;MzXikRchSvXMsu5VxyGQ;Blessing
G2282;2;Pinault;Olivier;;1978-09-06;+4915221476454;;opa78@hotmail.com;Reutlingen;nein;uQs2UdI7m9PvAsegRqP3;Blessing
G2283;2;Ehebald;Julie;;2008-11-24;+4917621628795;;nici.ehebald@web.de;Reutlingen;nein;MzZIpI8Z4hGULCUPKgjs;Blessing
G2283;2;Ehebald;Julie Elisabeth;;1227484800000;+4917621628795;;;Reutlingen;nein;Yg6QWhDx1nJqG7GhZUdA;Blessing
G2284;2;Neth;Anja;;1973-11-24;;+497121411555;anja.neth@posteo.de;;nein;N0wK4NUnGTYotxnKgY8a;Blessing
G2284;2;Neth;Anja;;1973-11-24;;411555;;Reutlingen;nein;tE4dXQuiGQ6q5peW2eUi;Blessing
G2285;2;Beckmann;Max;;2005-05-09;+4917645792812;;;;nein;N17S3w2XkW0GEmNCdjhg;Blessing
G2285;2;Beckmann;Max Martin;;2005-05-09;+491782845936;;;Nehren;nein;dVc7JXNfhBAsBoEkePao;Blessing
G2286;2;Ziegler;Therese;;1937-05-27;;+49712731310;;Neckartenzlingen;nein;N28UqDxVCYjG1UWQ4Vhr;Blessing
G2286;2;Ziegler;Theresia;;1937-05-27;+4915117860868;;philipp.zi@web.de;;nein;VxzJkaOma89zFMp3xe4O;Blessing
G2287;2;Freifrau von Richthofen;Anja;;;+49 1573 3150873;;anjavonrichthofen@web.de;;ja;N2kZP5aPyhjUN6ZBS3lr;Blessing
G2287;2;von Richthofen;Anja;;1973-11-13;+4915733150873;;anjavonrichthofen@web.de;Tübingen;nein;eiCJMt4nDusCGictl6rC;Blessing
G2288;2;Yildirim;Ali;;-112838400000;;+4971294070360;;Lichtenstein;nein;N64vRmtdbWFv83LvDrUf;Blessing
G2288;2;Yildirim;Ali;;1966-06-05;+491624201787;;yildirim5666@gmail.con;Lichtenstein;nein;voZlEUewyCr6URocPAwu;Blessing
G2289;2;Bayer;Annabella;;2012-02-04;+4915209439424;;;Bempflingen;nein;QnpfSviNNqw6i2Y4uESa;Blessing
G2289;2;Bayer;Annabella und Leyana;;2012-02-04;+4915209439424;;klicky85@hotmail.de;;nein;N86aBma3pKeOkx6eJDZz;Blessing
G2290;2;Sakizli;Annalena;;2004-07-04;;+497121338112;;Reutlingen;nein;N8LzT0tfUp6Oh5HG73dU;Blessing
G2290;2;Sakizli;Annalena;;2004-07-04;+4915226637171;;anna-0407@web.de;;nein;tiO0xyxlzk2pnBdS2Pab;Blessing
G2291;2;Fanslau;Horst;;1985-12-10;;;;Reutlingen;nein;N8MtHqd9mLHqILddV1IQ;Blessing
G2291;2;Fanslau;Horst;;1985-12-10;+491723763761;;horst.fanslau@gmail.com;Böblingen;nein;rDgW57wZXLCD2oSkclHN;Blessing
G2292;2;Telin-Mann;Michael;;1966-02-22;+4915201978336;;micheva@web.de;;nein;N8PwkO7tJRJTMFpZRViM;Blessing
G2292;2;Telin-Mann;Michael;;1966-02-22;;77165;;Eningen;nein;Za84fnrEL47oNmdceajE;Blessing
G2293;2;Richter-Wilhelm;Gordana;;1968-12-29;+4915736274729;;familiewilhelm@outlook.de;;nein;N8TbVTJgC6KUBSxIaWPi;Blessing
G2293;2;Richter-Wilhelm;Gordana;;1968-12-29;;+497123939466;;Riederich;nein;OqoOR5aDikDj2LsGTbsx;Blessing
G2294;2;Schietinger;Petra;;360028800000;+491743008991;;petra@ezzy.de;;ja;N9jUhmNfbxCLcX1NjDfj;Blessing
G2294;2;Schietinger;Petra;;1981-05-30;+491743008991;;;Riederich;nein;m9NMZTxebfdMaLrN8dxh;Blessing
G2295;2;Braun;Sarah;;2001-12-13;+4915738978649;;sarahmichelle01@gmx.de;Neckartenzlingen;nein;NAONRjuJWOPpnWOFeA8J;Blessing
G2295;2;Braun;Sarah Michelle;;2001-12-13;;+497127957890;;Neckartenzlingen;nein;fEZTCUbTzZKMssgIksLk;Blessing
G2296;2;Uelska;Alexandra;;1985-12-19;;;;;nein;NoGioKOfVyXT19mm6eYz;Blessing
G2296;2;Uelska;Oleksandra;;1985-12-19;;1393164;;Reutlingen;nein;NBw0j1wtpa18SjOMyhfL;Blessing
G2297;2;Claß;Kathrin;;2010-06-28;;+497382941369;sonja.hauserclass@googlemail.com;Römerstein;nein;xblGfSHUgQrak7E5PaH7;Blessing
G2297;2;Claß;Kathrin Hedwig;;1277683200000;;+497382941369;sonja.hauserclass@googlemail.com;Römerstein;nein;NC1tNkgyODW9s0CZwiuV;Blessing
G2298;2;Lamprianidou;Anastasia;;1979-05-04;+4915208518900;07123720084;labrianidu@gmail.com;;ja;NDn1N0SXwQpp5PfL6jL5;Blessing
G2298;2;Lamprianidou;Anastasia;;1979-05-04;;+497123720084;labrianidu@gmail.com;Metzingen;nein;aBYF9L7yyCU4KFBICJlh;Blessing
G2299;2;Maier;Kisla;;1985-07-05;+4915252171215;;kislamaier@gmail.com;;nein;mXgAtviV1l3AF11cRVGg;Blessing
G2299;2;Maier;Kisla Dearne;;1985-07-05;+4915252171215;;;Pliezhausen;nein;NFVunbn2TAqh8WHQBwCQ;Blessing
G2300;2;Preindl;Ilse;;1950-01-10;;479724;;Reutlingen;nein;NIm2JUfCx741Xnoq4PrH;Blessing
G2300;2;Preindl;Ilse;;1950-01-10;+4917644727646;;ilse@preindl.de;Reutlingen;nein;xloBTdQavg8hqzQlBpoM;Blessing
G2301;2;Roncabattista;Maria;;1947-07-08;;+4971216955048;fabiolaroncabattista9@gmail.com;;nein;NJGEpp9BmtIR4pcSQu8u;Blessing
G2301;2;Roncabattista;Maria;;1947-07-08;+4917662246459;;;Reutlingen;nein;vBPR9LZMol3MevvgLtbp;Blessing
G2302;2;Schönberger;Renate;;-618537600000;;+497121670951;renateschoenberger@gmx.de;;nein;NKxTdFSZtHADYvckRgav;Blessing
G2302;2;Schönberger;Renate;;1950-05-27;;670951;;Reutlingen;nein;pSctDKZsEeEvdi9Z71Jp;Blessing
G2303;2;März-Pohlenz;Eva;;1946-10-02;+4915229275975;;;Reutlingen;nein;NMNMbXfMdTa3aW2KUeTY;Blessing
G2303;2;März-Pohlenz;Eva;;1946-10-02;;+497121267450;emaerz@gmx.de;;nein;wRlwpBxixmGfdAIkFcpi;Blessing
G2304;2;Mitbrod;Erich;;1942-10-05;;334284;;Reutlingen;nein;u53UK7Axf02R4XdLl9eQ;Blessing
G2304;2;Mitbrot;eric;;1942-10-05;;334284;;;nein;NMs4COfhpswYpPrW2ZE2;Blessing
G2305;2;Polito;Giuseppina;;1971-11-20;;+4970259122937;pinap@gmx.de;Kohlberg;nein;k8PvMDsq6bWFdFX2lZXy;Blessing
G2305;2;POLITO;gUISEPINA;;1971-11-20;;;;;nein;NNAQYNM0sOgzjMRNBobK;Blessing
G2306;2;Blessing;Gerald;Dr.;1958-01-17;+491713300010;;gerald.blessing@t-online.de;Kusterdingen;nein;NNUMXIDcpahbOEg4qDJA;Blessing
G2306;2;Blessing, Dr.;Gerald;;;+491713300010;;gerald.blessing@t-online.de;;ja;OmDJWOaI2zp1U1zQPIwL;Blessing
G2307;2;Neuburger;Ursula;;1942-09-21;;+497387491;;Hohenstein;nein;NNf3eed2TYxDfvR68mHk;Blessing
G2307;2;Neuburger;Ursula;;1942-09-21;;+497387491;utebaier@t-online.de;Hohenstein;nein;TiNGEAHFoxb6uWyQ5Ytj;Blessing
G2308;2;Nguyen;Thi Thuy Tien;;1981-07-29;+4917640367242;;;Reutlingen;nein;ebkAwRukk6nIS8WvZGP3;Blessing
G2308;2;Nguyen;Thi-Thuy-Tien;;1981-07-29;;;;Reutlingen;nein;NO8OnOUOnvVSUQbTPzQR;Blessing
G2309;2;Mardare;Alina Raluca;;1993-06-17;+4915224565046;;;Horb;nein;NQr6ixFN8nzlwRFSbmI4;Blessing
G2309;2;Mardare;Alina-Raluca;;1993-06-17;+491724686902;;cepoicristina6@gmail.com;Horb am Neckar;nein;i0UB33kCznpMaspI3Hcq;Blessing
G2310;2;homolatch;carmen;;1978-04-25;+4915226979464;;;;nein;ZzBDLc3lpRLP9qfjXtnf;Blessing
G2310;2;Homolatsch;Carmen Alexandra;;1978-04-25;;;;Metzingen;nein;NRGsuPubQElk56x6s98k;Blessing
G2311;2;Kasikci;Rusen;;;+015203539990;;rusenkasikci@gmail.com;;ja;NRYBWrjNWdUuceyDbG9E;Blessing
G2311;2;Kasikçi;Rusen;;1999-09-26;+4915203539990;;rusenkasikci@gmail.com;Reutlingen;nein;rX9VPajXe6tuqXh8dobc;Blessing
G2312;2;Majewska;Karolina;;2000-08-10;+4915730246935;;karolinamxd1@gmail.com;Neckartenzlingen;nein;Qn9CRJfxKPqndDZo8WtE;Blessing
G2312;2;Mayevska;Karolina;;2000-08-10;+4915730246935;;;;nein;NSPeXbVHXqiDS5h0AZfW;Blessing
G2313;2;Limoli;Donatella;;1975-07-10;;;;Reutlingen;nein;NT1DKlfRWob2eC7dXgfC;Blessing
G2313;2;Limoli;Donatella;;1975-07-10;+491739406560;744934;;Reutlingen;nein;aQ2Uu8b5qEKmDHExn5Ni;Blessing
G2314;2;Pettenkofer;Viktoria;;1996-05-12;+4917661443789;;;Reutlingen;nein;NTYEX8KYUgCtLtIg3LsB;Blessing
G2314;2;Pettenkofer;Viktoria;;1996-05-12;+4917666871155;;leipi.viktoria@web.de;Reutlingen;nein;yuiHWdoD1NumklCoSk5D;Blessing
G2315;2;polzin;barbara;;;;+49712718705;;;nein;NTdPvkazen5WazpWO4sq;Blessing
G2315;2;Polzin;Barbara;;-943056000000;;+49712718705;;Neckartenzlingen;nein;YfEhb2mmC6QLe8rQ7EBt;Blessing
G2316;2;Wilhelm;Reinhold;;1977-11-17;;+49173277124;;Reutlingen;nein;NUeJhvHxLpiVsDOcAdBz;Blessing
G2316;2;Wilhelm;Reinhold;;1977-11-17;;+497121550599;reinholdwilhelm@web.de;;nein;zWIMRvZw5RlHLw7livqX;Blessing
G2317;2;Reuter;Stefanie;;;+491707013850;;stefaniex@gmx.de;;ja;NV18HKDi2hCF7D8m1ASy;Blessing
G2317;2;Reuter;Stefanie;;;+491707013850;;;;nein;Sg5spfdhhInNFspZqMCk;Blessing
G2318;2;Munz;Philipp;;1990-02-23;;;;Pfullingen;nein;jXmRfsTnkSQObQ24B2Pu;Blessing
G2318;2;Munz;Philipp Markus;;1990-02-23;;;;Pfullingen;nein;NVdRHB8qfoJyy7XqokQR;Blessing
G2319;2;Mincheva;Anita;;1981-03-15;;;;;nein;mFlYamrGQCwqlc00DrR1;Blessing
G2319;2;Mincheva;Anita Minkova;;1981-03-15;+4917688234589;;;Metzingen;nein;NWm4g1Zjqha5HbpJn7b5;Blessing
G2320;2;Georgakidis;Dimitrios;;1987-02-08;+4917655277843;;dimitrios.georgakidis@web.de;Betzingen;nein;NXRciQKvLTwVHCJHI5Ae;Blessing
G2320;2;Georgakidis;Dimitrios;;539740800000;;;;;nein;ocCbfyXCBGcB1k3zSyUM;Blessing
G2321;2;Erboga;Derya;;1991-03-21;+4915227091030;;;Reutlingen;nein;NY8zBiT25xhMVSwqITdZ;Blessing
G2321;2;Erboga;Derya;;1991-03-21;+4915156352880;;de.erboga@icloud.com;Reutlingen;nein;wiGLEXdo1HGAj9eRbrrE;Blessing
G2322;2;Schulze;Peggy;;1978-08-14;;+4974526339865;pepaalta@googlemail.com;;nein;NZe9JfqRAA85J9HP7w3o;Blessing
G2322;2;Schulze;Peggy;;1978-08-14;;+4974526054188;;Nagold;nein;WCVwnqwb1wGFuK2t2jAk;Blessing
G2323;2;Reinhardt;Siegfried;;-1045699200000;;;;;nein;NaxinESg2faZfLk9hdR4;Blessing
G2323;2;Reinhardt;Siegfried;;1936-11-12;;+4970252396;;Kohlberg;nein;OkixobwQdcKuk6nLdJZj;Blessing
G2324;2;Weigert;Lydia;;;+49015775742146;;lydia.weigert@web.de;;ja;NbB6oRjtJxyWDCU9XdDV;Blessing
G2324;2;Weigert;Lydia;;1964-03-05;;+497123206424;lydia.weigert@web.de;Metzingen;nein;rXvGHUa47PVl9yzRNklH;Blessing
G2325;2;Scheib;Angelika;;1958-01-11;+491736364929;;;Filderstadt;nein;jBYctyNKXyyfpopLalRy;Blessing
G2325;2;scheid;angelika;;1958-01-11;+491736364929;;;;nein;NbBSm2GnHbLlwrysbd18;Blessing
G2326;2;Kemmler;Madeleine;;1948-09-29;+491627307808;;madeleine.ke@online.de;Riederich;nein;NbWGETLj0Xtne4HiSvYj;Blessing
G2326;2;Kemmler;Madeleine;;1948-09-29;;+49712318694;madeleine.ke@online.de;Riederich;nein;SqFHylQ7ePE2xswC5VN2;Blessing
G2327;2;Winter;Doloeris;;;+491623834603;;;;nein;iNH9QLz3STQPr2dp2Z7k;Blessing
G2327;2;Winter;Dolores;;1966-08-31;+491623834603;346420;winter.dolores1@gmail.com;Reutlingen;nein;NcMueOLqsdNU0N5pWCj4;Blessing
G2328;2;Kaur;Inderjit;;1975-08-02;+491795216194;;ts.darewal@yahoo.de;;nein;Ncx0gq92icN0M67XpY1x;Blessing
G2328;2;Kaur;Inderjit;;176169600000;+4917643823227;;ts.darewal@yahoo.de;Reutlingen;ja;YRhFeasaUxl3zEXU7s1c;Blessing
G2329;2;Rentschler;Matthias;;;+49 1525 1921402;;mareba.home@t-online.de;;ja;NfW1m21JnLRqlxmlLhpN;Blessing
G2329;2;Rentschler;Matthias;;1970-01-29;+4915112671731;;mareba.home@t-online.de;Schopfheim;nein;OOVXwpneELYSTzR4KUo3;Blessing
G2330;2;Pfäffle;Rainer;;1962-08-22;+4915123293598;+49757150467;rainer.pfaeffle@arcor.de;Sigmaringendorf;nein;cFKWOs7Qg8I8BUI4C0cK;Blessing
G2330;2;Pfäffle;Rainer Harald;;;+4915123293598;;rainer.pfaeffle@arcor.de;;ja;NgfOtvM3z8xoEJNLggCR;Blessing
G2331;2;rebann;erwin;;1963-04-11;;;;;nein;Y2rWbHqpnE2Y7EOcYTuO;Blessing
G2331;2;Rebmann;Erwin;;1963-04-11;+491729503734;+49712721212;;Walddorfhäslach;nein;NhTqWdksojbp6jgGoMMP;Blessing
G2332;2;Müller;Gerhard;;1982-07-18;+491702394523;;;Eningen;nein;NiNQvu85WDXVVQ2jVv6q;Blessing
G2332;2;Müller;GERHARDT;;1982-07-18;+491702394523;;;;nein;lz3GcjkYRwyjdaMMaeAu;Blessing
G2333;2;Prokein;Claudia;;1964-06-23;+491603600330;;claudia.prokein@arcor.de;;nein;Nj13QVHkl2Nfp8ADjWqn;Blessing
G2333;2;Prokein;Claudia;;1964-06-23;+491603600330;+497433381064;claudia.prokein@arcor.de;Balingen;nein;Yb3GT8twOzMuFCysWcei;Blessing
G2334;2;Hess;Nane;;2002-04-10;+4915739310715;;nh02pf@online.de;;nein;V7keLuubUWjGfVMn6hvB;Blessing
G2334;2;Heß;Nane Lena Zoey Margarete;;2002-04-10;708980;;;Pfullingen;nein;NjMQmEknijefsnKEzh49;Blessing
G2335;2;Wolfteich;Oliver;;;+4917621622999;;oliverwolfteich@hotmail.de;;ja;NkFgQ2jAZ9kztDatgH7Q;Blessing
G2335;2;Wolfteich;Oliver;;1976-07-07;;+4971296937162;oliverwolfteich@hotmail.de;Engstingen;nein;fYBGndGk23zOh6eXQgSr;Blessing
G2336;2;Sarac;Isiltan;;1977-02-05;+4915730962129;;isiltan.sarac@gmx.de;Pfullingen;nein;kBW7W3PC50ucdD16oJUJ;Blessing
G2336;2;sARAC;USULTAN;;1977-02-05;+4915739062129;;;;nein;NkLEJ1H989y0hssOEBdt;Blessing
G2337;2;Griesbach;Nele;;2000-11-25;+4915734383243;;nele.griesbach@gmx.net;;nein;Nl5j73OY1mo7Uv8JIDdJ;Blessing
G2337;2;Griesbach;Nele Marie;;2000-11-25;+4915789422608;;nele.griesbach@gmx.net;Heidelberg;nein;PU99fhfC9LEHMdueMRfT;Blessing
G2338;2;Al-baidhani;Schad;;2002-08-10;+4917670214863;;;;nein;Nm6kgE3s98z1tkEk1gT4;Blessing
G2338;2;Al-Baidhani;Shahad;;2002-08-10;+4917670214863;;;Eningen;nein;UEEpnOiu04KJcZNZvE9h;Blessing
G2339;2;heinzelmann;eva;;;+491608485378;;;;nein;NmyMcPfhJLxwPKWqrSxW;Blessing
G2339;2;Heinzelmann;Eva;;139536000000;+491608485378;+494315345198;;Kiel;ja;wuilmqENl8aE3StcULHD;Blessing
G2340;2;topalidis;Georgios;;;;6966900;;;nein;NnOpxEc37gmSEfNbW4m2;Blessing
G2340;2;Topalidis;Georgios;;1966-02-11;+491608948588;6966900;;Reutlingen;nein;faZxAQSauX00PaDA3IhJ;Blessing
G2341;2;Ebinger;Dennis;;419558400000;;+4971259686327;;Hülben;nein;NngU3CUxmytyx4K5VyRX;Blessing
G2341;2;Ebinger;Dennis;;419558400000;+4917663432327;;dennis.ebinger@googlemail.com;Hülben;ja;lOGphbBDVUEuavAqENsc;Blessing
G2342;2;Karij;Vivien;;1997-11-12;;+497473379100;;Mössingen;nein;Npk7Np69VvOQSldLN4OY;Blessing
G2342;2;Karij;Vivien;;1997-11-12;+4917655227266;;vivien.karij@hotmail.de;Mössingen;nein;X1NfX7RELcLGzoIPBvz5;Blessing
G2343;2;Schmunk;Jennifer;;1986-05-21;;+4970229604850;;;nein;NqIvBcRHhVRUSCjIrfVX;Blessing
G2343;2;Schmunk;Jennifer;;1986-05-21;;+4970229604848;;Nürtingen;nein;dpVlSGJXPZxG1lMLISNc;Blessing
G2344;2;Ritter;Olesia;;1977-10-17;+4917681256710;;;Münsingen;nein;NqrIDtfavFxu60RaCOCO;Blessing
G2344;2;Ritter;Olesya;;1977-10-17;+4917663236203;;ritter.av@web.de;Münsingen;nein;YYMzlTJpgsFZOlHOIrh5;Blessing
G2345;2;Schmid;Ramona;;1969-02-23;+4915771288170;;turhananomar@gmail.com;Eningen;nein;Nr79NbKd1ZdWzOHSQsbh;Blessing
G2345;2;schmid;ramona;;-26956800000;;;;;nein;ezukHKRExoykCEsN8INX;Blessing
G2346;2;Kohler;Ingrid;;1967-05-15;;+497121820863;ernstkohler@t-online.de;Eningen;nein;NsUVeEjH4fBJ7eu8JrL7;Blessing
G2346;2;Kohler;Ingrid;;;+49 1573 6428941;;ernstKohler@t-online.de;;ja;dt7feGbGliPlhJRthWIO;Blessing
G2347;2;Graas;Beatrix;;2002-06-20;;6950083;;Tübingen;nein;Nt4HbyusWaE04l5vDryq;Blessing
G2347;2;Graas;Beatrix Julia;;2002-06-20;;;;Karlsruhe;nein;d3JlMjHw1eNpG1ObIsdA;Blessing
G2348;2;Coetzer;Gerhardus;;1967-06-20;+4915116040759;;;;nein;NtO0BVYKRWY8hGV4tb9j;Blessing
G2348;2;Coetzer;Gerhardus Janse;;1967-06-20;+4915116040759;;;Ammerbuch;nein;Ojik8y867zA6zkQBpOPa;Blessing
G2349;2;Gorke;Tamara;;1043539200000;+4915735452020;;t.gorke@gmx.de;;ja;UrhneCLnR84Wsky6lQzm;Blessing
G2349;2;Gorke;Tamara Katharina;;2003-01-26;+4915735452020;+497123162825;;Metzingen;nein;NtsP0RPlfWzmmVSPNPT5;Blessing
G2350;2;Lauser;Alexander;;;+4917656701483;;;;nein;Nukz8prWj5dERF4fuDyL;Blessing
G2350;2;Lauser;Alexander;;1983-02-01;+4917656701483;;;Pliezhausen;nein;e5J7FNYA9dDAXElMxQNu;Blessing
G2351;2;Januzi;Liridon;;1987-11-24;+4915734411127;;;Dettingen;nein;UqTx0RuGJypr2GNqmzkQ;Blessing
G2351;2;januzi;niridon;;;+4915734411127;;;;nein;NvuJJK66gNJ3i842AFq2;Blessing
G2352;2;Giagulle;Susanna;;;+491729559426;;;;nein;Nw423nUSp8YU8DMfaDHm;Blessing
G2352;2;Giagulli;Suzana;;79228800000;+491729559426;;;Reutlingen;nein;ubuSWDHw7dP6CGC7pXAG;Blessing
G2353;2;Amann;Ludwig;;1950-09-17;;+4971211950;;Reutlingen;nein;NwHEWc4TD57WGrFOOGPA;Blessing
G2353;2;Amann;Ludwig;;1950-09-17;;+4971211950;;Reutlingen;nein;uLRpOo7QMW7MgfjVMlUS;Blessing
G2354;2;Cao;Peiyi;;2001-05-05;+4915231618988;;;Wannweil;nein;NxOCNm3QMdjRcrPWcFOl;Blessing
G2354;2;Cao;Peiyi;;2001-05-05;+4915231618988;;caopeiyi2023@163.com;Wannweil;nein;rI0Y1T54k35yf7t6tcpa;Blessing
G2355;2;Perovic;goran;;47520000000;+491776305420;;;;ja;NxTy2ekbYkN2rZ1Wlxhr;Blessing
G2355;2;Perovic;Goran;;1971-07-05;+491776305420;;;Riederich;nein;bDOQ2YDnjtxANWP7kAJt;Blessing
G2356;2;Dunjko;Branka;;1955-06-02;+491606700172;;;Mössingen;nein;NyQcaAHEYYnbfBPPxrYf;Blessing
G2356;2;Dunjko;Branka;;1955-06-02;+491606700172;;brankadunjko@web.de;;nein;hCuNW3Izh4DpNwrJ0erP;Blessing
G2357;2;Lappanese;Teresa;;1983-06-24;+491629394596;;teresa1983lonetti@aol.de;;ja;NzGPMVtA8E5mk5My3UB1;Blessing
G2357;2;Lappanese;Teresa Francesca;;1983-06-24;;+4971253041969;;Bad Urach;nein;hwm3ydLkW4KBuMiVVPV5;Blessing
G2358;2;Biedermann;Edda;;1950-05-28;;+497127814987;;Pliezhausen;nein;O0IXfOttQATnTkKkz8nc;Blessing
G2358;2;Biedermann;Edda;;1950-05-28;;+497127814987;pet_security@hotmail.com;Pliezhausen;nein;OAbq0FIN6DyXl7wM9ocT;Blessing
G2359;2;Betak;Hans Kristian;;;;+4971237488;;;nein;O0pDYG6a9PQotTLHG9oT;Blessing
G2359;2;Bettac;Hans-Kristian;;1942-10-16;;+4971237488;;Dettingen an der Erms;nein;quLlR0wek74LbdJX85TM;Blessing
G2360;2;Salamunovic;Marina;;1993-02-27;+4917631522582;;;Metzingen;nein;xOX276PPnhRhwu1J1LkC;Blessing
G2360;2;salamunovid;Marina;;1993-02-27;;;;;nein;O0rL5Q9GLyAIqieetPVF;Blessing
G2361;2;Polizzi;Martina;;1991-12-04;;494924;;Reutlingen;nein;O2hAUTbHNeMHhLLj5aTX;Blessing
G2361;2;Polizzi;Martina;;1991-12-04;+4915738237921;;m.polizzi412@gmail.com;Reutlingen;nein;sOzFnds6hgVIamGTtKOH;Blessing
G2362;2;Dinkel;Hannes;;2016-10-23;+4915756206811;;carolinedinkel@posteo.de;Reutlingen;nein;O421EFJB4DkMtaOEMJWZ;Blessing
G2362;2;Dinkel;Hannes;;2016-10-23;;1396641;;Reutlingen;nein;mcBZPLM4EBCx6eDi03fv;Blessing
G2363;2;Beck;Manfred;;1936-03-11;;890669;;Eningen;nein;O5GJgZdqoAjZ4Ch3Gy4y;Blessing
G2363;2;Beck;Manfred;;1936-03-11;;890669;;Eningen;nein;yzjBISdLorY3zHeukwH9;Blessing
G2364;2;Scherer;Bernd;;-95817600000;;+497071360909;;Kusterdingen;nein;O5IXqLPKjpnn2fAeNwKr;Blessing
G2364;2;Scherer;Bernd;;1966-12-19;+4915226925610;;audi-ttbernd@web.de;;nein;ruWEDr6Ou4an6A5sBQVZ;Blessing
G2365;2;Almashhour;Suha;;1998-03-05;+491763121276;;;Lichtenstein;nein;O71dxixKkT0DFNlJVLtg;Blessing
G2365;2;Almashhour;Suha;;1998-03-05;;;;Eningen;nein;gioYqQkrJ69Ofc2lV5Od;Blessing
G2366;2;Schmitt;Jonas;;1317600000000;;;;;nein;O793TY1G4RRAeNu8M4pj;Blessing
G2366;2;Schmitt;Jonas;;1317600000000;;;;;nein;tmljWcDzsBNGvAHAvYqV;Blessing
G2367;2;sari;youssef;;;+4917662890297;;;;nein;VglvB4fFEQnxXIO5nZVu;Blessing
G2367;2;Sary;Yossef;;1126483200000;+4917662890297;;;Reutlingen;nein;O7rnakv0uL9vOn5t2z4y;Blessing
G2368;2;Gaspar;Angelina;;2006-03-17;+491634185910;;angelina@gaspargmbh.de;;nein;O8doJ1j7TAjbI5TYKQOc;Blessing
G2368;2;Gaspar;Angelina Madeline;;1142553600000;+491634185910;;angelina@gaspargmbh.de;Altdorf;nein;vMUYK9Gr1SkSjOLn2rux;Blessing
G2369;2;Weif;Helga;;;+491728763750;;;;nein;mvQY648zSNdJqSKpMD45;Blessing
G2369;2;Weis;Helga;;1964-08-29;+491728763750;;helga.weis@online.de;Schlaitdorf;nein;O8mId9i9AFm5waIuNBzm;Blessing
G2370;2;Yildirim;Leyla;;1982-09-14;;+4971215302134;leyla1409@hotmail.de;Reutlingen;nein;OBIlibp3QR8bvDDgvMRR;Blessing
G2370;2;Yildirim;Leyla;;1982-09-14;;+4971215302134;leyla1409@hotmail.de;Reutlingen;nein;TmQYlM9ojvv3DffcGqIL;Blessing
G2371;2;Theodosiou;Maria;;1983-07-18;;+497125986779;;Reutlingen;nein;UQHx2G50uYD64IasFsrw;Blessing
G2371;2;Theodossiu;Maria;;1983-07-18;;;;Reutlingen;nein;OBTqPrvHGQmjXMiwHa4n;Blessing
G2372;2;Söllner;Sophie;;2002-09-11;+4917654362021;;sophiethereslln@gmail.com;Stuttgart;nein;hsPP2FhtTrAZsLcg6guF;Blessing
G2372;2;Söllner;Sophie Therese;;2002-09-11;;;;Berlin;nein;OCGciHtR2ykeg2bwQ3AR;Blessing
G2373;2;Klees;Nora-Sophie;;2008-07-21;;+4971279608869;;Walddorfhäslach;nein;wBh8TCWmRq5X6iunKR2V;Blessing
G2373;2;kles;Nora;;2008-07-21;;+4971279608869;;;nein;OCczaN6OUeCOSA4ZcyKH;Blessing
G2374;2;Hummel;Andreas;;1983-04-13;+1797934577;;andi-hummel@gmx.de;;ja;ODrnt1Xkrw114p8jgNbe;Blessing
G2374;2;Hummel;Andreas;;419040000000;+491797934577;+4971213311193;andi-hummel@gmx.de;Pfullingen;nein;QkswGPitynDdU87XNGdP;Blessing
G2375;2;röstmann;jonas;;;+4915236225161;;;;nein;OFSxRsnMXrSp1suAAgWU;Blessing
G2375;2;Wöstmann;Jonas;;1998-12-19;+4915236225161;;;Reutlingen;nein;bzqsrFxOwnGdZlW52XZb;Blessing
G2376;2;Dirican;Almila Nur;;;+491601878935;;almilanur@aol.de;;ja;OFvKKlf0hSfpZeLDomW8;Blessing
G2376;2;Dirican;Almila-Nur;;864777600000;+491601878935;290136;almilanur@aol.de;Reutlingen;ja;mzHZkdYRP4CdSPdoGmhd;Blessing
G2377;2;George;Edeltraud;;1955-10-14;;+4971297222;;Engstingen;nein;OGLu83DgiQM1SnIikjUh;Blessing
G2377;2;George;Edeltraut;;1955-10-14;+4915120626202;;edi-george@t-online.de;;nein;i4cF8S4j29cIAmE6e0x9;Blessing
G2378;2;Budak;Yana-Ina;;734140800000;+491736646115;;;Reutlingen;nein;OHFA06Ib5T7CyswY6G2E;Blessing
G2378;2;Budak;Yana-Ina;;1993-04-07;+491736646115;;ybn7@icloud.com;;nein;Xymi7ZX2ttp0Dc9WCPg3;Blessing
G2379;2;Steiner;Christa;;1944-03-20;;+497383374;;Hohenstein;nein;OHKQDeQsdheT2cbNmAaV;Blessing
G2379;2;steiner;christa;;;;+497383374;;;nein;migjgBhmzTIaDgv6xjJY;Blessing
G2380;2;Fichter;Jens;;1967-11-08;+491777052312;+497113164552;;Esslingen;nein;OHr4owuXrIhGKkLrk398;Blessing
G2380;2;Fichter;Jens;;1967-11-08;;+4971150421811;jensaestle@gmail.com;;nein;T57JBwGhAOoMuN7nvJWo;Blessing
G2381;2;osman;zakaria;;2019-04-06;+4915731084932;;;;nein;WT5e0XwiYxK818AoUmsU;Blessing
G2381;2;Osman;Zakaria Rashad;;2019-04-06;+4917615416919;;;Reutlingen;nein;OHycVEIrGfFbDUyVRXGW;Blessing
G2382;2;Walter;Yvonne;;174182400000;+4917644421031;;yvonne26_@web.de;Münsingen;nein;OIKhhNFkYl1NoIr1qQH0;Blessing
G2382;2;Walter;Yvonne;;174182400000;;;;;nein;xWnpF9r0jB1N30yyG8Wh;Blessing
G2383;2;Mattern;Eva;;;+491726028520;;Evanoahm@web.de;;ja;yUaWjDFiaCcxJS1mUOuu;Blessing
G2383;2;Mattern;Eva-Sabine;;1977-09-04;+491726028520;;evanoahm@web.de;Dettenhausen, Württ;nein;OKvY8BiFPoOhrPWDe0fH;Blessing
G2384;2;Schulz;Helga;;-35942400000;+4915735667072;;;;nein;RStc9rVG7UEg3Q7TRtxM;Blessing
G2384;2;Schulz;Helgard;;1968-11-11;;3640953;;Reutlingen;nein;OLfJWQrdeLK319z6SEmV;Blessing
G2385;2;Klein;Sebastian;;2013-05-02;+4917663611457;;;Reutlingen;nein;OLqzEbYa9IfCBtDysODN;Blessing
G2385;2;Klein;Sebastian;;2013-05-02;+491633464510;;berndklein@ymail.com;;nein;wiPcl0bwnFbE2vZBqHyc;Blessing
G2386;2;Rilling;Chiara;;2001-10-10;+4915121751910;;crilling01@icloud.com;;nein;YHMRxB77n64BQwVxU9ks;Blessing
G2386;2;Rilling;Chiara Marie;;2001-10-10;+4915121751910;;;Reutlingen;nein;OM60p1KlziRwRZ9P6NBv;Blessing
G2387;2;Zibidy;Shahd;;2005-01-23;+4917647114853;;;Pfullingen;nein;OMSlL2soNYL56iE7MzIA;Blessing
G2387;2;Zibidy;Shahd;;2005-01-23;+491785899485;;alaazibidy1999@gmail.com;;nein;orlUUv9pVIpislvAVSLJ;Blessing
G2388;2;Richter;Pascal;;1995-12-04;+4917680245760;;pascal95richter@icloud.com;Metzingen;nein;OPQJUIoPtczTgxtGXjmS;Blessing
G2388;2;Richter;Pascal;;1995-12-04;+4917680245760;;pascal95richter@icloud.com;Metzingen;nein;cDqtJ3tjQfd5HXL80UE3;Blessing
G2389;2;Al-Asaad;Omar;;2019-06-11;+4915251368825;;mohammad.al-asaad@web.de;Reutlingen;nein;OPSd9uGOXX1IGYcbjlGd;Blessing
G2389;2;Al-Asaad;Omar;;2019-06-11;;;;Reutlingen;nein;ms7xhklzEIEdG9CJqngB;Blessing
G2390;2;Gentile;Valentin;;2010-05-29;;+4971236154691;;;nein;m0yMfRJkIyrHVmc5ctvr;Blessing
G2390;2;Gentile;Valentino;;2010-05-29;+4915217615897;;;Reutlingen;nein;ORxLDerUTw52OywRdfOq;Blessing
G2391;2;Wawrzyniak;Dorota;;1989-08-17;+4915120784925;;;Reutlingen;nein;OSWFasMch5FYHAb3LFkA;Blessing
G2391;2;Wawrzyniak;Dorota;;1989-08-17;+491628004930;;dorrott@gmail.com;;nein;T5qf0okEmaxmgTP30YQt;Blessing
G2392;2;hess;Erika;;-1180656000000;;;;;nein;OSkXpcstVMqai9c4k8Jp;Blessing
G2392;2;Hess;Erika;;1932-08-03;578144;;;Reutlingen;nein;g18YrUVH0nE1O1TSUDzT;Blessing
G2393;2;Hutt;Susanne;;;+4915750735798;;susi.hutt@t-online.de;;ja;OSkoyPxxAqwa3JolMOIk;Blessing
G2393;2;Hutt;Susanne;;1968-11-09;;+497123976997;susi.hutt@t-online.de;Dettingen;nein;T7NB73KvG4xaG21qEJl8;Blessing
G2394;2;slavic;maria;;2009-03-18;;;;;nein;jfz94yC5I5nnCFjckilo;Blessing
G2394;2;Slavnic;Marija;;2009-03-18;+4917632651638;;;Albstadt;nein;OSuAxJRdqGmK7qjedpv8;Blessing
G2395;2;Maas;Stefanie;;1981-10-28;;+497071300710;;Tübingen;nein;OWCPPytyedEI98NbdMaK;Blessing
G2395;2;Maas;Stefanie;;1981-10-28;;+49771300710;;Tübingen;nein;lfaq2pZ9fZeELX9YVJAf;Blessing
G2396;2;Eichinger;Ben;;2011-10-22;+491795434226;;sunshinechrissi@gmx.de;Pfullingen;nein;OWKsGXEZHyRBirp2Ju8Q;Blessing
G2396;2;Eichinger;Ben Maximilian;;2011-10-22;;7506616;;Pfullingen;nein;hbRh5u7PWjWFCD06WsQw;Blessing
G2397;2;Maichle;Stefan;;;+491781959496;;;;nein;OXPUX1XlndrvoVoTDdXj;Blessing
G2397;2;Maichle;Stefan;;1972-02-22;+491781959496;;stefanmaichle@web.de;Kusterdingen;nein;s9aCpAdJco3s5K7M0ZNG;Blessing
G2398;2;Bauer;Philipp;;1991-10-06;+4915202357751;;philipp.bauer20@googlemail.com;Pliezhausen;nein;mS39ki2VasEKdQpC1WzM;Blessing
G2398;2;Grauer;Philipp;;1991-10-06;+4915202357751;;philipp.grauer91@gmail.com;Reutlingen;nein;OXgGEKvjuREVB8LuawLT;Blessing
G2399;2;Kaware;Nadim;;2006-11-29;+491718175151;+497121268484;hze-reutlingen@ib.de;Reutlingen;nein;dA4URFu4fVRB8y2YULhs;Blessing
G2399;2;Kaware;Nadin;;2006-11-29;+491718175151;;;;nein;OYEg27s9xS9D1eZhs81b;Blessing
G2400;2;Käser;Melanie;;1984-02-01;;+4971216950021;;;nein;OYTp8DTuWI1By8Zhj2uV;Blessing
G2400;2;Käser;Melanie;;1984-02-01;+4917663165176;3035612;;Reutlingen;nein;eP9hUMylFNhVSfMriRLh;Blessing
G2401;2;rukavina;maria;;;+491622086491;;;;nein;OYk5SaAlwMts9h23zu9s;Blessing
G2401;2;Rukavina;Maria;;1996-08-01;+491622086491;;;Reutlingen;nein;hkVcLPR8mlRfGBpewwKo;Blessing
G2402;2;Jalcin;Levent;;1963-08-18;+491731881418;;;;nein;wiAz5mqLFaIuPomvDDvX;Blessing
G2402;2;Yaltin;Levemt;;;+491731881418;;;;nein;OYv1KiwIppeg4GyTCoS7;Blessing
G2403;2;Ortinau;Richard;;1955-05-03;;+497121509401;r-e.ortinau@gmx.de;Wannweil;nein;OZA68kfPdbXfzs1u1ZGT;Blessing
G2403;2;Ortinau;Richard;;1955-05-03;509401;;;Wannweil;nein;mDT0yy5XF3iZzbLRPOSu;Blessing
G2404;2;Dejan;Loreen;;2016-04-15;+491631740097;;idejan@gmx.de;;nein;XbKU2v9NQevWKD0dvXA7;Blessing
G2404;2;Dejan;Loreen Naima;;2016-04-15;+491631740097;;;Frickenhausen;nein;OdGdxKiAEDCLBijn7WvZ;Blessing
G2405;2;Jakob;Tobias;;635731200000;+4915123543066;;tobias.jakob2302@googlemail.com;;ja;OiV613bfJw4rqD7ek2cU;Blessing
G2405;2;Jakob;Tobias;;635731200000;;;;;nein;V6w2QWRNqZ04RGoUTNy2;Blessing
G2406;2;Hohloch;Jannik;;1999-06-10;;67622;;Reutlingen;nein;OjENPe1LAhbIfViZv9EI;Blessing
G2406;2;Hohloch;Jannik;;1999-06-10;;+49712167622;jannik.hohloch@outlook.de;Reutlingen;nein;RP8LY7bS29tbaKWkfmmI;Blessing
G2407;2;Walz;Sabine;;;+4915774591421;;sabine.walz456@gmail.com;;ja;OjzQeGlhqcnciyyg0hxX;Blessing
G2407;2;Walz;Sabine;;1971-01-28;;+497387984740;sabine.walz456@gmail.com;;nein;szH2nC9NSTYJksWcHq4T;Blessing
G2408;2;Kochniss;Regina;;;+4915151463148;;r.kochniss@aol.com;;ja;Ok0f9X8CIPvcI4xzlVCE;Blessing
G2408;2;kochniss;Regina;;1965-07-14;+4915151463148;;;;nein;bVTBMWLF1xXZCBQCOaJ3;Blessing
G2409;2;Almohammad;Ibrahim;;1997-01-01;+4917623361480;;;Metzingen;nein;OkHZTqfxoRivmcVJmzIm;Blessing
G2409;2;Almohammed;Ibrahim;;1997-01-01;;;;;nein;r2I7Bbch27RWfBHYJ1MO;Blessing
G2410;2;Florescu;Georgeta-Alina;;1989-09-23;+4915787219954;;;Reutlingen;nein;v6jeBtzYpqEp2TKpIVjg;Blessing
G2410;2;Florescu;Giogetta Polina;;1989-09-23;+4915787219954;;;;nein;Om66amdRzm8PK0zzN7u5;Blessing
G2411;2;Brandes;Heiko;;1957-01-26;+4917642653431;;;Reutlingen;nein;OmR3GzOYZgoRWI1QNoPN;Blessing
G2411;2;brandes;heiko;;;+4917642653431;;;;nein;nCXwJtzupdpZyg04w0I2;Blessing
G2412;2;Aigner;Marcel;;1996-08-18;;+4973878297;;Hohenstein;nein;OmYtpvB0cpbhU6pBRLhJ;Blessing
G2412;2;Aigner;Marcel;;1996-08-18;;+4973878297;;Hohenstein;nein;aQpadLmJM5uBKPfJqnBH;Blessing
G2413;2;Gherman;Sergiu Petri?or;;1989-09-15;+491704671562;;sergiugherman@hotmail.com;Reutlingen;nein;o7ShaDhWRQ36Byyhuzne;Blessing
G2413;2;Gherman;Sergiu Petrisor;;1989-09-15;+491704671562;+4971211374766;;Reutlingen;nein;OnKRzSN9UjOd7O9SpVuT;Blessing
G2414;2;Wetzel;Michael;;;+49 1525 4109821;;michi.wetzel@gmx.de;;ja;OnhhVnRyjeuN06ncqcuU;Blessing
G2414;2;Wetzel;Michal;;;+4915254109821;;;;nein;SpLUvh1DX8uCltoYnIzG;Blessing
G2415;2;Petermann;Norbert;;-553219200000;;+49712734058;npetermann1@gmx.de;Schlaitdorf;nein;OpfTr2SMWkBPtNrVqKHA;Blessing
G2415;2;Petermann;Norbert;;;+49712734058;;npetermann1@gmx.de;;ja;gyZJGmgzlL4hR3Fnd8B7;Blessing
G2416;2;Rösler;Dieter;;1953-12-03;;+49712361776;;Metzingen;nein;OqGyoCjGWt2GgA35PHw2;Blessing
G2416;2;Rösler;Dieter;;1953-12-03;+4917645670958;;roesler.dieter@t-online.de;;nein;T2GAWqLurmqNcJClWKDY;Blessing
G2417;2;Gross;Andrea;;1958-04-23;;+4971234186;beateandrea1958@gmail.com;;nein;Oqd3G0CLD5CDvSrcE2vv;Blessing
G2417;2;Groß;Andrea;;1958-04-23;;+49712341864;;Metzingen;nein;dCAKigzncEfSv1FfVYXK;Blessing
G2418;2;Noetzelmann;Ilona;;1946-12-24;;+49712361291;ivnoetzelmann@gmx.de;Metzingen;nein;QCyMYSe0YQWX61ojnFOn;Blessing
G2418;2;nötzelmann;ilona;;;;+49712361291;;;nein;OqlXAvQk3i1oAmgJrUSK;Blessing
G2419;2;Majer;Vanessa;;1998-10-20;+4917632818996;;;Großbettlingen;nein;woAjJQp9VrVU10jHi2Sc;Blessing
G2419;2;Majer;Vanessa Antonia;;1998-10-20;+4917632818996;;vanessamajer5@gmail.com;Großbettlingen;nein;OrNtMnQxqT9XDixl9n6j;Blessing
G2420;2;Scheu;Daniel;;1992-08-25;+4915789210035;;;Reutlingen;nein;Os0salF628fInSKt7kBf;Blessing
G2420;2;Scheu;Daniel;;714700800000;;015789210035;;;nein;ScwQVZKKjVOohjVh0Msx;Blessing
G2421;2;Holzwarth;Jannik;;2003-09-03;;210646;;Reutlingen;nein;OsVl5NLMM4eY6ALmZtR1;Blessing
G2421;2;Holzwarth;Jannik;;2003-09-03;+4915221383061;;holzwarth.jannik@gmail.com;;nein;drkkX1dZ25yEHqobCaUL;Blessing
G2422;2;Kocev;Iven;;2008-10-03;+4915115605862;;;Metzingen;nein;OvLdBiefmrkn4TAkE5fb;Blessing
G2422;2;Kocev;Iven;;2008-10-03;;;;Hettingen;nein;lZT1HVWFdcnJRl0LzPBn;Blessing
G2423;2;Eibner;Susanne;;1960-07-08;;+49491224;supe.eibner@t-online.de;Reutlingen;nein;OvWteaRHjBPpSQp7na3J;Blessing
G2423;2;Eibner;Susanne;;1960-07-08;+491711224372;;supe.eibner@t-online.de;;nein;oUWPL612uR0KVCB6G7Wh;Blessing
G2424;2;Klees;Tobias;;1982-12-19;+491796882902;+4971279608869;social@klunz.com;Walddorfhäslach;nein;OvvePvTfEgHzWep4YAma;Blessing
G2424;2;kles;tobias;;1982-12-19;;+4971279608869;;;nein;brUliZfI6ZbskmaXYupD;Blessing
G2425;2;yildirim;özilem;;;+4915788318763;;;;nein;OxTM6MTUuEl1ZkXqS2B6;Blessing
G2425;2;Yildirim;Özlem;;1990-06-29;+4915788318763;;;Reutlingen;nein;V7ykoCr3M6NDY2ugPezU;Blessing
G2426;2;Fritz;Robert;;2008-02-13;;+4971239724070;;;nein;udKfyk28YoZevmWZfWLF;Blessing
G2426;2;Fritz;Robert Julius;;2008-02-13;;+4971239724070;;Metzingen;nein;OxipXqLsOaUvPnwGsB7P;Blessing
G2427;2;Bayer;Fabiene;;1987-09-11;;;;;nein;OxlspC1lXqnAVLjzGtVR;Blessing
G2427;2;Bayer;Fabienne;;1987-09-11;+4915170689414;;fabsi809@gmail.com;Pliezhausen;nein;jUgmyYt90O6uhsgIjPSb;Blessing
G2428;2;Metzler;Martin;;-331689600000;+4915110660861;;bez.u@t-online.de;Reutlingen;nein;Oz711GPPeYwkUGW62SMR;Blessing
G2428;2;Metzler;Martin;;1959-06-29;+4915170317192;+497121503393;metzler.m@t-online.de;Pfullingen;nein;XoKZIOliqtvuczvjCZrE;Blessing
G2429;2;Jakob;Lara;;2020-03-19;+4915219248563;;lisa-jakob89@gmx.net;;nein;Oz9vcIy4dQgQxAzGc4Pz;Blessing
G2429;2;Jakob;Lara Sofia;;2020-03-19;+4915219248563;;;Reutlingen;nein;puEdPzvWCsIFtOIx64vZ;Blessing
G2430;2;Petrelli;Loris;;;+491736638221;;rori.74@libero.it;;ja;P06IX3puglIdKxA8HT9k;Blessing
G2430;2;Petrelli;Loris;;;+491736638221;;rori.74@libero.it;;ja;lIDyyGv0KG1fB7qjV4hM;Blessing
G2431;2;Baydas;Serkan;;1983-10-23;+4915773653506;;;Reutlingen;nein;P0XR9NQh50gH5awZKU4W;Blessing
G2431;2;baydwas;serkan;;1983-10-23;+4915773653506;;;;nein;UA1zrvqr5cRI9M3p28aP;Blessing
G2432;2;Haag;Maila;;2016-07-20;+491704952358;;;Reutlingen;nein;P0sAXF7l5wUWuD2eCGoL;Blessing
G2432;2;Haag;Maila;;2016-07-20;;;;;nein;ciOvZtTbElEgGIZeuki9;Blessing
G2433;2;Horvath;Heidrun;;-736560000000;;+497121578585;martinhorvath@gmx.de;Pfullingen;nein;P1h11C6NPyMvveuPdOz7;Blessing
G2433;2;Horvath;Heidrun;;;+4907121578585;;;;nein;hS6H8ZaXmJriHLPCCkW9;Blessing
G2434;2;Gresse;Johanne;;1998-01-22;+33674129667;;johanne.gresse@gmail.com;Talence;nein;pVK9uBLNXOAe8eXjSofK;Blessing
G2434;2;Gresse;Johanne Chloe;;1998-01-22;+33674129667;;;Tübingen;nein;P1vU54Gokp2UsDtBXniQ;Blessing
G2435;2;Nebe;Stefani;;1988-05-01;+491632355707;;;;nein;ytIuLjOS9esGvJAdEe1N;Blessing
G2435;2;Weber;Stefanie;;1988-05-01;+491632355707;;s.lausecker@gmx.de;Neckartenzlingen;nein;P3SpyOou4ZwdvsrBdimL;Blessing
G2436;2;Schwarz;David;;764553600000;+4915787054511;677076;dajuschwarz@gmail.com;Reutlingen;ja;P4LKVSFAvdpDpgNQuUPp;Blessing
G2436;2;Schwarz;David;;764553600000;+4915787054511;;dajuschwarz@gmail.com;;ja;aNoSHASWa2qi2wzzPw1Q;Blessing
G2437;2;Höneß;Noemi;;2000-02-02;+4915129034392;;noemihoeness@gmx.de;;nein;P59fVBu2MAEPDh6N47nN;Blessing
G2437;2;Höneß;Noemi;;2000-02-02;;1360798;;Reutlingen;nein;n7JCkFotJJXBddndZ6lC;Blessing
G2438;2;Tsalikis;Panagiotis;;1963-09-17;+491632509995;+497121622912;pano.tsalikis@web.de;Reutlingen;nein;P60kJhkEJAGqn7NT5W9E;Blessing
G2438;2;Tsalikis;Panagiotis;;1963-09-17;+491632509995;;pano.tsalikis@web.de;Reutlingen;nein;aVB0ExwwC9gDj6Ys4jTg;Blessing
G2439;2;Schuh;Helga;;1949-08-27;;;;Reutlingen;nein;PAV0UzofguRQtWGYXa61;Blessing
G2439;2;Schuh;Helga;;-642124800000;;;;;nein;taf8FOoi5UY0WQnEp43b;Blessing
G2440;2;Hoffmann;Daniela;;1988-11-12;;6963909;;Lichtenstein;nein;PCJlOiMuRAphTfwDLJYQ;Blessing
G2440;2;Hoffmann;Daniela;;1988-11-12;+4915233932992;;d.friederich@web.de;;nein;xs9XjKYYzGrRc850yWJv;Blessing
G2441;2;Tahiri;Nerdjivan;;1433808000000;;;;;nein;PFxMm67zc9Z1jAA881NB;Blessing
G2441;2;Tahiri;Nerdjivan;;1433808000000;;;;;nein;mzkuSYwZXiz1Fd9J8ifP;Blessing
G2442;2;Brandstetter;Stefan;;1965-05-17;;+497025912937;brandstetter.pst@t-online.de;Neuffen;nein;PGKmRA4xPyxdkPOcpMhO;Blessing
G2442;2;Renzstetter;stefan;;1965-05-17;;+497025912937;;;nein;SddzoaFGllbtJalS6s7W;Blessing
G2443;2;Edeko;Miriam;;2007-02-18;;+497121750240;annegret_edeko@yahoo.de;;nein;PGujLRSSG3qtwHxlDrXC;Blessing
G2443;2;Edeko;Miriam Abure;;2007-02-18;750240;;;Pfullingen;nein;wGak47MfzU7Fmcx9alD1;Blessing
G2444;2;Schneider;Anna;;1999-07-30;+4917662697415;;anna.marie.haedicke@googlemail.com;Augsburg;nein;zPgFRMjtdfHu0TQwR1gE;Blessing
G2444;2;Schneider;Anna Marie;;1999-07-30;+4917620362401;;;Reutlingen;nein;PH9h7v8U8p7a1hKhmQyw;Blessing
G2445;2;Srikandarajah;Kanagaratnam;;1955-08-18;+4917656933514;;pushparatha12@yahoo.de;Metzingen;nein;PHWnPTPv2iRVsl1n0PtB;Blessing
G2445;2;Srikandarajah;Kanagaratnam;;1955-08-18;;+49712318415;;Metzingen;nein;lNhI0yd2PnuEgKiRnDnX;Blessing
G2446;2;Poese;Rahul;;1995-10-18;;;;Reutlingen;nein;ZT7g9Jq7M5ui6YnKDKml;Blessing
G2446;2;Pöse;Rahul;;1995-10-18;+491749367422;;;Reutlingen;nein;PHaZqGlQ8EdjtpfDuJT9;Blessing
G2447;2;Hahn;Ursula;;-96163200000;+4915158231284;+49707250240;uschi-helmi@t-online.de;Gomaringen;ja;PJ7QbBX2gAIZRpSp0iRp;Blessing
G2447;2;Hahn;Ursula;;1966-12-15;+4915753992359;;uschi-helmi@t-online.de;Gomaringen;nein;bDv5OIwbFFwxWDUmgcUi;Blessing
G2448;2;Reichert;Simone;;1979-04-24;+4915170870103;;simone.reichert79@outlook.de;Köngen;nein;PJHkk4zKZnj24975BwJQ;Blessing
G2448;2;Reichert;Simone;;1979-04-24;;+497125155800;;Köngen;nein;pYF4eTj9rsx10qychO0Z;Blessing
G2449;2;El Sanhoury;Deniz;;1993-09-01;+491732309508;;;Reutlingen;nein;PMmUOTKfClS3Tu10YRuH;Blessing
G2449;2;El Sanhoury;Deniz;;1993-09-01;+491628824831;+497121210042;el.sanhoury@outlook.de;Reutlingen;nein;hVSPW8B8jYX1Qo0zioxy;Blessing
G2450;2;Falkenburger;Christine;;1960-07-03;+4915785788262;;chris.falkenburger@web.de;;nein;PNH8r9jW7q3OsyVnWqt1;Blessing
G2450;2;Falkenburger;Christine;;1960-07-03;754193;;;Pfullingen;nein;g1fOAgqadvC0O0mdZrF0;Blessing
G2451;2;Hinderer;Ines;;-241660800000;+491729464390;;Ines.hinderer@web.de;;ja;POWkkc9eWq5oSzj8iru7;Blessing
G2451;2;Hinderer;Ines;;1962-05-06;;+49712335494;;Metzingen;nein;qC3Ktj0Va7wpnSi9pBl9;Blessing
G2452;2;Pohlenz;Lothar;;1944-07-03;;+497121267450;;Reutlingen;nein;PPrnaBBc3M2wMCRdMTTr;Blessing
G2452;2;Pohlenz;Lothar-Herbert;;1944-07-03;;267450;;Reutlingen;nein;SggoQiwxJ2qr9GGYz3Pz;Blessing
G2453;2;Pacher;Gabriele;;1955-04-25;;290794;;Reutlingen;nein;PQtRz0BQJ6OcsbcTU92z;Blessing
G2453;2;Pacher;Gabriele;;1955-04-25;+491729187481;;gabi.pacher@t-online.de;;nein;sqlxXt4OHMuy6MXki17o;Blessing
G2454;2;Schmidt;Jana;;1994-06-13;+4915752134920;;jana94sch@gmail.com;Eningen;nein;PQuGJoqPvDboZmJyuiU5;Blessing
G2454;2;Schmidt;Jana;;1994-06-13;;;;Eningen;nein;vmGBz2UN7jeq3gs82OBc;Blessing
G2455;2;Mensa Brixene;Lilian;;2002-02-08;+4917684591000;;lilimensabrixner@gmail.com;;nein;PTkeeKrDwdokD3Xemddc;Blessing
G2455;2;Mensa Brixner;Lilian;;2002-02-08;+4917684591000;;lilimensabrixner@gmail.com;Schwetzingen;nein;chE6L5gede0dbHMekDG7;Blessing
G2456;2;kaytel;Anija;;1968-09-22;+4915234145451;;;;nein;doHe0YwEYdkOLf9Gk0E0;Blessing
G2456;2;Keitel;Anja;;1968-09-22;+4915234145451;;anjakeitel@online.de;Pliezhausen;nein;PUL6JDzFxDjSDpuifUU0;Blessing
G2457;2;Berisha;Shkeelzen;;1975-12-26;+491726443190;;;;nein;PWITRGqLjQy6j995ZN7N;Blessing
G2457;2;Berisha;Shkelzen;;1975-12-26;+491726443190;;berishaaferdita0@gmail.com;Reutlingen;nein;Y3mFto9aTSEnYqwCMS9G;Blessing
G2458;2;Schörner;Martin;;1969-04-17;;;;Wannweil;nein;PXZDJCdN1OsP8PLyWS3r;Blessing
G2458;2;Schörner;Martin;;1969-04-17;+491772830527;;martin@schoerner.de;Wannweil;nein;pMrn2FIKKhkDGXCIzfym;Blessing
G2459;2;tearpezidou;efcharis;;1982-01-11;;+4970718551015;;Dresden;nein;PY9snMf7wnrxrxGkQSpq;Blessing
G2459;2;Terpezidou;Efcharis;;1982-01-11;+4915771841664;;;Kusterdingen;nein;rrxh0nOFpIS5P3xSbQO8;Blessing
G2460;2;Lang;Dietmar Andreas;;-205027200000;;;;;nein;PYEWiBikdFySy6RNjKrR;Blessing
G2460;2;Lang;Dietmar Andreas;;1963-07-04;+4917632695823;;dietmaralang@aol.co.uk;Reutlingen;ja;gyIQyk9BFZQoUerjwtCz;Blessing
G2461;2;Pür;Dilan;;;+49 176 85686609;;dilan_93xx@hotmail.de;;ja;sfqGliCDckk8Njx7ltKt;Blessing
G2461;2;Pür;Diyar;;2002-03-19;+4917685686609;;dilan_93xx@hotmail.de;Pfullingen;nein;PYx4gvXdwOVqzYxMgFcu;Blessing
G2462;2;Gevko;Anna;;;+49 176 50384465;;gevko5@gmx.net;;ja;Pa9Krs7JwNS3HF2e2ZMf;Blessing
G2462;2;Gevko;Ganna;;1991-05-12;+4917650384465;;gevko5@gmx.net;Tübingen;nein;SwL5zoa7REl5eCQhYMjj;Blessing
G2463;2;Armbruster;Birgit;;-273542400000;+491771846772;;;Waldorfhaeslach;ja;PdjH2qehaHKqxTkrHzMn;Blessing
G2463;2;armbruster;Birgit;;;+491771846772;+497127810077;;;ja;mkK4MH4EQ1oU5fHz3Iua;Blessing
G2464;2;Riedinger;Theodor;;1956-02-15;+491757238086;;theo.riedinger@web.de;;nein;Ph9EeIXjdHH4q6A1HDhG;Blessing
G2464;2;Riedinger;Theodor;;1956-02-15;;+497387984590;;Hohenstein;nein;Z5sqW5pGAcjnx7cSdKNs;Blessing
G2465;2;Maeckle;Maja;;2002-11-05;;;;Reutlingen;nein;Phtuj1U7aH4ibqnJEUDq;Blessing
G2465;2;Mäckle;Maja;;2002-11-05;;;;Reutlingen;nein;TQeHI2lcS05VQHf6buLm;Blessing
G2466;2;Mungan;Fatima;;1979-09-19;;+4971239595296;;Metzingen;nein;PiSnlqXFDwqZgv60wlTt;Blessing
G2466;2;mungan;fatima;;;;+4971239595296;;;nein;QXkPAD0AxYEah3PXc0lb;Blessing
G2467;2;Stahl;Renate;;-621907200000;;+49712331638;;Bempflingen;nein;PizJtxbfm5iphupqOZjY;Blessing
G2467;2;Stall;Renate;;1950-04-18;;+49712331638;;;nein;eKiccTQwg62aM4RuYA5h;Blessing
G2468;2;hein;maria;;1989-12-17;+4915226705619;;kontakt.mariahein@gmail.com;;nein;PkgS04xrNF5T6RUTgkf8;Blessing
G2468;2;Hein;Maria;;1989-12-17;+4915226705619;;kontakt.mariahein@gmail.com;Metzingen;nein;rjICy3rig7uy2UrJtsZX;Blessing
G2469;2;Braun;Volker;;1939-06-29;;+49712122417;volkerxbraun@web.de;;nein;Pku9aQQ3HzDijyQsu8Ac;Blessing
G2469;2;Braun;Volker;;1939-06-29;;22417;;Reutlingen;nein;lU3qOmzaeoaX5UNdT2lW;Blessing
G2470;2;Schwarz;Wiltrud;;1966-12-31;;+49712335098;;Bempflingen;nein;Pl0jHOs9br7neZMk0she;Blessing
G2470;2;schwarz;windrud;;;;+49712335098;;;nein;Va6gfMKmUmfSbZHdMF5N;Blessing
G2471;2;Demircan;Aylin;;1972-05-12;+491794593783;;;Reutlingen;nein;Pl9veFhL9SjqPYAbT1Ig;Blessing
G2471;2;Demircan;Aylin;;1972-05-12;;;;Reutlingen;nein;e9RpGAlPGcSyKlN9pC0h;Blessing
G2472;2;Winter;Vanessa;;1993-05-18;+491639879066;;vanessaisabella.winter@web.de;Bempflingen;nein;PlA57HEa6rNUhZHAsT8d;Blessing
G2472;2;Winter;Vanessa;;1993-05-18;+491639879066;;vanessa.winter@mail.de;;nein;hi0HNAJo1q46zw3OMOm7;Blessing
G2473;2;walden;emmy;;-883353600000;;;;;nein;Pm0jYsLROPtagrpXEOq8;Blessing
G2473;2;Walden;Emmy;;-883353600000;;;;Reutlingen;nein;qZF5ceUBC9jGaF8c5RaS;Blessing
G2474;2;Dönmez;Tahsin;;1962-02-11;+321231;;;Reutlingen;nein;PoRIatm8HS92SQIiKPGm;Blessing
G2474;2;Dönmez;Tahsin;;1962-02-11;+4916243258785;;;Reutlingen;nein;yQfJ8aJbNvys25ias3Pj;Blessing
G2475;2;Rizaj;Safete;;286761600000;+4915206250769;;safete-rizaj@t-online.de;;nein;PoSirJAS6RLlxS8ZatH8;Blessing
G2475;2;Rizaj;Safete;;1979-02-02;+4915206250769;;;Nagold;nein;XEKsHDNTmloFmy9pTUde;Blessing
G2476;2;Avanzato;Angelica;;2011-06-30;+491797605264;;brandtnancy.nb@gmail.com;Burladingen;nein;Pqxf9CIf5E1i2E0ytjWC;Blessing
G2476;2;Avanzato;Angelica-Ciara;;2011-06-30;+4917641611290;;;Burladingen;nein;U2Crb1x7FcTAT4q5WwLU;Blessing
G2477;2;Chuprun;Alexandra;;1982-05-10;+4915204771156;;alexkov822696@gmail.com;;nein;PsQvzX00yM4Hxb5f9MO6;Blessing
G2477;2;Chuprun;Alexandra Vladimirovna;;1982-05-10;+4915204771156;;;Reutlingen;nein;pD8ZsShtSkIEW9sGkvjX;Blessing
G2478;2;Heinzel;Andrea;;144806400000;;+4971219090358;;Reutlingen;nein;Pt4KbTNCKoKXn5e1SfUo;Blessing
G2478;2;Heinzel;Andrea;;1974-08-04;+491737607462;;heinzel.andrea@web.de;;nein;uvINQeOmo3xl0NpxonvQ;Blessing
G2479;2;Speidel;Christofer;;1984-08-21;;;;;nein;nM8lMKYakApXYSSjri1N;Blessing
G2479;2;Speidel;Christopher;;1984-08-21;+4915116518458;;;Reutlingen;nein;Pt6NTGdUq3OBOmjItOjY;Blessing
G2480;2;Ostertag;Melanie;;1968-09-13;+491629019295;+497122820732;melanieostertag@gmx.de;St. Johann;nein;PtTxzHbG5BGjeU7rMseb;Blessing
G2480;2;Ostertag;Melanie;;;+4901629019295;;melanieostertag@gmx.de;;ja;QhIiEnjvDpSjCqUDb70U;Blessing
G2481;2;Ulmer;Stefan;;1965-09-13;+4915111673668;;stefanulmer@arcor.de;;nein;PtobV9gJfXXft8B6R8Rp;Blessing
G2481;2;Ulmer;Stefan;;1965-09-13;+4915111673668;1478314;;Pfullingen;nein;RvEMj8W8dDMDlM4pVrps;Blessing
G2482;2;Stolz;Ulrich;;1954-12-26;+491747347293;;ulrichstolz@web.de;Engstingen;nein;Pv0pB0Tgy5g8rL0wNYob;Blessing
G2482;2;Stolz;Ulrich;;;+49 7129 3881;;ulrichstolz@web.de;;ja;WxsaSxGruJteMhp5nUJG;Blessing
G2483;2;Klingler;Tia;;2010-06-08;+4915122853170;;bklingler@web.de;Grabenstetten;nein;PvINj6yyjPEAd0XYaqVt;Blessing
G2483;2;Klingler;Tia Lena;;2010-06-08;+4915122853170;+497382936074;;Grabenstetten;nein;zPseXeIwVzVbsrgw61Fl;Blessing
G2484;2;Hochberger;Antje;;1944-08-19;;+49712314343;;Metzingen;nein;Pw5dD5OlnRP7MX3FdQs9;Blessing
G2484;2;hochberger;antje;;;;+49712314343;;;nein;pPEZLp87KvGu2zzM77HC;Blessing
G2485;2;Rieger;Heinz;;-432864000000;+491726391438;;;Neckartenzlingen;ja;PwO8wibFd9ckTMFbY1W9;Blessing
G2485;2;Rieger;Heinz;;1956-04-14;+491726301438;;rieger-edv@web.de;Neckartenzlingen;nein;TzJOLcpPI5HXMIhZiwFl;Blessing
G2486;2;Ramulic;Vedad;;1992-07-17;+491749051812;;;Metzingen;nein;Pww3JXzbL6N1TgMn4Y0U;Blessing
G2486;2;Ramulic;Vedad;;711331200000;+491749051812;;;;ja;eoP61nOEXeytnAVuNlJ9;Blessing
G2487;2;Köse;Turgay;;1975-06-12;+491631383432;;kose1975@hotmail.de;Reutlingen;nein;Q00LzebawkFqOAHzDGYU;Blessing
G2487;2;Köse;Turgay;;1975-06-12;+491738379138;;turgaykose975@gmail.com;;nein;inmuLO2FsYVfB3hTwPFi;Blessing
G2488;2;Mutlu;Selinay;;2001-11-15;+4915753657979;;selinay.mutlu@gmx.net;;nein;Q240VIu6bAml8LKW7t7e;Blessing
G2488;2;Mutlu;Selinay;;2001-11-15;;+497025840504;;Kohlberg;nein;hMo37GGvfEEFbpi0bcBA;Blessing
G2489;2;Rometsch;HEILDEGARD;;1942-07-12;;+4971232691;;;nein;q4bxhNaAwwZZAPNEVTzu;Blessing
G2489;2;Rometsch;Heilgard;;1942-07-12;;+4971236291;;Metzingen;nein;Q2HGkw23nURbB7ttScWJ;Blessing
G2490;2;Lutz;Hans Joachim;;1944-02-17;;;;;nein;Q2zSM17vTLOYkljFlD6s;Blessing
G2490;2;Lutz;Hans-Joachim;;1944-02-17;+4916096228515;880041;;Eningen unter Achalm;nein;o4wW7YIuwFP9RqDWwAcn;Blessing
G2491;2;Kindt;Tini;;332208000000;+491707545958;;binio@web.de;Pfullingen;ja;Q58aWtVsaG4xcHUfbsWX;Blessing
G2491;2;Kindt;Tini;;1980-07-12;+491707545958;;binio@web.de;;nein;gLioBxcq4IRHTlsLmp6i;Blessing
G2492;2;Palmer;Vera;;1985-05-20;+491731687336;88527;palmer.veramaria@googlemail.com;Eningen;nein;Q7cWCANgprrJRZORd8fw;Blessing
G2492;2;Palmer;Vera;;1985-05-20;+491731687336;;;Eningen;nein;XyQDFWyCONCuSud8S2HX;Blessing
G2493;2;Künstle;Fritz;;-662256000000;;479724;;Reutlingen;nein;Q7k8u25pssrgiqwvmtJj;Blessing
G2493;2;Künstle;Fritz emil;;1949-01-06;;+494917644727646;ilse@preindl.de;Reutlingen;nein;gY1SRbydOVMoZ1gYjDyp;Blessing
G2494;2;Zehringer;Stefan;;356659200000;;3827654;;Reutlingen;nein;Q7oppeOIvCC6JfQY1xEP;Blessing
G2494;2;Zehringer;Stefan;;1981-04-21;;+4971213827654;stefan.zehringer@alumni.uni-ulm.de;Reutlingen;nein;fpJOYv1sPqPsu4M82kWx;Blessing
G2495;2;Röhre;Nina;;1999-08-12;+491746667918;;nina.roehre@web.de;Tübingen;nein;Q7wqWT3we9klquOHSmiz;Blessing
G2495;2;Röhre;Nina;;;+01746667918;;nina.roehre@web.de;;ja;nkmQF2JdSQxx4JbyYsBH;Blessing
G2496;2;Kempter;Michael;;1953-12-31;;+49712321076;;Metzingen;nein;Q9CyJw8UAZFZh0JKVJqZ;Blessing
G2496;2;Kempter;Michael;;1953-12-31;;+49712321076;;Metzingen;nein;vwyuAhVLDtkBNeEp8KSS;Blessing
G2497;2;berischa;lira;;2010-10-11;+4915754655469;;;;nein;otCU6iVZJhiRuJicWyJg;Blessing
G2497;2;Berisha;Lira;;2010-10-11;+4915754655469;;;Metzingen;nein;QBSjkTL2gd4CY27Vtmay;Blessing
G2498;2;Fecht;Rosemarie;;-450489600000;;+4971278751;rose.fecht@beifecht.de;Reutlingen;nein;QCQUYRnmSG4msiTFOVL1;Blessing
G2498;2;Fecht;Rosemarie;;1955-09-23;+4917643729407;;rose.fecht@beifecht.de;;ja;iNXm6XV6xdWI0XGQHqIY;Blessing
G2499;2;Trautvetter;Tina;;1990-02-09;+491629673744;;tinat_90@gmx.de;Degerschlacht;nein;QCZuoXWL5C2h6GBP1JGf;Blessing
G2499;2;Trautvetter;Tina;;1990-02-09;879478;;tina-maier90@gmx.net;Reutlingen;nein;sExBe8AifyhZZsiyt9eY;Blessing
G2500;2;Jakob;Colin;;2011-04-20;+4915219248563;;lisa-jakob89@gmx.net;Reutlingen;nein;tWFNpkiTfhVwRAmMPGKn;Blessing
G2500;2;Jakob;Colin Julian;;2011-04-20;+491722347953;;;Reutlingen;nein;QDbovbevu2616EPSxukr;Blessing
G2501;2;Freienstein;Charlotte;;2010-11-10;+4917630909329;;tobias.freienstein@icloud.com;Aichtal;nein;kLEpZELMjDv9ZdoPVtnz;Blessing
G2501;2;Freienstein;Charlotte Diana;;1289347200000;+4915233988658;;;Aichtal;ja;QDjDXy9HZNr2Jj5yycOk;Blessing
G2502;2;Kofinas Fitokli;Rafaela;;1999-01-19;+4917640448498;;rafaelakofinasfitokli@hotmail.com;;nein;QExUu0F8BJWZTEpXeNDo;Blessing
G2502;2;Kofinas-Fitokli;Rafaela;;1999-01-19;+4917640448498;;;Mössingen;nein;tdAGszwWgU90iZfqcaGS;Blessing
G2503;2;Redner;Mascha;;2006-01-10;;+497121411555;anja.neth@posteo.de;;nein;QGVI2zaX3hjfE1lUEvrG;Blessing
G2503;2;Redner;Mascha;;2006-01-10;;411555;;Reutlingen;nein;vmZva4HIjECf99QVVpYN;Blessing
G2504;2;Zogaj;Lendita;;371520000000;+491622358455;;melisamusaj@icloud.com;;ja;QH31gqGwtQFTzAJXgKOx;Blessing
G2504;2;Zogaj;Lendita;;1981-10-10;+491637464690;;;Trochtelfingen;nein;hpbsPfeSgDXb8mqRM4pm;Blessing
G2505;2;Ali;Aida;;1997-02-08;+4915906623307;;aida.ali977@gmail.com;Reutlingen;nein;qMGRajWoOgYAyn0binxK;Blessing
G2505;2;Ali;Ayda;;1997-02-08;+4915906623307;;;;nein;QI6j7FyBrXhRlxbLpWDL;Blessing
G2506;2;Gayer;Monika;;1951-05-30;;+49712188142;;;nein;mgytFPazPXAWcmnZ2LkR;Blessing
G2506;2;Geyer;Monika;;1951-05-30;;+49712188142;;Eningen;nein;QJE644IaP1tJkbeoOdjQ;Blessing
G2507;2;Al Bocha;Anna;;1956-05-19;;+49712718871;;;nein;am5tjnMDGXVLbC8MORUc;Blessing
G2507;2;Albocha;Anna;;1956-05-19;+491739054079;;;Neckartenzlingen;nein;QKS0oGhE3Y2HHxw9bQJB;Blessing
G2508;2;Ruggaber;Anna;;1938-08-31;;+4917458131;;Reutlingen;nein;QKWoOTQSN4LMpVw1MrDX;Blessing
G2508;2;Ruggaber;Anna;;1938-08-31;+4915155557993;;yvonne.meinders@web.de;;nein;S5bUi7n6utEwOsPm0gbZ;Blessing
G2509;2;Dalas;elena;;2000-09-30;+491752091287;;;;nein;QLBZtLlOnso7mXAO5P18;Blessing
G2509;2;Dallas;Helena;;2000-09-30;+491752091287;;helenadallas85@gmail.de;Metzingen;nein;R5ygDMiOljiHNVsotnuO;Blessing
G2510;2;Cicen;Cihangir;;1952-03-01;+491734443577;+49621312;;Reutlingen;nein;QPclA38vggx8QXhHLG8P;Blessing
G2510;2;Cicen;Cihangir;;1952-03-01;+4917656310005;;;Reutlingen;nein;aC1JmyDc3ZfaRmI9Tuf1;Blessing
G2511;2;Kürschner;Benno;;1941-09-21;+491727361794;;miriamkuerschner@gmx.de;Pfullingen;nein;QQI1zyKzr0DSpxkbDucs;Blessing
G2511;2;Kürschner;Benno;;1941-09-21;;+49712177329;schmittchen665@web.de;Pfullingen;nein;R2csZPcLdeYV47dpJ76c;Blessing
G2512;2;Henzler;Gudrun;;1948-08-02;;270886;;Reutlingen;nein;QQx4sJBKRMWKe3SVvNfY;Blessing
G2512;2;Henzler;Gudrun;;1948-08-02;;+497121270886;info@g-henzler.de;;nein;SheVNTqKyiDDsOZcf1SD;Blessing
G2513;2;Faz;fabian;;;+4915773473130;;;;nein;sSLcd1hqT1xEuotAXKva;Blessing
G2513;2;Paz;Fabian;;1993-08-19;+4915773473130;;;Wannweil;nein;QRyBHVbbRgUS6u51Nich;Blessing
G2514;2;Leyhr;Dieter;;1956-12-21;+4916095002268;;dieter.leyhr@gmx.de;;nein;QSGAsxlO7whCsvmoXIuE;Blessing
G2514;2;Leyhr;Dieter;;-411177600000;+4916092002268;+497121270607;;Reutlingen;ja;evOA4ojMKc4a6sYflOeB;Blessing
G2515;2;Hoffarth;Steffen;;334800000000;+491729736107;+497127972074;s-hoffarth@t-online.de;Pliezhausen;ja;QSOvG6hqLbEdHWWnizau;Blessing
G2515;2;Hoffarth;Steffen;;;+497127962074;;s-hoffarth@t-online.de;;ja;tl1i4YUrx0tsl2UrOW7q;Blessing
G2516;2;Schwennig;Colin;;1998-08-24;;+49712332234;;Grafenberg;nein;QSk1ihsAlmuGG80KyBVO;Blessing
G2516;2;Schwennig;Colin;;1998-08-24;+4915128774202;;colin.schwennig@outlook.de;Metzingen;nein;n2pYMCZifId3vJOcM46z;Blessing
G2517;2;Weiss;Roland Rares;;334281600000;+491773287659;;;Filderstadt;nein;QTHCi91WD3n61lzPA7a7;Blessing
G2517;2;Weiß;Roland;;;+491773287659;;;;nein;qbIHpGvkmezvhzmudZle;Blessing
G2518;2;Beverley-Gilbertson;Angela;;-443404800000;;+4971281839;angela.gilbertson@web.de;Sonnenbühl;nein;QTQ9dn2a876rnZ3r1S8p;Blessing
G2518;2;Beverley-Gilbertson;Angela-Kathryn;;-443404800000;+491799512072;+4971281839;;Sonnenbühl;nein;YQyZZele6JkEOAXGKXte;Blessing
G2519;2;Simon;Dieter;;1963-04-23;+4915739310943;+497022904870;ulla.simon@gmx.de;;nein;QUTs1QhlSSNx7P8TqxIi;Blessing
G2519;2;Simon;Dieter;;1963-04-23;;+497022904870;;Großbettlingen;nein;o8ShRWXTClyrEDKAcuST;Blessing
G2520;2;Muss;Konstantin;;1987-05-21;+491736583243;;;;nein;QUrN8wW5cXjExxliWVJn;Blessing
G2520;2;Nuss;Konstantin;;1987-05-21;+491736583243;;;Balingen;nein;cwT0iYGBYYmGY7TQKbmf;Blessing
G2521;2;Nüßle;Gerald Theodor Josef;;2019-02-11;+491742703749;;;Herrenberg;nein;QWSOO7yozgKl5SrSZKun;Blessing
G2521;2;Nüßle;Gerald Theodor Josef;;2019-02-11;+491742703749;;sigrid.nuessle@yahoo.de;Herrenberg;nein;VnfGKa54webyisYVFDPX;Blessing
G2522;2;D Argent;Claudia;;1958-02-27;+4915206605477;;;Reutlingen;nein;fHqZpKSNjyEavJbjpwqu;Blessing
G2522;2;d'Argent;Claudia;;1958-02-27;+491628332889;;;Reutlingen;nein;QXQGphN4uyfsg5FAYoUO;Blessing
G2523;2;Raab;Bastian;;2007-04-22;+491634111275;;kerstin.gallus@web.de;Wannweil;nein;stwFnFSZUOcECp9Nlnh9;Blessing
G2523;2;Raab;Bastian Jonas;;2007-04-22;+491634111275;;;Wannweil;nein;QXVlQ7Tfi67FBRSyM7mS;Blessing
G2524;2;Vorauer;Yannik;;2010-03-18;+491703899965;;Jan.vorauer@live.de;;ja;Qa94emMzS6YCiSAhSjhq;Blessing
G2524;2;Vorauer;Yannik Finn;;1268870400000;+4917677875180;;s4hour@gmail.com;Frickenhausen;ja;qMt4fBzpJiY2mSevCNT0;Blessing
G2525;2;Kanat;Nuray;;1959-02-20;+491723240437;;;Reutlingen;nein;QaWGjZsbqyy7BwpwOef4;Blessing
G2525;2;Kranatz;Nuray;;1959-02-20;+491723240437;;;;nein;ZGkefv4Li4zmPvTrKXaG;Blessing
G2526;2;Yüksek;Berkay;;2000-12-31;+491724636846;6969133;naz-80@hotmail.de;Reutlingen;nein;Qapz0MHGXyd8xDmqOLoc;Blessing
G2526;2;Yüksek;Berlay;;2000-12-31;+4915208543039;;ber-kay007@hotmail.de;;nein;qydcEJcccZNoFoHiqCfm;Blessing
G2527;2;Walter;Angélique;;;+49 1520 4167180;;a-u-s97@hotmail.de;;ja;QfkmUcctRkv6zuzt0e4B;Blessing
G2527;2;Walter;Angélique;;;+49 1520 4167180;;a-u-s97@hotmail.de;;ja;pNtEiWCl73Y6tmJfOXp8;Blessing
G2528;2;Kurle;Julia;;1989-12-03;+491732553428;;;Hamburg;nein;QgEohSN2iC9pY3SEiImg;Blessing
G2528;2;kurle;Julia;;1989-12-03;+491732553428;;julia.kurle@web.de;;nein;uqHeVGTXiVio8nb3HW77;Blessing
G2529;2;Mungan;Carina;;549849600000;+491747503552;;c.grubesic@icloud.com;Pliezhausen;ja;QhD2iGiSRS9UQ1dnyZdv;Blessing
G2529;2;mungan;carina;;;+491747503552;;;;nein;wA3RvdAxvDMEWJVhSZMu;Blessing
G2530;2;reinhardt;siegrid;;1941-07-16;+4915733058042;;;;nein;Qig9bRdy9mkfOxVMiiKB;Blessing
G2530;2;Reinhardt;Sigrid;;1941-07-16;;+4971219010044;;Pfullingen;nein;XzGu1ySyO2iQjJMx4qx2;Blessing
G2531;2;Maedel;Nico;;1992-05-21;+4917620477214;;maedel.n@web.de;Grabenstetten;nein;QjvcPEFJcw47loKDyF1E;Blessing
G2531;2;maere;Nico;;1992-05-21;+4917620477214;;;;nein;m18KMjr8BCinTrAIiO28;Blessing
G2532;2;Mutzke;Jonah;;2007-05-13;+491633710482;+497121370254;jotimu@web.de;Reutlingen;nein;sv4QW1SwwXuandAg9bdd;Blessing
G2532;2;Mutzke;Jonah Tim;;2007-05-13;;370254;;Reutlingen;nein;Qk4U843VkNn1aDGLHsFx;Blessing
G2533;2;hage;ani;;1935-06-17;+4915151074806;+49712161198;;;nein;QkLqHeIPH7VaWuMMmaPn;Blessing
G2533;2;Hage;Anni;;-1090108800000;+4915151274806;+49712161198;;Reutlingen;ja;rc6NjlMS0mXmq0OIJcM7;Blessing
G2534;2;Ruckwied;Lilli;;1939-02-02;;+49707134148;;Kusterdingen;nein;Qky8rVEiMXcI6m3IQhDr;Blessing
G2534;2;Ruckwied;Lilli;;1939-02-02;;+49707134148;irene.bader@gmx.net;Kusterdingen;nein;eaN9WmuwYn3toS4YoNnG;Blessing
G2535;2;Wiech;Julia;;2001-01-18;+4915759086298;;wiech.juli@gmail.com;Sonnenbühl;nein;Qm2wAygD5GJfSQQSEGMP;Blessing
G2535;2;Wiech;Julia;;2001-01-18;+4915759086298;;wiech.juli@gmail.com;;nein;kSU3RKvcdvSdZB6pzlmE;Blessing
G2536;2;Schiffer;Paul;;1956-06-18;+491625838966;1363230;schiffer-paul@t-online.de;Reutlingen;nein;QnySBaAVHe9umb3XAsSk;Blessing
G2536;2;Schiffer;Paul;;1956-06-18;+4915208458336;;bschiffer711@gmail.com;;nein;ZVx25HFcjBjFiIAzK6wm;Blessing
G2537;2;Heinrich;Ruth;;1934-01-19;;43946;;Reutlingen;nein;Qo0EfkttZTBqthwWfImV;Blessing
G2537;2;Heinrich;Ruth;;1934-01-19;;+49712143946;klaus_ruth.heinrich@gmx.de;Reutlingen;nein;VJUCFMgk3vhyzp33YAGI;Blessing
G2538;2;Am;Jani;;;+491729548698;;;;nein;QpS9vKkwiF3Ielib6Y5o;Blessing
G2538;2;Am;Jany Hong Nhung;;1992-07-27;+491729548698;;jany277@outlook.de;Bad Urach;nein;WA0TAqCEYZ2chy4Kq1Ax;Blessing
G2539;2;Wurmbauer;Sebastian;;2006-07-14;+4915901190703;;s.wurmbauer@neckartailfingen.de;Neckartailfingen;nein;QqnHnmhKSnv0wpKJAtng;Blessing
G2539;2;Wurmbauer;Sebastian Nico;;2006-07-14;+4915779818022;;;Neckartailfingen;nein;tx8TxPGilD4rGIiXQX8n;Blessing
G2540;2;Rupp;Viktoria;;1936-08-24;;;;Eningen;nein;QrDbWyhoYWqBL8CMD1kh;Blessing
G2540;2;Rupp;Viktoria;;1936-08-24;+4915786005898;;titans36@gmx.de;;nein;U0kFAZCYsIGubEamucOk;Blessing
G2541;2;Schwaigert;Kira;;2011-04-25;+491783767187;;;Metzingen;nein;QrIoMtmBmBaIt8pwBzMt;Blessing
G2541;2;schweigert;kira;;2011-04-25;;;;;nein;Y5NRCPH0h6FwizFwVTYq;Blessing
G2542;2;Krüger-Rauch;Anke;;-476236800000;+491719113451;;a.krueger-rauch@gmx.de;;nein;Qtnr5egrW4mrIqSyAWMx;Blessing
G2542;2;Krüger-Rauch;Anke;;1954-11-29;;+4970722820;a.krueger-tauch@gmx.de;Reutlingen;nein;jmuUC7UiXBC5STji8eqi;Blessing
G2543;2;WAHL;JAN;;1992-08-13;+4915146610552;;jw1.jw89@googlemail.com;;nein;Z79lBRmSuQSk3IH21Nfa;Blessing
G2543;2;Wahl;Jan Christoph;;1992-08-13;+4915146610552;;;Reutlingen;nein;QvGWgnuXap4vpHe3tNOS;Blessing
G2544;2;Wunderlich;Christian;;1998-08-12;;622066;;Reutlingen;nein;QwppwHBwUoFjVf29jfeq;Blessing
G2544;2;Wunderlich;Christian;;1998-08-12;+491792436800;;christian.wunderlich98@gmx.de;;nein;xANoIZ0mAfn3JNmiXTXx;Blessing
G2545;2;Omrcanin;Mateo;;2002-12-02;;;;Wannweil;nein;QxgaUeyb793MI96P31AM;Blessing
G2545;2;Omrcanin;Mateo;;2002-12-02;+4915736487362;;;Wannweil;nein;cgZMGcy1gT2sP6ipT8R5;Blessing
G2546;2;Sanyang;Ansumana;;1999-02-06;+4915772034516;;pbsanyang.pbs@gmail.com;;nein;Qxr5BrKKlemVIqYGjZ21;Blessing
G2546;2;Sanyang;Ansumana;;1999-02-06;+4915772034516;;;Reutlingen;nein;mAoiGli1MNNhftkJCHh1;Blessing
G2547;2;Arab;Mohamad;;1997-11-05;+491739620739;;arabm8456@gmail.com;Eningen;nein;R0euiF6c77PPjBci4AS6;Blessing
G2547;2;ARAB;MOHAMAD;;;+491749384057;;arabm8456@gmail.com;;ja;TfLUyr7wYDnnWWY1ngSC;Blessing
G2548;2;Reisch;Isabell;;;+4915751712793;;rahtzi@gmx.de;;ja;R4IK1uQEJECmH4UrYbVo;Blessing
G2548;2;Reisch;Isabell Vanessa;;1987-02-15;+4915751712793;;rahtzi@gmx.de;Reutlingen;nein;zYVvRA9gy6x9VHh0Neo0;Blessing
G2549;2;Majuno;Bushra;;2007-06-12;;;;Reutlingen;nein;R4Mcp7P535F9QiA7O5RW;Blessing
G2549;2;Majuno;Bushra;;1181606400000;+4915906115491;;;Reutlingen;ja;hgjAlrzpR6HAEsHSHMp2;Blessing
G2550;2;Udvari;Josef;;1955-06-29;;+497025842261;;Neuffen;nein;qGElgpQc3nvK0sksSutW;Blessing
G2550;2;Udwari;Josef;;;;+497025842261;;;nein;R5edp51n3marHIALGvza;Blessing
G2551;2;Peinelt;Simone;;398304000000;;1394858;;Reutlingen;nein;R5pigijiREDGdk8DuFjm;Blessing
G2551;2;Peinelt;Simone;;1982-08-16;+4915739475194;;simonepeinelt@gmx.de;;nein;y9iJprRps2XKYSDjoIOn;Blessing
G2552;2;Kundt-Gantter;Samira;;1962-11-11;;;;Reutlingen;nein;R9p56SDJZzIlbCs35BU2;Blessing
G2552;2;Kundt-Gantter;Samira;;1962-11-11;;;;Reutlingen;nein;nD9IVFTDj1UKdFkFdVX6;Blessing
G2553;2;Siebert;Maria;;1957-05-21;;+497071610298;;Engstingen;nein;RAFtWTqzhszH36CL1pGw;Blessing
G2553;2;Siebert;Maria;;1957-05-21;+491721506090;;maria.siebert215@gmail.com;Engstingen;nein;tJgM1sI7JRZuxSD0ChnT;Blessing
G2554;2;Stett;Alfred;Dr.;1963-11-18;+4915112288212;+495153070;;Reutlingen;nein;RAsgKwdH6AluVXi7HnHy;Blessing
G2554;2;Stett;Alfred;;-193190400000;+4915112288212;;stett@web.de;Reutlingen;ja;yxGrmu9adHzIsZggy8SW;Blessing
G2555;2;Zamida;Stanislaus;;-716083200000;;+4925577177;;Reutlingen;nein;RBHwOIkZk7aWAvYcWtTM;Blessing
G2555;2;Zamida;Stanislaus;;1947-04-24;+4917630150053;;st.an.zamida@t-online.de;Reutlingen;nein;aEwjseVq5fq6d6TPsPaU;Blessing
G2556;2;moritz;lea;;2003-08-04;;;;;nein;hkVk7eirN5KDlH0jFaXS;Blessing
G2556;2;Moritz;Lea Maria;;2003-08-04;+4915792765875;;;Bruchsal;nein;RBVnFgdFAKl9coA0ekVS;Blessing
G2557;2;De Luca;Lorella;;1973-07-19;+491622901308;;;Reutlingen;nein;RBj8jT2r1WUiBClXVdVW;Blessing
G2557;2;De Luca;Lorella;;1973-07-19;+4915224148229;;allegriana73@gmail.com;;nein;dqJNEVY8u03o63gmX93r;Blessing
G2558;2;Ates;Yunus;;1991-11-18;;;;Reutlingen;nein;RDILZ8YxKhSnw1xyFNqu;Blessing
G2558;2;Ates;Yunus-Emre;;1991-11-18;;;;Rheinfelden;nein;kvLToCpjc7KSz55TIbUs;Blessing
G2559;2;Staib;Björn;;1974-07-28;+491752625708;;;Reutlingen;nein;RDgxr6fZt7UBNRN9Mtpo;Blessing
G2559;2;Steib;Björn;;;+491752625708;;;;nein;eq8CwbRa1O0dSK9J7tQX;Blessing
G2560;2;Hägele;Robin;;1993-06-02;;;;Reutlingen;nein;buqHWHQrDM31FElNIrZm;Blessing
G2560;2;Hägele;Robin Tim;;1993-06-02;;;;Eningen;nein;REdigJyUJ7LkDEwKQmWD;Blessing
G2561;2;Cifci;Nisa Melek;;2009-08-25;;;;Reutlingen;nein;bdS9cFXaKuRDE5FpIpsk;Blessing
G2561;2;Cifti;Nisa;;2009-08-25;;;;;nein;RFAFof4yCs6vCcAdHCHR;Blessing
G2562;2;Mesenholl;Eva;;1983-08-02;+491721941465;;eva.mesenholl@web.de;;nein;RIQS71HgaJrJjo83a44T;Blessing
G2562;2;Mesenholl;Eva Sarah;;1983-08-02;+491749669635;;;Reutlingen;nein;wruv3yaNlcHB7o3ltgKS;Blessing
G2563;2;Albrecht;Aike;;1982-09-26;+4915253489820;;;;nein;RISpqfBOdzT6KsuQKXHy;Blessing
G2563;2;Albrecht;Eike;;401846400000;+4915253489820;;;Reutlingen;ja;bBe0NosJsfLFkDrSPsv2;Blessing
G2564;2;Ögdüm;Özlem;;616550400000;+4915656903475;1478155;;Walddorfhäslach;ja;RMKwuirW7NQIKGO08i6Q;Blessing
G2564;2;Ögdüm;Özlem;;616550400000;+4917656903475;;oezlemoegduem@googlemail.com;Reutlingen;nein;lkhknSE6973LK6pRp2nz;Blessing
G2565;2;Weinmann;Sebastian;;1988-08-18;;;;;nein;RP3H3QLKK9OQz9FxYXdU;Blessing
G2565;2;Weinmann;Sebastian-Max;;1988-08-18;+4915735431501;;;Neckartenzlingen;nein;hQi0cpT3UW7nxg6Ck9rq;Blessing
G2566;2;M;Barbire;;2014-01-30;;;;;nein;RQRIQaf80rTsjnIQO75U;Blessing
G2566;2;M;Barbire;;2014-01-30;;;;;nein;eeOXS7Rd7Euwhzkt8SmP;Blessing
G2567;2;Bertsch;Marion;;1963-04-22;+4915758912369;;marionbertsch@t-online.de;Reutlingen;nein;RQnieuahTyCWJGHc36af;Blessing
G2567;2;Bertsch;Marion;;-211334400000;+4915758912369;+49712147298;marionbertsch@t-online.de;Reutlingen;ja;wVlUToML6bPweSHD2ctO;Blessing
G2568;2;Wagner;Josef;;1959-06-11;;+49712173272;;Pfullingen;nein;RSSDcMVxbImVWsfLzjP6;Blessing
G2568;2;Wagner;Josef;;-333244800000;;0712173272;;;nein;dUJPvtSwJ5MoME20bCuE;Blessing
G2569;2;Schwaigerer;Ingrid;;1954-11-18;+491703440585;;ingrid@schwaigerer-dentaltechnik.de;;nein;RSShlTBphDzYmUc3TJLX;Blessing
G2569;2;Schwaigerer;Ingrid;;1954-11-18;;+4971236758;;Metzingen;nein;kKja95EJDMInudVAOxXY;Blessing
G2570;2;Glück;Annerose;;-905558400000;;+497122526;gliggas69@gmx.de;;nein;RSp3HwZEUcn8qLGtNx2p;Blessing
G2570;2;Glück;Annerose;;1941-04-22;;+497122526;;St. Johann;nein;nHJhVZNysm2mrNCf3cSu;Blessing
G2571;2;Salzer;Gudrun;;;+491728838513;;gudrunsalzer@googlemail.com;;ja;RTGrDSVY1oJAKX3sEAcS;Blessing
G2571;2;Salzern;Gutun;;;+491728838513;;;;nein;xA8Xjn9Wb4uTokK6k4LA;Blessing
G2572;2;Suckow;Tim;;1993-08-24;+4915202782865;;;;nein;vN6ERG9eoArAomkA0Tyg;Blessing
G2572;2;Suckow;Tim Fabian;;1993-08-24;+4915202781865;;;Reutlingen;nein;RU6REQ8nkFO0EdeZ4Q6h;Blessing
G2573;2;Alberta;Sara;;2002-05-28;+4915168500460;;albertasara@hotmail.com;Eningen;nein;s1LTa75ISvIOIK2ATPdO;Blessing
G2573;2;Alberta;Sarah;;2002-05-28;+491767074582;;;;nein;RW78zaR2dr3Wzya3lNCw;Blessing
G2574;2;Zürcher-Malek;Brigitte;;1972-02-25;+4915733672454;;brigitte.zuercher@gmx.de;;nein;RX397Wyr79VbzpbXerXD;Blessing
G2574;2;Zürcher-Malek;Brigitte;;1972-02-25;+4915789624238;;;Frickenhausen;nein;hQMDzBDGJRe3KquK6aWo;Blessing
G2575;2;Bleßing;Andrea;;1966-04-22;;+497022941967;;Nürtingen;nein;RawFzavhHKJEGbsJdbpk;Blessing
G2575;2;Bleßing;Andrea;;1966-04-22;+4915782846091;;andrea.blessing@freenet.de;;nein;rXwF0uzDJKwAM6LX57TS;Blessing
G2576;2;Schlegel;Alfred;;-535680000000;+491718472055;0712121611;alfredschlegel@gmx.de;;ja;RbSRuibnSbUMK2zBInXX;Blessing
G2576;2;Schlegel;Alfred;;1953-01-10;;+497122829411;;Reutlingen;nein;juXM2mKSCX96gFdY7vSL;Blessing
G2577;2;Genaehr;Benjamin;;1980-02-27;+4915254284530;;beng1@gmx.de;Reutlingen;nein;RcM1XudQd5vsa1WXaQ4p;Blessing
G2577;2;Genähr;Benjamin;;;+49 1525 4284530;;beng1@gmx.de;;ja;weP7OdN9pq7JHschuh9s;Blessing
G2578;2;Savic;Selina;;2007-02-28;;+497121230049;awg.steinenberg@pro-juventa.de;Reutlingen;nein;RfkRV5CbTnqhaoyIkZiK;Blessing
G2578;2;Savic;Selina;;2007-02-28;+491796079648;;;Reutlingen;nein;aEEa6KXV2le9KAUlCqIh;Blessing
G2579;2;Römer;Nicole;;1992-11-13;+491788586464;;nicole.l.roemer@gmail.com;Metzingen;nein;keMORFSfkhbJ3VTsQLfd;Blessing
G2579;2;Römer;Nicole Lucia;;1992-11-13;+491788586464;;;Metzingen;nein;RfqpSA02fBBKJWPPVhII;Blessing
G2580;2;Jooss;Hans Dieter;;1936-03-30;+491627067169;;mjooss@gmx.de;;nein;RfuZZj4fp3QJdJ7tPT2d;Blessing
G2580;2;Jooss;Hans-Dieter;;1936-03-30;;+49712321481;;Metzingen;nein;X48FzLqV3MIWbOHCzwlK;Blessing
G2581;2;Tica;Christian;;1952-12-02;;290323;;Reutlingen;nein;RhdHZLFnZ6QDjgMaGGdK;Blessing
G2581;2;Tica;Christian;;1952-12-02;;+497121290323;chris.ti@t-online.de;Reutlingen;nein;gEmEfZtMabqEGjMOjOcN;Blessing
G2582;2;Niebling;Markus;;1982-06-01;+4915121775671;;m.niebling82@gmail.com;;nein;RiQROrOBCYglRcp9Nd4B;Blessing
G2582;2;Niebling;Markus;;1982-06-01;+4915121775671;;;Metzingen;nein;UcqTitfIvCmjpb31vdSn;Blessing
G2583;2;Dijanovic;Carmela;;1967-01-06;+491771640982;;dijanovic1967@icloud.com;Reutlingen;nein;RiYi0Plkb6NZqdqaGECd;Blessing
G2583;2;Dijanovic;Carmela;;1967-01-06;+491771640982;;;Reutlingen;nein;aYDQf8wqcwqadi7wuzN5;Blessing
G2584;2;Kamenz;Robert;;1972-09-14;+491704716242;;rkmd.k@arcor.de;Reutlingen;nein;Ric3JBINflQey69pprbz;Blessing
G2584;2;Kamenz;Robert;;1972-09-14;+491704716242;;rkmd.k@arcor.de;Reutlingen;nein;vdVPTjFCjbG0movNO2FF;Blessing
G2585;2;Helber;Nadine;;1990-06-23;;230781;;Dettingen;nein;bK6KtOziipQzSkvurzca;Blessing
G2585;2;Hellber;Nadine;;1990-06-23;;;;;nein;RjJeqdVmYUOorAnZrEDR;Blessing
G2586;2;Dias Andrade;Jennifer;;1997-09-18;+491784140472;;;Reutlingen;nein;Ygy0E4emv1zpnxklCOGS;Blessing
G2586;2;Dias-Andrade;Jennifer;;1997-09-18;+4915203915081;;;Pfullingen;nein;RkN4gCNF1r0pa9cHe89i;Blessing
G2587;2;Hoffmann;utei;;1960-02-05;+491783419066;;;;nein;RkqQeA75sIFEacW1mEj5;Blessing
G2587;2;Hoffmann;Uthai;;1960-02-05;+491783419066;;;Metzingen;nein;zuiwNnUkG8Ya1nPtuJS9;Blessing
G2588;2;Stühle;Anja;;1987-09-08;+4915124091142;;anja_stuehle@web.de;Reutlingen;nein;RkvsjvlVnjkEOZHkGU3x;Blessing
G2588;2;Stühle;Anja;;1987-09-08;;;;Reutlingen;nein;uWOTBrsqQBqjUXLjvrNw;Blessing
G2589;2;Sergiichuk;Tetiana;;1984-05-13;+4917638344584;;;Metzingen;nein;RmCLAvcUnU3h0H6aaBNj;Blessing
G2589;2;Sergiichuk;Tetiana;;1984-05-13;+491638474860;;t.sergiichuk@gmx.de;;nein;stE4mtdxZExmLwFb8BbV;Blessing
G2590;2;Sautter;Paulina;;2007-06-13;;;;Pfullingen;nein;iohi21XqAVeZn1eTKQG3;Blessing
G2590;2;Sautter;Paulina-Simone;;2007-06-13;;;;Pfullingen;nein;RmhIsN3mgUwVpSPbVhkV;Blessing
G2591;2;Schwolgin;Else;;1943-08-14;;+49712387166;;;nein;RnssfpDHjZtFguOiwa6H;Blessing
G2591;2;Schwolgin;Else;;1943-08-14;;+49712387166;;Dettingen;nein;qiZ1xs7a1Baa46ta1qQS;Blessing
G2592;2;Beck;Ernst;;1949-07-03;;+497123972540;;Dettingen;nein;XQkOdayE5m75BigMbQAK;Blessing
G2592;2;Eck;Ernst;;1949-07-03;;+497123972540;;;nein;RqkHal69fNF5suUDbPsO;Blessing
G2593;2;Mitbrod;Christa;;-633312000000;;334284;;Reutlingen;nein;r5URo0kQejIIXbCCxi7p;Blessing
G2593;2;mitbrot;crista;;-633312000000;;;;;nein;RrsLGwAwZacRjvmap13o;Blessing
G2594;2;Senkbeil;Hartmut;;;+491716802175;;stefaniesenkbeil@gmx.net;;ja;Rt2dbPVhVB4gJYHOaHD0;Blessing
G2594;2;Senkbeil;Hartmut Jürgen;;-404265600000;+491716802175;;stefaniesenkbeil@gmx.net;Nagold;ja;U50v4C55Agc6iA0gWkEA;Blessing
G2595;2;Hutt;Lilian;;2004-02-28;+4915750735798;;;;nein;RttbJi8oetbbBXBypT4a;Blessing
G2595;2;Hutt;Lilian Klara;;2004-02-28;;+497123976996;susi.hutt@t-online.de;Dettingen;nein;cjjNLJbqvN5apBWL0aAV;Blessing
G2596;2;Neumann;Baerbel;;-752025600000;;+49712770746;;Pliezhausen;nein;RurdnK1uYFH2kBfOdPe7;Blessing
G2596;2;Neumann;Bärbel;;-752025600000;+49015778063548;;;;nein;g9go63z86wnZKE8491Ng;Blessing
G2597;2;Wörner;Christa;;1952-12-15;+4917675896475;;hchwoerner@t-online.de;;nein;Rx3XfAmjQHSVGPKTpAXR;Blessing
G2597;2;Wörner;Christa;;1952-12-15;;+49712969642;;Lichtenstein;nein;v3OBHXHpjLFtfcdktduM;Blessing
G2598;2;Hegmann;Björn;;822614400000;+4915788103501;;;Pfullingen;nein;RxTFwgYrj7MK57wxBBwj;Blessing
G2598;2;Hegmann;Björn;;1996-01-26;+4915788103501;;bjoern.hegmann@web.de;;nein;btubZzJf4jiWqf2cGsRd;Blessing
G2599;2;Röhm;Mona;;2005-02-22;+4915114918785;87133;;Eningen;nein;RyzwIKlleb3IMdN1ZxeS;Blessing
G2599;2;Röhm;Mona;;2005-02-22;+491607416325;;moni.roehm.66@gmail.com;;nein;wGKaE9pv9n7Eixh5hHjp;Blessing
G2600;2;Luther;Kristin;;1979-07-22;+4915734426491;;martina.breusch@web.de;Großbettlingen;nein;S2qNgt7MoUd54ifjNr3y;Blessing
G2600;2;Luther;Kristin;;1979-07-22;+4915734426491;;kristin.luther@web.de;Grossbettlingen;nein;idzR7Qp81seViAy9hLIs;Blessing
G2601;2;Appelhanz;Natalia;;1971-08-30;;;;Pfullingen;nein;S9AvQF7tvKHyt0QV9mYk;Blessing
G2601;2;Appelhanz;Natalia;;1971-08-30;;+4971213820983;natali-iwanowa@mail.ru;Pfullingen;nein;VnCgWxUCQ4AgwKwvKrDm;Blessing
G2602;2;Wörner;Brigitte;;1947-03-05;;+49491527;;;nein;S9nR3iXUQGP6ssDf8Nkq;Blessing
G2602;2;Wörner;Brigitte;;1947-03-05;;+49491527;;Reutlingen;nein;qbU5tJYwGCDfXovzVX9I;Blessing
G2603;2;Preiss;Birgit;;;+49 1577 9765742;;birgit.preiss@t-online.de;;ja;S9oEhuaxuvE1A7da7Up3;Blessing
G2603;2;Preiss;Birgit;;1971-08-22;;+4970723479;birgit.preiss@t-online.de;Reutlingen;nein;ZzQGChVBVxqM0WbPW85q;Blessing
G2604;2;Schlageter;Oliver;;1978-07-27;+491637277874;;info@fachwerke-ing.de;Trochtelfingen;nein;SANyTUctUxLHZNLVkanv;Blessing
G2604;2;Schlageter;Oliver;;;+4915020703990;;info@fachwerke-ing.de;;ja;jZlUyNZaxw6x6SjiwAOz;Blessing
G2605;2;Kränzler;Karl Heinz;;-322272000000;+4917624430890;;k.h.kraenzler@t-online.de;Dettingen;ja;SAQdmu7vSkJkzLdI0S3D;Blessing
G2605;2;kränzler;Karl-Heinz;;-322272000000;;;;;nein;X7s9u9Bhfp5Gd8S7fb15;Blessing
G2606;2;Nolden;Annika;;2002-05-12;+4917656772323;;annika@nolden.at;Köln;nein;SAdM52vtbfVLny1Zf6Mj;Blessing
G2606;2;Nolden;Annika Elena;;2002-05-12;+4917656772323;;;Tübingen;nein;zgbcQTII4xmMRuyfnkIS;Blessing
G2607;2;Fiori;Helga;;1939-03-21;+491727412034;;cristina2103@gmx.de;Reutlingen;nein;SAe071bE3M2tDdcprP5G;Blessing
G2607;2;Fiori;Helga;;1939-03-21;;580575;;Reutlingen;nein;WH0TsGL3aELhmLunkUZA;Blessing
G2608;2;Dietz;Traude;;1951-02-09;+4915734895633;+497382480;info@dietz-cnc.de;Grabenstetten;nein;SCQiPDyhQeqpkTacb5WM;Blessing
G2608;2;Dietz;Traude;;1951-02-09;+4915734895633;;3673kerstin@gmaul.com;;nein;jexuKyJaaUHeumXB79O6;Blessing
G2609;2;Bausch;Olivia;;2010-06-07;;+4971216956895;katrin.bausch@gmx.de;;nein;SCTwyn3ERUL7UAgHdEda;Blessing
G2609;2;Bausch;Olivia Theresa;;2010-06-07;;6956895;;Eningen;nein;ZuJnZSkqFUKqKa96CVzs;Blessing
G2610;2;Decker;Jannik;;2001-09-04;+4915738236742;;;Neuffen;nein;SEkDtnEtMCHARaotMnfp;Blessing
G2610;2;Decker;Jannik;;2001-09-04;+4915738236742;;jannik.decker@gmx.net;;nein;lD5tcRpyoHdVI7qtdyVU;Blessing
G2611;2;Kübler;Ruth;;-501465600000;;290757;;Reutlingen;nein;SEkfdflvx24ERrYHuXti;Blessing
G2611;2;Kübler;Ruth;;1954-02-10;;+497121290757;ruthkuebler@web.de;;nein;jeiOP21qNESsTexJuoqi;Blessing
G2612;2;Forgo;Daniela;;54172800000;;+497025840514;;Frickenhausen;nein;SFcGTBZ2MRtx9XcDkvir;Blessing
G2612;2;Forgo;Daniela;;1971-09-20;+4915785960425;;danielaforgo@gmail.com;;nein;qtb9ZC9WXfa1LsmAGrIr;Blessing
G2613;2;Borchert;Valentina;;1995-10-30;;624470;;Reutlingen;nein;SFmSSvhj7pVKucIJbk7q;Blessing
G2613;2;Borchert;Valentina;;1995-10-30;+4917631540959;;valentina.borchert@yahoo.com;;nein;gv4nG9oLzSaDlINyTJp7;Blessing
G2614;2;Huber;Peter;;-881366400000;+491789398998;;pp-huber@t-online.de;Filderstadt;ja;SGbtdpiKq2306DLGjtxA;Blessing
G2614;2;Huber;Peter;;-881366400000;;+4973719662562;;Münsingen;nein;igBuLDdRSm64Xurjpnj6;Blessing
G2615;2;El-Kotob;Rim;;2005-09-22;;;;Reutlingen;nein;xhWDdyqFp55YBNEigo9O;Blessing
G2615;2;Elkotob;Rim;;2005-09-22;+4915906734141;;elkotobrim@gmail.com;;nein;SHtcPHPdVlN2SXw2Ngo9;Blessing
G2616;2;Pfaffinger;Stephan;;1980-06-21;+491714439244;;;Ostfildern;nein;SIYkAZCB71AK8fevkxD2;Blessing
G2616;2;Pfaffinger;Stephan;;1980-06-21;+4917645918605;;stephan_pfaffinger@web.de;Neckartailfingen;nein;ieBFeEF9pJ3wd3gj3cB4;Blessing
G2617;2;Nguyen;Yen Nhi;;1343692800000;;;;;nein;SIkckH1AvChxRL3W7C35;Blessing
G2617;2;Nguyen;Yen Nhi;;2012-07-31;;1381728;;Reutlingen;nein;yZZHYL5kK1LBKVn3RKuV;Blessing
G2618;2;ackermann;Ivonne;;1980-10-21;;;;;nein;zPhaBwGxEjH93k2jGs7X;Blessing
G2618;2;Akermann;Yvonne;;1980-10-21;+4916095283604;+497123969925;;Metzingen;nein;SJLcjIJ6N1qSxj84J6ZM;Blessing
G2619;2;Hostnik;Susanne;;;;;susanne@hostnik.de;;ja;SJN83CzyZDV9Gp9Xnfc2;Blessing
G2619;2;Hostnik;Susanne;;1972-03-30;+491738286949;;susanne@hostnik.de;Nürtingen;nein;whEUKjNnWGIzBU8My8rA;Blessing
G2620;2;Schulz;Christine;;1977-02-26;+4915120160290;;tine.schulz77@gmail.com;;nein;SL1eJtWlSRNlcnmwBzcO;Blessing
G2620;2;Schulz;Christine;;1977-02-26;;603773;;Eningen;nein;ynz6vzSvtuUrg7YzmxyC;Blessing
G2621;2;Heinzmann;sibile;;1959-07-19;+4915770402135;;;;nein;SMRXSahIJLx4Fu2BDePr;Blessing
G2621;2;Heinzmann;Sibylle;;1959-07-19;;+4973851408;;Sonnenbühl;nein;prBZWZS7rXWHZ0zxhehF;Blessing
G2622;2;Vera Duranon;William;;1974-09-27;754983;;;Wendlingen;nein;SMRlO3J1rVl2j6zyGxcl;Blessing
G2622;2;Vera Duranon;William;;1974-09-27;+491624982719;;wvduranon@outlook.de;;nein;TtipxhCUSjBFR6t6Yttk;Blessing
G2623;2;Rodl;Christina;;1962-08-23;;+4971271489997;rodl@hotmail.de;;nein;SMUSYSJYLybh0uhMzim5;Blessing
G2623;2;Rodl;Christina;;1962-08-23;;+497127972723;;Pliezhausen;nein;YgXkA2RzBu6JtHqdFr6b;Blessing
G2624;2;Neumann;Nicole;;1974-06-20;+491714933235;;;Reutlingen;nein;SN8enY2y84HIFWZ7ziyG;Blessing
G2624;2;neumann;nocole;;1974-06-20;;;;;nein;XMceeZvIuImXDWfbM7hE;Blessing
G2625;2;Himberger;Dave;;1984-12-07;+4915203090514;;;Metzingen;nein;oHutcUeZf9XhZ0TVDXqa;Blessing
G2625;2;Hinberger;Dave;;1984-12-07;+4915203090514;;;;nein;SND8s9Afix8o7KBOxJ91;Blessing
G2626;2;Angenendt;Sina;;;+49 176 87946418;;sina.angenendt@arcor.de;;ja;SQCfitoVirZkcAtUMhfD;Blessing
G2626;2;Angenendt;Sina Silvia;;1995-06-03;+4917687946418;;sina.angenendt@arcor.de;Tübingen;nein;Yo8zcPxX86NNsfd7e5lW;Blessing
G2627;2;Diehl;Mina;;2023-05-13;+491798956173;;carmen.pfaender@web.de;Neuffen;nein;z5EnmPsRGVdPEQ1oNqN4;Blessing
G2627;2;Diehl;Mina Lotta;;2023-05-13;+491798956173;;;Neuffen;nein;SQJKoEutcOYuQgFahuEj;Blessing
G2628;2;Benesch;Moritz;;1982-04-23;+4917621193622;;moritz.benesch@gmail.com;Nürtingen;nein;SR000ODrGb4XvRRIAf83;Blessing
G2628;2;Benesch;Moritz;;1982-04-23;+4917621193622;;moritz.benesch@gmail.com;;nein;kAncyzzGc7IxW1L3sQ41;Blessing
G2629;2;Bal;Turan;;1982-10-12;+4915202062410;;turan1982@gmx.de;Böblingen;nein;SRm71VzsT6mRzGMsF87B;Blessing
G2629;2;Bal;Turan;;1982-10-12;+491748563105;;turan1982@gmx.net;Böblingen;nein;gQjyOtAMC39zuqmdxJeC;Blessing
G2630;2;Jochum;Hannes;;2002-10-04;+491794760114;;hannes.jochum@speed.at;Tübingen;nein;SRrl2nzCSSrZy5eN7xRy;Blessing
G2630;2;Jochum;Hannes;;;+43 664 5256301;;hannes.jochum@speed.at;;ja;ZAZcYrWXVcEpbJF8W9fV;Blessing
G2631;2;Najai;Jasim;;1273622400000;;017657622088;;;nein;STQ8hcCLd6xDXIaIRdSF;Blessing
G2631;2;Najami;Jasin;;1273622400000;;;;Reutlingen;nein;rT4MYGBNYd6Rox7FATuh;Blessing
G2632;2;Renz;Moritz;;1563148800000;;+4970729278767;;Gomaringen;nein;STZd40ZTDChAowp4HeGi;Blessing
G2632;2;renz;moritz;;;;+4970729278767;;;nein;cdiLmhlWClhn7GTR3CRZ;Blessing
G2633;2;Sauer;Michael;;1986-06-15;+4917624800451;;;;nein;nH58ZFcdYWWxxOk8pQHA;Blessing
G2633;2;Saur;Michael;;1986-06-15;;;;Sonnenbühl;nein;SVS3Mf9ylKEUMIu8olGj;Blessing
G2634;2;Sigloch;Lisa;;596160000000;;+4971211364471;lisa.sigloch@gmx.de;Reutlingen;nein;SWEkRV8mc7kzEihawBt1;Blessing
G2634;2;Sigloch;Lisa;;596160000000;+4915786504633;+4971211364471;lisa.sigloch@gmx.de;Reutlingen;ja;YEeQAciIAHaAlzffNDyc;Blessing
G2635;2;Lenke;Martina;;1967-06-05;;;;;nein;ScNQxxeJ3gy7aDfkKZkA;Blessing
G2635;2;Lenke;Martina;;1967-06-05;;+497072928409;;Reutlingen;nein;X68uZ5vLutemK5kSb0IR;Blessing
G2636;2;Mierzwa;Barbara;;1981-03-14;+4915118366794;;mierzwa.media@gmail.com;Tübingen;nein;Scg7Y0VzLWEjUHLkLIql;Blessing
G2636;2;Mierzwa;Barbara;;1981-03-14;+4915118366794;;mierzwa.media@gmail.com;;nein;mUdCY7usUH9EbFCVsi8g;Blessing
G2637;2;jäger;Katarina;;1972-12-17;+491713134575;;;;nein;SdDnpPZiZ52ZaTKzBCfL;Blessing
G2637;2;Jäger;Katharina;;1972-12-17;+491713134575;;;Reutlingen;nein;Z1wApUtdh8MswOXmkSr4;Blessing
G2638;2;Volpe;Astrid;;1965-01-02;;576362;;Reutlingen;nein;SdoSB5RqHuUaR3y6JijY;Blessing
G2638;2;volpe;Astrid;;1965-01-02;+491786408592;;astrid.volpe@arcor.de;;nein;V2XM7U6WWxQonmKqb7W4;Blessing
G2639;2;Jäger;Hans Jürgen;;-758160000000;;;;;nein;ShONITFYPUWgoOmr1otm;Blessing
G2639;2;Jäger;Hans-Jürgen;;-758160000000;;;;Eningen;nein;TDMFMerD8zQfxTzzv892;Blessing
G2640;2;Burkhardt;Sabine;;-62467200000;;270885;;Reutlingen;nein;SiOwaLeuqWH8HdkA1Fzr;Blessing
G2640;2;Burkhardt;Sabine;;-62467200000;+491701424373;+497121270885;sabine-maexle@web.de;;ja;Sr3ybQph9MLyYajdEiW9;Blessing
G2641;2;langheinrich;emeli;;2005-08-12;+491776563766;;;;nein;SlGFWGZXjY7VKiodIPMj;Blessing
G2641;2;Langheinrich;Emelie;;2005-08-12;;+4971239754569;;Metzingen;nein;Y48dkLWX4Cipm7qoAo6z;Blessing
G2642;2;Paff-Schneifer;Axel;;1955-07-27;;;;;nein;dMGqlIRBj0fLBjuF6igG;Blessing
G2642;2;Pfaff-Schneider;Axel;;1955-07-27;;;;Reutlingen;nein;SlQEnrD5syvfTbdbwDnj;Blessing
G2643;2;Hegedüs;Birgit;;1964-10-21;;;;Pfullingen;nein;SoJUPI2V5BQl5QoiwdTe;Blessing
G2643;2;Hegedüs;Birgit;;1964-10-21;;+49712177893;bshegedues@web.de;;nein;z6NstMICoMBdoJCmgRdY;Blessing
G2644;2;Bez;Alexander;;1985-10-11;+491738772864;;bez.alexander@yahoo.com;;nein;jMMhIHzJzI3N7Lx3vE7N;Blessing
G2644;2;Bez;Alexander-Daniel;;1985-10-11;+491738772864;;;Metzingen;nein;SoKWSXPU6IpM1LDOj6Aw;Blessing
G2645;2;Holder;Laura;;2010-09-29;;+4971211262248;yvonneholder@vodafone.de;Eningen;nein;SocHWIcvDyUMrjk1xvYs;Blessing
G2645;2;Holder;Laura;;1285718400000;;01789099023;;;nein;Yd73oJ8PFDbdouRXFPyA;Blessing
G2646;2;Stede;Jona;;2013-03-15;+4915772034931;;;Metzingen;nein;SqfOIt4pBR2ODhwdzv5L;Blessing
G2646;2;Stede;Jona;;2013-03-15;;;;;nein;zRUcM67gsvo3IYbZu2jb;Blessing
G2647;2;Schnitzer;Karlheinz;;1953-05-04;+4915146238212;;karlheinz.schnitzer@gmx.de;Reutlingen;nein;Sqo0dQyqQWKp04eWt9MD;Blessing
G2647;2;Schnitzer;Karlheinz;;1953-05-04;;578625;;Reutlingen;nein;SrOavtkQinpnPye07vzK;Blessing
G2648;2;Petermann;Sybille;;;+49 160 93602302;;petermann-privat@t-online.de;;ja;Sqz234yU0npGQgnIY7LG;Blessing
G2648;2;Petermann;Sybille;;1967-11-09;;+49702292510;petermann-privat@t-online.de;Nürtingen;nein;fTJRzuZLBRUL8W1b7DSX;Blessing
G2649;2;Beninato;Sebastiano;;-107740800000;;;;;nein;SsGM5zqiw1F8qA4vwHDj;Blessing
G2649;2;Beninato;Sebastiano;;-107740800000;;;;;nein;y9PQENroOjhuKNMZtVog;Blessing
G2650;2;Armbruster;Mandy;;1998-01-08;+491774119828;;armbrustermandy@gmail.com;;nein;SsxClp6KEK7tiNBZFBZF;Blessing
G2650;2;Armbruster;Mandy Ayelen;;1998-01-08;;+497121630963;;Reutlingen;nein;ewMVWFIvMntAxXkekYLV;Blessing
G2651;2;Gehbauer-Abdel Sayed;Daniela;;1976-10-03;+491733052862;;daniela.gehbauerabdelsayed@gmail.com;;nein;StYpFz5BJmUCUuZmxIay;Blessing
G2651;2;Gehbauer-Abdel Sayed;Daniela;;1976-10-03;+491733052862;;daniela.gebbauerabdelsayed@gmail.com;Waldorfhäslach;nein;opS5phsxSgltUeV7J3M7;Blessing
G2652;2;Veres;Melanie;;1969-04-27;+4917634440400;;melanie.veres@web.de;;nein;StwAsIHQsxFWlF26wYtb;Blessing
G2652;2;Veres;Melanie;;1969-04-27;+4917634440400;;;Tübingen;nein;ySg8MRbJjgUnt96EkPBS;Blessing
G2653;2;fischer;renate;;;;+49712331147;;;nein;StyMRaV7nt87zle9MRYd;Blessing
G2653;2;Fischer;Renate;;-567475200000;;+49712331147;;Bempflingen;nein;f8TBIdXas4DOWkjVgRab;Blessing
G2654;2;Borchert;Dirk;;1969-08-26;+491788088426;;dirkrinse@t-online.de;Reutlingen;nein;SuJl924c5pKTNIDK1p0r;Blessing
G2654;2;Borchert;Dirk;;1969-08-26;+4916090860644;+49624470;dirkrinse@t-online.de;Reutlingen;nein;axeZfPdmsYLACe4oPsaW;Blessing
G2655;2;Reiff;Johanna;;2003-07-17;+491746347436;;johanna.reiff.1773@gmail.com;Grafenberg;nein;SuxR9evrMWJAOL7yhtwl;Blessing
G2655;2;Reiff;Johanna;;1058400000000;;;;;nein;tRtDcIOdIsZjHuZWAm7m;Blessing
G2656;2;Tennessee;Wendy;;1990-05-08;+4917621726842;;wendy.wheeler@web.de;Reutlingen;nein;bdKH40EJPxXLFJ8QFfA9;Blessing
G2656;2;Tennessee;Wendy Sigrid;;642124800000;+4917621726842;;wendy.wheeler@web.de;Reutlingen;ja;SvDx7aEjzatzGejeXVKb;Blessing
G2657;2;Hammen- Schöppe;EVA;;1962-03-12;;;;;nein;Svksnv8QWr9lasPg5Ffa;Blessing
G2657;2;Hammen-Schöppe;Eva;;1962-03-12;;+49747225583;;Rottenburg am Neckar;nein;fYVZDuZv5Hi9yyvkKYSA;Blessing
G2658;2;Vollmer;Janina;;;;+4970263960115;;;nein;Sw10NTGVVT8tBeTdlbvN;Blessing
G2658;2;Vollmer;Janina;;1984-11-17;;+4970263960115;;Erkenbrechtsweiler;nein;hTIWEowlKbVNYqjBej1m;Blessing
G2659;2;guan;kim- daniele;;2010-05-28;;;;;nein;Swt6ZMvGZsCfwtVzLQ25;Blessing
G2659;2;Guan;Kim-Daniel Xing Yu;;2010-05-28;;;;Reutlingen;nein;U5cjAAaB0qEeQ4qWHgup;Blessing
G2660;2;Schüly;Günther;;1955-07-07;+491722348847;;info@schuely.com;Riederich;nein;SyLyhDgeVZxEoQfb49PL;Blessing
G2660;2;Schüly;Günther;;1955-07-07;+491722348847;;g.schuely@web.de;;nein;ZjufBtzwIdznWF3ddj1F;Blessing
G2661;2;Löffler;Philipp;;1988-02-27;+491782844130;;;Reutlingen;nein;SyNOVI64dhlXICaoqW8G;Blessing
G2661;2;Löffler;Phillip;;1988-02-27;;+49707250424;;Reutlingen;nein;UTljaPT8Vu6OeCJ8aKPA;Blessing
G2662;2;Röhm;Birgit;;1956-03-31;;+49493711;;Reutlingen;nein;SzjTpWB9EFKlVm5STgrU;Blessing
G2662;2;Röhm;Birgit;;1956-03-31;;+497121493711;burdrt@t-online.de;;nein;uwpyH64YQiOtEiTo08J6;Blessing
G2663;2;Kimmerle;Helga;;1953-01-19;;;;Reutlingen;nein;T0VJ8zBJLW9QmOVXpRtL;Blessing
G2663;2;Kimmerle;Helga;;1953-01-19;;+49712163225;helgakimmerle@gmx.de;;nein;VUGMlg0oEcNtk8NGNrBL;Blessing
G2664;2;Kaltsch;Karin;;1941-09-22;;+4971239599499;;;nein;yTrk4dhQ8si5vXtlebbz;Blessing
G2664;2;Keltsch;Karen;;1941-09-22;;+4971239599499;;Metzingen;nein;T3QJZ7gXTThaszTm5XFY;Blessing
G2665;2;Englberger;Kerstin;;1997-02-20;+4915754231620;;kerstin.eng@web.de;Reutlingen;nein;T5CXIXw5NJ2f27hcgytM;Blessing
G2665;2;Englberger;Kerstin;;1997-02-20;+4915754231620;;kerstin.eng@web.de;Baiersbronn;nein;UX4IImSlYV5L1cUrivjv;Blessing
G2666;2;Rausch;Natalia;;1977-02-15;;+497123910325;rausch.nat15@gmail.com;;nein;T5GXMp8J2CueYULsbI7X;Blessing
G2666;2;Rausch;Natalie;;1977-02-15;;+497123910325;;Metzingen;nein;t9eHQZhsFrZOpZHlS73r;Blessing
G2667;2;Klingeberg;Marga;;1953-06-20;;7555333;;Reutlingen;nein;T5P0RrEaFaz2uHeBMt6W;Blessing
G2667;2;Klingeberg;Marga;;1953-06-20;;+4971217555333;margaklingeberg@gmx.de;;nein;cjWbTuhjIpa91Bb56FAz;Blessing
G2668;2;Wolfer;Sarah;;2016-09-02;+4915253519231;;;Reutlingen;nein;T6Poflm9hldotco400Fo;Blessing
G2668;2;Wolfer;Sarah;;2016-09-02;;6950083;;Reutlingen;nein;tATSnfcRWwIzN29d3ctD;Blessing
G2669;2;Reisner;Mila;;2021-03-13;+491752310390;;marco.reisner@gmx.de;Reutlingen;nein;bG5s32zREFRoABwQx9gp;Blessing
G2669;2;Reisner;Mila Sophie;;1615593600000;+4917638643789;;reisner.lena@gmx.de;Reutlingen;ja;T6UZsUGEAjDkhsMzqlPE;Blessing
G2670;2;Weiss;Vanessa;;1997-09-24;;29289;;Eningen;nein;T6VPsZKC1B5iBxSSupoD;Blessing
G2670;2;Weiss;Vanessa;;1997-09-24;+4915788062586;;vanessa.weiss97@googlemail.com;;nein;ZRix5oFxohnNBl3lZFrx;Blessing
G2671;2;padula;maria;;1988-10-22;+4917660316097;;;;nein;UheqOhvLyq484PKoW6DS;Blessing
G2671;2;Padula;Maria Theodora;;1988-10-22;+4917660316097;;;Reutlingen;nein;T7bp0OYRILhj0PtolW0N;Blessing
G2672;2;Mickevicius;Karolis;;1994-01-14;+491794474690;;ausrine.karaliu@gmail.com;Reutlingen;nein;T7kutrnasvhS4ro8vv4Y;Blessing
G2672;2;mickevicius;karolis;;1994-01-14;;;karolis.micke@gmail.com;;nein;nuSgsi1LSr3H3BrRoQa4;Blessing
G2673;2;Veit;Stefanie;;1970-06-13;+491729014349;+4971150421847;steffi.veit@web.de;Leinfelden-Echterdingen;nein;T7nPF2m41X2YJ9Xiyw0o;Blessing
G2673;2;Veit;Stefanie;;1970-06-13;+491729014349;;;Leinfelden-Echterdingen;nein;vKEAZKHNIOUi5DEJN0DK;Blessing
G2674;2;van Wildum;Joshua;;2003-09-14;;;;;nein;iiZ5i65xsXY5zJok4q3I;Blessing
G2674;2;Van Wirdum;Joshua;;2003-09-14;;;;Reutlingen;nein;T8n2rDzEvLM64a60L7Zv;Blessing
G2675;2;Painke;Uwe;;1962-04-08;+4917699102662;;;Böblingen;nein;TAxils8iVJUN0aQC1Tdu;Blessing
G2675;2;Painke;Uwe;;1962-04-08;;;;Böblingen;nein;roBsTTMq2lZc2heZLagT;Blessing
G2676;2;Karagöz;Sabrina;;340070400000;+4916095856607;;canim1410@hotmail.com;Reutlingen;ja;TBs3eZNQt5sTumnBoG9d;Blessing
G2676;2;Karagöz;Sabrina;;1980-10-11;+4915125763511;;karagoez1315@gmail.com;;nein;VDn7Mf3pGvBRO3LEYNJb;Blessing
G2677;2;Erboga;Cansu;;1994-09-27;+491711713316;;;Pfullingen;nein;TDBgO4TlP2Y1DZtktLtD;Blessing
G2677;2;Erboga;Cansu;;1994-09-27;+4915121270994;;can.cansu@outlook.de;;nein;WuEHm060lj0v2ZRnItn0;Blessing
G2678;2;Mola Totska;Xakousti;;1989-07-04;+491794482511;;xenia.mola@web.de;;nein;TDo0PFR4cKHVRDPV6j4Z;Blessing
G2678;2;Mola Totska;Xakousti;;1989-07-04;+491624311697;+4971216936070;xenia.mola@web.de;Reutlingen;nein;gze1ylifOeCsckpOKxt0;Blessing
G2679;2;Heubeck;Sunhild;;1948-08-07;;+4971211381033;s.heubeck@web.de;;nein;TF6pA0QTdyQCPh5E0mY1;Blessing
G2679;2;Heubeck;Sunhild;;1948-08-07;;1381033;;Reutlingen;nein;yTQCtr5HQabvj1zU2UNd;Blessing
G2680;2;Hajrullahu;Saranda;;1984-12-07;;+497550754;;Reutlingen;nein;TFU3Yq0HQ0X1aXifBLpq;Blessing
G2680;2;Hajrullahu;Saranda;;1984-12-07;+4917693167449;;s_hajrullahu@web.de;;nein;qP6DYBXIMSq25NMGJcFj;Blessing
G2681;2;Kumbier;Anke;;1990-04-15;+3383170;;;Herrenberg;nein;TGDPx7x6hFCG3RUANdnQ;Blessing
G2681;2;Kumbier;Anke;;1990-04-15;+4915785433319;;anke.kumbier@gmail.com;;nein;sllqDhKUECu6PLtTYjhF;Blessing
G2682;2;Martic;Gordana;;1980-09-16;+4915732355262;;;;nein;TJ2JS23QhS501iUqCXSv;Blessing
G2682;2;Matic;Gordana;;1980-09-16;+4915732355262;;;Metzingen;nein;fdFdExLdLAEMwQAAqplj;Blessing
G2683;2;Alepidas;Annabelle;;2006-09-28;;+497381921167;;Münsingen;nein;TKffyFPYjhn7mwL5EUyt;Blessing
G2683;2;Alepidas;Annabelle Lena;;2006-09-28;+491708525565;;valepidas@gmail.com;Münsingen;nein;tCNQ5pVx2DSZDMR0QqFO;Blessing
G2684;2;Schmidt;Noah;;2006-06-22;;+497123360149;;Frickenhausen, Württ;nein;oT9LEyFyaqAxvhkXMXbE;Blessing
G2684;2;Schmidt;Noah Samuel;;2006-06-22;+4915114468580;;miriamschmidt1980@gmail.com;;nein;TNeGmkxjEbg4apPSTXfl;Blessing
G2685;2;Coskun;Aslihan;;531532800000;+491628761043;;aslecoskun@yahoo.de;Reutlingen;ja;TPDYcjSjW1K9hHUYe78r;Blessing
G2685;2;Coskun;Aslihan Martina;;;+49 162 8761043;;aslecoskun@yahoo.de;;ja;dtcereZrvWXeLkzu3utD;Blessing
G2686;2;Renz;Malin;;1997-09-27;+4915788572440;;malinrenz@gmx.de;;nein;TPTgcc9r9quDv0wj9FJh;Blessing
G2686;2;Renz;Malin Sophie;;1997-09-27;+4915788572440;;;Berlin;nein;vu4riJ4KozIAoF7K00nC;Blessing
G2687;2;Boga;Eaen;;1994-08-19;+4917622586468;;;;nein;ap9IEbTtg7w925S9DIS7;Blessing
G2687;2;Boga;Eren;;1994-08-19;+4917622586468;;;Reutlingen;nein;TPVwKnVBBY03s69B6ew7;Blessing
G2688;2;Schorer;Emanuel;;2004-02-02;+4915228041456;;emanuelschorer@outlook.com;;nein;ivDqrY5jRdiUIsny7sWi;Blessing
G2688;2;Schorer;Emanuel Stefan;;2004-02-02;;+49757173981;;Sigmaringen;nein;TROqouslz2volj3XEzOA;Blessing
G2689;2;Junginger;Leila;;351820800000;+491735159597;;;Reutlingen;ja;TS1597ks1tqDW8uS0sEs;Blessing
G2689;2;Jungingirng;Layla;;;+491735159597;;;;nein;ia68z49OgekiNlBMr741;Blessing
G2690;2;Messmer;Gerhard;;1968-05-07;+4915255997031;;messmerge@gmx.de;Metzingen;nein;TS9aoUWLJ9dgICvzYwCO;Blessing
G2690;2;Messmer;Gerhard;;1968-05-07;+4915255997031;;;Metzingen;nein;f3xPHmFslaeKtYe45sWz;Blessing
G2691;2;Han;Vinh Quang;;1970-02-15;+491725496015;;hanvinhquang@web.de;;nein;l9xaeWmqajbXJQhzrvKZ;Blessing
G2691;2;Han;Vinh-Quang;;1970-02-15;;346518;;Reutlingen;nein;TSbvwbPrTLHVrZtcJWS1;Blessing
G2692;2;Blankenhorn;Melanie;;1976-12-26;+491741897828;+497121907137;;Dettingen;nein;TV60STxow7sBVblIGUd2;Blessing
G2692;2;Blankenhorn;Melanie;;1976-12-26;;+497123959335;;Dettingen;nein;XjeM7Wk1ATdCaAG29u5t;Blessing
G2693;2;Heinlin;Hannelore;;1947-04-24;;;;;nein;TVxL4TotXUdm1Hs5MOCA;Blessing
G2693;2;Heinlin;Hannelore;;1947-04-24;;+4971251643;;Bad Urach;nein;oJPSB1qnBr4oBeZAIbzZ;Blessing
G2694;2;Stahl;Finn;;;+4915733190173;;stahl.finnnorwin@gmail.com;;ja;TWdxcNJdp96p0ElL7rDd;Blessing
G2694;2;Stahl;Finn Norwin;;1063497600000;+4915733190173;;stahl.finnnorwin@gmail.com;Tübingen;ja;qkdpEseHaCBkkoHHVx47;Blessing
G2695;2;Fritsche;Petra;;-396489600000;+491782844694;;pe.fritsche@web.de;;nein;TYjzUfZl1KPUfojVnOBh;Blessing
G2695;2;Fritsche;Petra;;-396489600000;;+497072912220;;Dußlingen;nein;YvJfN2fRJE5yCYX990sq;Blessing
G2696;2;Grosko;Boris;;1978-07-14;+491622163979;;;Reutlingen;nein;TaeFR7ZOHjwOkbOOTrhs;Blessing
G2696;2;Groko;Boris;;1978-07-14;+4915254500619;;boris.grosko@gmail.com;;nein;t38VNE5d4oVrTM1dm86o;Blessing
G2697;2;Weinmann;Philipp;;1995-12-10;+4915784484685;;ps_weinmann@t-online.de;;nein;WoX1WqjTZ93vik0QZZFs;Blessing
G2697;2;Weinmann;Philipp Sebastian;;1995-12-10;+4915784484685;912688;;Reutlngen;nein;TbEql7GNjG66lmpUJQk7;Blessing
G2698;2;Gilles;Dominique;;;+497071364262;;dominique_gilles@web.de;;ja;TbX8kCquqI1kx696AWqw;Blessing
G2698;2;Gilles;Dominique;;1973-10-09;;+497071364262;dominique_gilles@web.de;Kusterdingen;nein;Yad899fjk8omYeORASwX;Blessing
G2699;2;Hirn;Roswitha;;1954-10-27;+491727804550;;;Grafenberg;nein;Td7TuGm6WrNgoujxr4RH;Blessing
G2699;2;Hirr;Roswitha;;1954-10-27;+491727804550;;;;nein;qxMBRMeAklAgtwURGW7j;Blessing
G2700;2;Koval;Helene;;1972-12-21;+4915776030072;+4971234582;;Metzingen;nein;zNEYcz8OfNrljfTwztvx;Blessing
G2700;2;Koval;Selene;;1972-12-21;;+4971234582;;;nein;TeqPfTJZCnHV4FfCyArh;Blessing
G2701;2;Schmidt;Eduard;;1935-05-19;;+4971219944889;;Eningen;nein;TfxYe466FSAFzTTslmbJ;Blessing
G2701;2;Schmidt;Eduard;;1935-05-19;;+497538315;mediart.anna@web.de;Eningen;nein;tHXjKtHDiPTJL9Z90vMG;Blessing
G2702;2;Filipovic;Zoe;;2016-04-28;+4917365529874;;;;nein;YRFZmU3H5AyRwmRVPCZs;Blessing
G2702;2;Filipovic;Zoe Teresa;;2016-04-28;+491736552984;;schygiel.beate@web.de;Reutlingen;nein;TioEIg1wQrhRaS2mnTxr;Blessing
G2703;2;Wolf;Helmut;;1946-12-06;+491745614957;+49712129247;;Reutlingen;nein;TivkKPSY6aOwCDZtGJVG;Blessing
G2703;2;Wolf;Helmut;;1946-12-06;;+497433994628;;Reutlingen;nein;afynitxJGGn1Uu9Bzglf;Blessing
G2704;2;Baricevic;Ian Gabriel;;2012-04-23;+491728041642;;baricevic@web.de;Neckartailfingen;nein;iYM0e0ECIi6AErSWaRGg;Blessing
G2704;2;Baricevic;Ian-Gabriel;;2012-04-23;+491728041642;;baricevic@web.de;;nein;TjFg5SiVxWn5qTj1tHGC;Blessing
G2705;2;Widmer;Kjell;;2000-01-14;+4915736174203;;kjell.widmer@gmx.de;;nein;TkynmAaAyAs0KmuwVaKp;Blessing
G2705;2;Widmer;Kjell;;2000-01-14;;6956245;;Reutlingen;nein;VDdYUOJLvWBahLOlvdxY;Blessing
G2706;2;Oliveri;Dario;;1995-07-24;+4917624135204;;;Frickenhausen;nein;sxyWidAyGzvlF3bfEOds;Blessing
G2706;2;Olivieri;Dario;;1995-07-24;+4917624135204;;;;nein;TmpqxKDhN7ASehqHRFjb;Blessing
G2707;2;Sensbach;Verena;;1988-12-01;+491775260888;+497123725181;;Pliezhausen;nein;TnmtOMp6W9LVgVuOiL5y;Blessing
G2707;2;Sensbach;Verena;;1988-12-01;+4917670599997;;verena.sensbach@outlook.de;;nein;XWY5j04uxWShQPgqPf3h;Blessing
G2708;2;Löffelmann;Jürgen;;1969-02-05;;+49712183037;;Eningen;nein;TqiWKCxtloUAsi1glm6Z;Blessing
G2708;2;Löffelmann;Jürgen;;1969-02-05;;+49712183037;juergenloeffelmann@gmail.com;;nein;nyUjg8YiG2MpkxexIh1c;Blessing
G2709;2;Bernhard;Maria;;1939-03-09;;+497121633674;;Reutlingen;nein;TrvLYKPsJW6UGVq120F8;Blessing
G2709;2;Bernhard;Maria;;1939-03-09;+491711085927;;ba.bernhard@t-online.de;;nein;b1yWP9Yj915DSMV9oXQZ;Blessing
G2710;2;Cervera;Sofia;;1987-10-29;+4917642636064;;slcervera@yahoo.com.ar;Tübingen;nein;TudwBy6aV9wxli2zyLVm;Blessing
G2710;2;Cervera;Sofia Lisi;;1987-10-29;+4917442434064;;;Tübingen;nein;pm8tdqUkSRR2vP6HVm5E;Blessing
G2711;2;Luong;Ngoc Binh;;1972-11-29;+491723796562;622448;hthunh@web.de;Reutlingen;nein;TwbTdyJROOIrD4dLmS73;Blessing
G2711;2;Luong;Ngoc Binh;;1972-11-29;;;;Reutlingen;nein;i7EPIEGJMo2l4wLvPEoN;Blessing
G2712;2;tiefenbach;holly;;2017-02-01;+491601538910;;;;nein;cyKse3MzFa7iKtpqWGTO;Blessing
G2712;2;Tiefenbach;Holly Denise;;2017-02-01;+491601538910;;;Dettingen;nein;TxOlwmR6gtNHbojQPE1f;Blessing
G2713;2;Baatout;Yosra;;1995-03-06;+491637723951;;yosra.baatout@gmx.de;Reutlingen;nein;Ty1RJ6BotiVNBW8Ik9br;Blessing
G2713;2;Baatout;Yosra;;1995-03-06;+491637723951;;yosra.baatout@gmx.de;Reutlingen;nein;h1OVsXx31QyxoC8sJXKs;Blessing
G2714;2;Ott;Christian;;;;;ch.ott27@web.de;;ja;Ty6HpNRuUxR9ZLn2LHkr;Blessing
G2714;2;Ott;Christian;;1988-07-02;+491788093249;;ch.ott27@web.de;Metzingen;nein;muU1mqsV03sWpEQE6V21;Blessing
G2715;2;Yildiz;Asli;;1982-10-20;;138767;;Reutlingen;nein;TzEtpm55MMDWRNpgXqgq;Blessing
G2715;2;Yildiz;Asli;;1982-10-20;+4917632255416;;altan5selin@gmail.com;;nein;pq5FHEypfAcEMzB7H2pe;Blessing
G2716;2;Werz;Michaela;;1972-08-14;;+497025842777;;Frickenhausen;nein;U0NRKKsYDNuTGsYpSjVN;Blessing
G2716;2;werz;Michaela;;1972-08-14;;+497025842777;;;nein;nJHYxzDGXMP8yfxKpsxp;Blessing
G2717;2;Walther;Carina;;1985-03-01;;1361960;info@crativ.de;Reutlingen;nein;U0o1QboxlUO8Frui2vmp;Blessing
G2717;2;Walther;Carina;;1985-03-01;;+4971211361960;carina@crativ.de;;nein;akRSXlYIDeiuiST4YGCn;Blessing
G2718;2;Mihalcea;Sorinel Ionel;;1987-02-11;+4915221398962;;berta2121m@gmail.com;Bad Urach;nein;U0wFSmezBGyAPe0Q4eOr;Blessing
G2718;2;Mihalcea;Sorinel-Ionel;;1987-02-11;+491623346484;;;Bad Urach;nein;Vxjh2tF9pyqcFWHHVOsx;Blessing
G2719;2;Eisenhuth;Antje;;1981-12-09;;+4971279498255;antje.eisenhuth@gmail.com;Reutlingen;nein;U1dnEC9WYIj3963FcfKs;Blessing
G2719;2;Eisenhuth;Antje;;;+4971279498255;;antje.eisenhuth@gmail.com;;ja;hn3s9NxQgR41yHU8VNbi;Blessing
G2720;2;Olariu;Vasile- Aurel;;1979-01-01;+491777975782;;olariuaurel@yahoo.com;;nein;b4p0XRytBmqxwmvmm78m;Blessing
G2720;2;Olariu;Vasile-Aurel;;1979-01-01;+491777975782;;;Bad Urach;nein;U21L6gagxTXi1TSxa0IN;Blessing
G2721;2;Galeski;Ahim;;1971-02-06;+491607661255;;;;nein;zPz2ESe64tKbbZ4TG7UG;Blessing
G2721;2;Galesky;Achim;;34646400000;+491607661255;+497123932159;achim.galesky@freenet.de;Bempflingen;ja;U2SX6q4RIPpoHLRwNCBi;Blessing
G2722;2;Bauer;Dorothea;;1946-07-18;+491638660662;+4970723549;;Reutlingen;nein;hh6cQI7GkDjzgHK9zVOi;Blessing
G2722;2;Bauer;Drothea;;1946-07-18;;;;;nein;U6XqS5ozFH29WtXZRBaZ;Blessing
G2723;2;Henzler;Gerd;;1960-08-09;+491727205059;+49702259160;;Nürtingen;nein;U6mpGisIYA2ceWk1pRfh;Blessing
G2723;2;Henzler;Gerdi;;1960-08-09;+4917664337286;;elli.henzler@t-online.de;Nürtingen;nein;nZAtZOQE8bPoFXf6HbrV;Blessing
G2724;2;Schulze;Kay;;1971-08-28;+491776532412;;iwi4815162342@gmail.com;;nein;U7Qii0ALj1mZeJVBmh0P;Blessing
G2724;2;Schulze;Kay-Uwe;;;+491776532412;;iwi4815162342@gmail.com;;ja;o2kqVUTrySs7c4M6JFRR;Blessing
G2725;2;Kühnle;Ilke;;1970-10-01;;;;;nein;U8xzYRhqbbHME99t1p9p;Blessing
G2725;2;Kühnle;Silke;;1970-10-01;;+49712718582;;Neckartailfingen;nein;Yv8GwD7vPqXAiP8xoiE2;Blessing
G2726;2;Bausch;Fiona;;2007-07-13;;+4971216956895;katrin.bausch@gmx.de;;nein;UAOKY2OuasSLcqwdmVed;Blessing
G2726;2;Bausch;Fiona Luisa;;2007-07-13;;6956895;;Eningen;nein;eGPo2jTWMrtWh5tR1nHu;Blessing
G2727;2;Thomas;Tina;;580435200000;+4917657992064;;tina.thomas@de.bosch.com;;nein;UAmf4Ny27v7n8We8Lj7o;Blessing
G2727;2;Thomas;Tina;;1988-05-24;+4917657992064;;tina.thomas@de.bosch.com;Reutlingen;nein;n3ET34gOH9cyRSBp9AFV;Blessing
G2728;2;Bonta;Calogero;;1968-11-16;;;;Reutlingen;nein;UC6vC1wc9Ty2RVQzIt6B;Blessing
G2728;2;Bonta;Calogero;;1968-11-16;;+497121630969;;Reutlingen;nein;hvJujy5yLfwB5V3iMfxS;Blessing
G2729;2;slavic;milana;;2012-09-10;;;;;nein;wTJUy5fth5C8cBpBrwur;Blessing
G2729;2;Slavnic;Milana;;2012-09-10;+4917632651638;;;Albstadt;nein;UCyIbsuTpzoh7qhpMdCT;Blessing
G2730;2;Kimmerle;Christa;;;;+49712770724;;;nein;UE0O2OANOo6kbQb7rtGV;Blessing
G2730;2;Kimmerle;Christa;;1943-01-18;;+49712770724;;Reutlingen;nein;bte679XHyzXEv4Tj38N6;Blessing
G2731;2;laqua;annette;;;+4915222526174;;;;nein;UEWzcqmB6MaCeEaU4aLt;Blessing
G2731;2;Laqua;Annette;;1968-02-08;+4915222526174;;;Reutlingen;nein;cyeI1LjRCDgynFQiqKIo;Blessing
G2732;2;Co;Kim-Truong;;1955-07-25;;;;Reutlingen;nein;UFHGVHJdakDXblnku7nK;Blessing
G2732;2;Co;Kim-Truong;;1955-07-25;;;;Reutlingen;nein;p9kdqadeys1flS72sEJG;Blessing
G2733;2;Pötter;Jenny;;1981-09-09;;;;Engstingen;nein;UFktaepNL5c3JRzClqiY;Blessing
G2733;2;Pötter;Jenny;;368841600000;+491718945306;;jennymarko97@yahoo.de;;ja;npbnScMCWbX9TG4wrQCE;Blessing
G2734;2;Schrade;Marisa;;1997-02-25;+4915788132943;;marisa.schrade@gmx.de;;nein;UGr4oMiwie4N9jzsFKJ6;Blessing
G2734;2;Schrade;Marisa;;1997-02-25;+491755253208;;;Reutlingen;nein;uyMa8JBgdjuM7IuTOqA4;Blessing
G2735;2;Demir;Aylin;;2001-03-30;;;;Reutlingen;nein;UIbDcu6lMGzQk14iFPah;Blessing
G2735;2;Demir;Aylin;;2001-03-30;+491728931291;;aylindemir30@outlook.de;;nein;sZDpBp8vx4uvzepjsyIF;Blessing
G2736;2;Rudolf;Kai;;2000-08-18;+491774767492;;kai.rudolf13@gmail.com;;nein;UJFax2yOZVOPdc7vFbew;Blessing
G2736;2;Rudolf;Kai Mika;;966556800000;+491774767492;+4970255730;;Neuffen;ja;bmLU8c44meeFHfeI1gZS;Blessing
G2737;2;Krehl;Margot;;1950-04-15;;6955299;;Reutlingen;nein;UJZCjodMZRGMEPTLzwyk;Blessing
G2737;2;Krehl;Margot Maria;;1950-04-15;+491629237291;;margot.krehl@gmail.com;Mössingen;nein;zDD968LJETaF1AZAw5Ni;Blessing
G2738;2;frick;marleene;;;+4916095870321;;;;nein;UmOVFSjJJiXOcClIJyT2;Blessing
G2738;2;Frick;Marlene;;2018-09-11;+4916095870321;;;Reutlingen;nein;UKBg3HZqITzjtHNleqtL;Blessing
G2739;2;Reuter;Irene;;-77673600000;;+49880573;;Eningen;nein;ULov07Y4aIHQ6825prCo;Blessing
G2739;2;Reuter;Irene;;1967-07-17;+491738109152;;irenereuter@gmx.de;;nein;YynzUvSlvSPLPXHLrWf9;Blessing
G2740;2;Gneiting;Stefan;;1990-05-09;;+497121630768;stefan.gneiting@freenet.de;Reutlingen;nein;UM0JbNWq8Om7TXXeOl4Z;Blessing
G2740;2;Gneiting;Stefan Walter;;1990-05-09;;630768;;Reutlingen;nein;zxgy1w4i5D9r49b2tMTh;Blessing
G2741;2;Ates;Muzaffer Sefa;;;+49 1520 4716103;;sefa.ates@live.de;;ja;UMRF7REWk1SUpzzPcOA4;Blessing
G2741;2;Ates;Muzaffer Sefa;;1993-01-06;+491788718214;;sefa.ates@live.de;Reutlingen;nein;m5W2vziEOfishgVHsITi;Blessing
G2742;2;Wagner;Sibylle;;1970-02-18;704651;;;Reutlingen;nein;UNIUV45uPpr4vvBFZVK3;Blessing
G2742;2;Wagner;Sibylle;;1970-02-18;;+497121704651;undinewagner@web.de;;nein;hy4ZJuLu80RA8Zaxr0lT;Blessing
G2743;2;Brislinger;Julia;;1986-05-16;;+4971239634999;;Metzingen;nein;UOqJ1KkNNTKBJ0DKC8cG;Blessing
G2743;2;Brislinger;Julia;;1986-05-16;;+49712314239;;Metzingen;nein;t19Zn92abEjSBx3Vf6mx;Blessing
G2744;2;Pöpperl;Elena;;;+491608103280;;elena_poepperl@msn.com;;ja;UP1K3hdeiB0VtC6MTw4W;Blessing
G2744;2;Pöpperl;Elena;;;+491608103280;;elena_poepperl@msn.com;;ja;XJQnhrBODmhLBAGKtgrl;Blessing
G2745;2;Heim;Robin;;2008-10-17;+4915209133769;;heimfam@t-online.de;Walddorfhäslach;nein;UQPp32Q6aa4RjNTLAvak;Blessing
G2745;2;Heim;Robin Leon;;2008-10-17;;+49712723047;;Walddorfhäslach;nein;s6Gu4a1isXoj4PaoEuLb;Blessing
G2746;2;Davidovic;Melanie;;190598400000;;;;Reutlingen;nein;UQSOlH9PaVQ8LrXR3ssV;Blessing
G2746;2;Davidovic;Melanie;;1976-01-16;+4917656839701;;melanie.davidovic@elektronikmail.de;;nein;cJ53jgltXqpDsfB50ZLn;Blessing
G2747;2;Klar;Bernhard;;1959-09-07;;+49712157453;;Reutlingen;nein;URIHH0gAzY70v5YMdXnb;Blessing
G2747;2;Klar;bernhard;;1959-09-07;;+49712157453;;;nein;d28D2pA7gr6ZjvMSZGwF;Blessing
G2748;2;Brenner;Marc;;1974-04-03;;;;Reutlingen;nein;UT8fuy7tUqK2nUCLt9DU;Blessing
G2748;2;Brenner;Mark;;1974-04-03;+491753864853;;;Reutlingen;nein;XlKPB5PmaoW4mx2deT7z;Blessing
G2749;2;hegebarth;elias;;2015-11-26;;;;;nein;UTBPZtsghdYmilGkvKAJ;Blessing
G2749;2;Hegenbarth;Ilias Maximilian;;2015-11-26;+4915737866883;;;Reutlingen;nein;xgLEjk6IfKyFdarXS2oz;Blessing
G2750;2;Bessler;Michael;;1979-06-22;;;;;nein;zVIUA4MPc9jjEbgsQ0NN;Blessing
G2750;2;Bässler;Michael;;1979-06-22;+491795093985;+4971239509795;mail@michael-baessler.de;Bempflingen;nein;UU5lOQfIKN7SCU7lMH1g;Blessing
G2751;2;Jürschik;Gerda;;1927-11-26;+4915225153045;370991;;Eningen;nein;UUEG5uqQKS7I10I3ivAm;Blessing
G2751;2;Jürschik;Gerda;;1927-11-26;+4915225153045;+4971217536220;;Eningen;nein;wxYGiZBWTVsJpizh4ElQ;Blessing
G2752;2;Bröhm;Bernd;;-499564800000;+4915111225938;;bernd.broehm@web.de;;ja;UV9PGRcKxsUu0tNIJjOc;Blessing
G2752;2;Bröhm;Bernd;;1954-03-04;;+497072920896;;Reutlingen;nein;Uu81BNx371tbkEpSBiLP;Blessing
G2753;2;Schneider;Ludwig;;2015-11-27;+491729001827;;nina.schneider640@gmail.com;Lichtenstein;nein;UXVNPNj3U4JOHUKNNPb9;Blessing
G2753;2;Schneidwr;Ludwig;;2015-11-27;+491729001827;;nina.schneider640@gmail.com;Lichtenstein;nein;wzR0F3Chla6bBlZC7tIA;Blessing
G2754;2;Fälchle;Tim;;644630400000;+4915156925286;;t.faelchle@gmx.de;Altdorf;ja;UYpK1TdwtsgchfxJXbsg;Blessing
G2754;2;Fälchle;Tim;;1990-06-06;+4915156925286;;t.faelchle@gmx.de;Altdorf;nein;uVD5wgBtaOCMLS5biNz1;Blessing
G2755;2;Mongellozzo;Tehra;;1939-03-25;;290453;;;nein;UZNtqeYRJ0oRrd65l2kk;Blessing
G2755;2;mongilluzzo;Tetra;;1939-03-25;;+497121090453;;;nein;wctGaQDBYDsMGMbxfhJ2;Blessing
G2756;2;Mergler;Irma;;;;+49712360236;;;nein;bcjYcXD1ZDBwVQnayE7N;Blessing
G2756;2;Mergner;Irma;;1936-09-29;;+49712360236;;Metzingen;nein;Ua9DqYwg4p0K43QWFLha;Blessing
G2757;2;Thiel;Rapahael;;1995-03-09;+491605559440;;;;nein;gRyfx42DTu3Fc0lmW8Do;Blessing
G2757;2;Thiel;Raphael;;1995-03-09;+491605559440;;raphaelth@protonmail.com;Reutlingen;nein;Ube23YVaOIzbhdIFJk7P;Blessing
G2758;2;Ay;Emel;;1952-02-15;;+4971282969;;Sonnenbühl;nein;Uf0lIY5686GSXb9BxGmk;Blessing
G2758;2;AY;Emel;;1952-02-15;+4915118781772;;ester_ay@yahoo.de;;nein;V9oDP1f9LbEaBCui54cl;Blessing
G2759;2;Vallon;Monika;;1986-04-02;+4915254070236;;monika.vallon@gmx.de;;nein;UfcBjmXnBI8a6djAzACr;Blessing
G2759;2;Vallon;Monika;;1986-04-02;+4915771467933;;;Stuttgart;nein;ev6pAm9ZxIPjfC4JTFN2;Blessing
G2760;2;Beck;Ulrich;;-296092800000;;+497127953456;ulrich@constanzebeck.de;Neckartailfingen;nein;UfeNHqzAs9g6QwPIGR0p;Blessing
G2760;2;Beck;Ulrich;;1960-08-14;+4917630524992;;post@constanzebeck.de;;nein;nGai6naJ36xOWS66dnh4;Blessing
G2761;2;Marggraf;Carlo;;2001-05-28;+491784743623;;carlo-felix-marggraf@freenet.de;München;nein;UfhHxnu36ahoUUF0Z0Kp;Blessing
G2761;2;Marggraf;Carlo Felix;;2001-05-28;+491784743623;;;Tübingen;nein;bWSGOTlYMxqVZfrpcn5P;Blessing
G2762;2;Frahne;Mechthild;;1941-01-08;;+4970253751;;Kohlberg;nein;UfjZSN2Nw8oakIouiYdo;Blessing
G2762;2;Frahne;Nesthild;;1941-01-08;;+4970253751;;;nein;kVWhWt0DOh6WXtnbUd8z;Blessing
G2763;2;Bohnenberger;Wolfr;;1972-07-14;+4915772060715;;einkaufwb@gmx.de;Reutlingen;nein;YVwZ3LS4tHSoB84KQnLL;Blessing
G2763;2;Bohnenberger;Wolfram;;1972-07-14;+4915772060715;9942589;wolfram.bohnenberger@gmx.de;Reutlingen;nein;Ug6QPFXVztOz9jO7UD6M;Blessing
G2764;2;Weisshaar;Alexandra;;1996-09-21;;+491576351855;;Freiburg;nein;Ujl4TrazmaAqsHLjnewG;Blessing
G2764;2;Weisshaar;Alexandra;;1996-09-21;+4915756351855;;alexandra-weisshaar@gmx.de;;nein;WoC9auCXJdw0GUnsndsj;Blessing
G2765;2;Omeirat;Basam;;2002-09-27;+4915727741296;;;Bad Urach;nein;Ujl95EfumpXrWrMPnHZG;Blessing
G2765;2;Omeirat;Basam;;2002-09-27;+491743980926;;basamomeirat@gmail.com;;nein;eUqfh9KGt1DK1n8J3G4N;Blessing
G2766;2;Schilling;Ursula;;1940-09-29;;320403;;Reutlingen;nein;UkKO1mNvCmka15AlTOg2;Blessing
G2766;2;Schilling;Ursula;;1940-09-29;+4915170875021;;birgit-fromm@t-online.de;;nein;yi8r2omszlArPlm7xfiF;Blessing
G2767;2;Röckel;Matthias;;1966-06-15;+491716125195;;roeckel@walch-roeckel.de;;nein;UloYsdRj4vMVvAldiebN;Blessing
G2767;2;Röckel;Matthias;;1966-06-15;+491716125195;;;Pfullingen;nein;uUmiJFLgIEd57fyMcq4G;Blessing
G2768;2;Nurkic;Muhamed;;265852800000;+4917693576386;;fliesen_nurkic@yahoo.de;Riederich;ja;UpJufeueGPr4BQPGfvDn;Blessing
G2768;2;Nurkic;Muhamed;;265852800000;+491792181510;;fliesen_nurkic@yahoo.de;Riederich;nein;s2iwV9EQcPYYEgbCh52R;Blessing
G2769;2;Monteiro;Stefanie;;1977-08-16;+4915231036061;;;Böblingen;nein;UpMBe9m0PBrHkvoOQ5Xe;Blessing
G2769;2;Montero;Stefanie;;1977-08-16;;;;;nein;hvSRvdDfhkzEofZAQAqr;Blessing
G2770;2;Gaiser;Dorothe;;1953-01-02;;+494939080;;Reutlingen;nein;cg8vwDp7PP3uIvz8VJg8;Blessing
G2770;2;Gaiser;Dorothee;;1953-01-02;;+4971214939080;dodagaiser@aol.com;Reutlingen;nein;Urp7ax1Odjua680Qrtdn;Blessing
G2771;2;Petrovic;Maksimilijan Benedikt;;2013-01-09;;+4971211364405;;Reutlingen;nein;UsdYzAbsUoIhijphNNjr;Blessing
G2771;2;petrovic;maksmilijan;;2013-01-09;+4915902156017;;;;nein;V37HhNjvJ6qulaSWbcNY;Blessing
G2772;2;müller;tabita;;;+4915228725462;;;;nein;Ut9aveO20boPQCqWiprl;Blessing
G2772;2;Müller;Tabita Kathi;;1982-10-23;+4915228725462;;;Metzingen;nein;ylBI3az8IHIKbNu0C6VK;Blessing
G2773;2;Saberchomboli;Mohammad;;1991-12-23;+491782658421;;;Reutlingen;nein;w425D8Wr8woeXb6skeiC;Blessing
G2773;2;saberchomboli;mohammed;;1991-12-23;;;;;nein;UuwDTdvtMYMckQmVB9V0;Blessing
G2774;2;Fischer;Claude;;-1127865600000;;22347;;Reutlingen;nein;Uv1D5Si42ROGVePRDfb2;Blessing
G2774;2;Fischer;Claude;;1934-04-06;+4917658609330;;claude34fischer@yahoo.de;;nein;vA8cGEmmVIPgi4lgZAWe;Blessing
G2775;2;Wolf;Eva;;1986-08-22;+4917682030473;;;Dettenhausen;nein;UwOzqD7Zg2q4nuDqqeUY;Blessing
G2775;2;Wolf;Eva;;1986-08-22;+4917682030473;;eva@wolf-mail.info;;nein;XnD9IaDCBdpufWaJO1UJ;Blessing
G2776;2;Papathanasiou;Symela;;1968-08-26;;;;Pliezhausen;nein;UwzfXIy4ZjvK8JNFE7oi;Blessing
G2776;2;Papathanasiu;simela;;1968-08-26;;+49712770017;;;nein;bcqUy8tn4x4ebyVj2ykt;Blessing
G2777;2;albrecht;nils;;2006-01-01;;+497127890042;;;nein;V0kLikUwkzrlr8rAEmoi;Blessing
G2777;2;albrecht;nils;;2006-01-01;;+497127890042;;;nein;aq4JDSb6f9xgwsn8NC3w;Blessing
G2778;2;la marina;luana;;2008-01-12;+491786904127;;;;nein;Yil2Fu2VNy5XmxmgHFU0;Blessing
G2778;2;Lamarina;Luana;;2008-01-12;;;;Reutlingen;nein;V1RLH3hGVcvZFDTiCaqv;Blessing
G2779;2;Guhl;Herbert;;-669945600000;;+49712771224;;Reutlingen;nein;txBp0AuUrFxuokw8llmt;Blessing
G2779;2;gul;herbert;;;;+49712771224;;;nein;V1VI9o5LJRudP0Er7Ji7;Blessing
G2780;2;Wachsmuth;Anna;;2019-11-20;;+4971216902781;tamara.wachsmuth@gmx.de;Pfullingen;nein;h5r9c9cIsO36S3Lk1Fot;Blessing
G2780;2;Wachsmuth;Anna Marie;;2019-11-20;+4917644269276;;;Pfullingen;nein;V1pvat6AErjLyWsN4rgP;Blessing
G2781;2;Leitmann;Edeltraud;;-865728000000;;+4971279469166;;Pliezhausen;nein;V3QQga2IT5hDegoyBc6h;Blessing
G2781;2;Leitmann;edeltraut;;1942-07-27;;+4971279469166;;;nein;jZDLeJNE4Ya22LIofRMq;Blessing
G2782;2;Demirova;Mediha;;1990-01-06;+4915568984173;;sm180509@hotmail.de;Bad Urach;nein;V5LlP8zLB8fmL0QaB7kn;Blessing
G2782;2;Demirova;Mediha;;;+49015568984173;;sm180509@hotmail.de;;ja;bHwvCRoDHIHu7eleQXS6;Blessing
G2783;2;Gallus;Karl-Heinz;;1955-09-03;+4915225407461;;;Reutlingen;nein;afRA3gGAVJ6vqEo9bbEA;Blessing
G2783;2;Gallus;Kartl;;1955-09-03;;;;;nein;V6xdfzhWRboL8U8TFBQj;Blessing
G2784;2;Fritsche;Dietmar;;-421545600000;+491717868552;+497072912220;dietmar23fritsche@web.de;Dußlingen;nein;V7EILxGxOumxYx4Ctgrl;Blessing
G2784;2;Fritsche;Dietmar;;;+49 171 7868552;;dietmar23fritsche@web.de;;ja;ezb4MXEtLg40wWollQC7;Blessing
G2785;2;Wältring;Mara;;2013-04-25;+4917678405715;;c.waelt@web.de;;nein;V7EuYChPZjurTaN5FisK;Blessing
G2785;2;Wältring;Mara;;2013-04-25;+4917620975388;;;Reutlingen;nein;mAVY9SssZRDCUJTs6OPv;Blessing
G2786;2;Rödel;Beate;;1985-05-24;+491727042268;;bt.roedel@gmx.de;;nein;V7H4RrIuLPKLscV1QzkM;Blessing
G2786;2;rögel;beate;;1985-05-24;;;;;nein;sy7xOesGr7bvYdAn5PJ7;Blessing
G2787;2;Vavelidis;Ioannis;;1969-05-15;+4917624402771;;;Reutlingen;nein;or5hYDlEc4CoC9jqiRyb;Blessing
G2787;2;Vavelidis;Joanis;;;+4917624402771;;;;nein;V8NToseMeRWNqDON3ygF;Blessing
G2788;2;Romanowicz;Birgit;;1955-05-24;;+4971213474831;birgit.romanowicz@arcor.de;Wannweil;nein;V9To1X5QxqAtNMKsvp7i;Blessing
G2788;2;Romanowicz;Birgit;;-461030400000;;3474831;;Wannweil;nein;xCsvjSh070xrWE66WMMj;Blessing
G2789;2;Nguyen;Phi Long;;2001-01-11;+4917657739083;;lolgeol123@gmail.com;Reutlingen;nein;sedsyIZHWMrAaUalZSUT;Blessing
G2789;2;Nguyen;Phi-Long;;979171200000;;576292;;Reutlingen;nein;VAfc67A3qwwSblgNIx9c;Blessing
G2790;2;Stroebele;Nadine;;1979-02-23;;+497473273725;;Ofterdingen;nein;wtIP7xVLC7vDJsXOB3MR;Blessing
G2790;2;Ströbele;Nadine;;1979-02-23;+4915204616631;;nadine-stroebele@web.de;;nein;VCsCFIC0yU7CIiIPAgJB;Blessing
G2791;2;Pohr;Christian;;1993-08-21;+4915756186816;;;Metzingen;nein;zzpGlK7V0mZDs6P9Hxat;Blessing
G2791;2;Pohr;Cristian;;1993-08-21;;+4971231728971;;;nein;VDc0WxLHN8YUPvA5xt4L;Blessing
G2792;2;Mohamad;elen;;2017-05-24;;+497382415;;;nein;zoYG46iSM5ejKfkhitQH;Blessing
G2792;2;Mohammad;Helen;;2017-05-24;;+497382415;;Römerstein;nein;VEZJq4WV0pXbK4JOUf0a;Blessing
G2793;2;Prnjic;Kristina;;1992-05-11;+4915252865304;;kristina.prnjic@gmx.de;;nein;VEzYM0wSq0y6oHccmVhM;Blessing
G2793;2;Prnjic;Kristina-Lenka;;705542400000;+491525286530;;;Reutlingen;nein;d16unHJ5BgOgRPbB3EG2;Blessing
G2794;2;Röck;Elija Michael;;2024-06-10;;;;München;nein;VFRFLZnME7Sp4ZU42GcS;Blessing
G2794;2;Röck;Elija Michael;;2024-06-10;+4917663197082;;;Reutlingen;nein;ekKRqq7BSLYRz6YuXFkS;Blessing
G2795;2;Masiello;Davide;;1987-11-26;+4917651080768;;;Reutlingen;nein;VGskN4CirauWHQlE8CtD;Blessing
G2795;2;Masiello;Davide;;1987-11-26;+4917632697920;;davide.masiello@gmx.de;;nein;ie3CXtIejo2dyhB5nAqK;Blessing
G2796;2;Hupp;Jürgen;;-869270400000;+4917687841715;;taina.hupp@icloud.com;;ja;VJzJ19FRnjt108pO1tFa;Blessing
G2796;2;Hupp;Jürgen;;1942-06-16;;+49712314402;;Metzingen;nein;t3MunKSiays5c1UALesL;Blessing
G2797;2;Kiriakidou;Ioanna;;1993-05-28;704192;;;Pfullingen;nein;VK2OASC6qdQznxZjKqCH;Blessing
G2797;2;Kiriakidou;Ioanna;;1993-05-28;+491755728761;;j.kiriakidou@outlook.de;;nein;pt2ieihdn4QlEuxXzqXR;Blessing
G2798;2;Schmand;Dietmar;;1966-11-09;;+49712183265;;Eningen;nein;VLtw561sGIdGABknAv7E;Blessing
G2798;2;Schmand;Dietmer;;1966-11-09;;;;;nein;wWcjSDvEcAPkVkKnBRNY;Blessing
G2799;2;Mögle;Dieter;;1942-07-23;;+49712331359;dieter.moegle@gmx.de;Grafenberg;nein;VLxCMG1fsBEeIlKo6zaE;Blessing
G2799;2;Mögle;Dieter;;1942-07-23;;+49712331359;;Grafenberg;nein;p1FDu0OSS9tiG7dgd4YY;Blessing
G2800;2;Mavis;Gülcan;;1982-12-09;+4915751150869;;;Riederich;nein;VOvesJKo8GgdyV6wYAvx;Blessing
G2800;2;Mavis;Gülcan;;1982-12-09;+4915758432349;;mavismomo@aol.com;Riederich;nein;db9AAKORKE3e6jGQ4IjL;Blessing
G2801;2;hegebbarth;milan;;2019-02-15;;;;;nein;s1jBq2ST02OkvFjT8Aae;Blessing
G2801;2;Hegenbarth;Mila Sophia;;2019-02-15;+4915737866883;;ilihegenbarth@gmail.com;Reutlingen;nein;VPMldZiEpjoGgy8B8wN5;Blessing
G2802;2;Schmid;Erzebet;;1957-08-14;+4915165102504;;thomas_schmid-metzingen@t-online.de;Metzingen;nein;VQAsHJ6uOdQMrClVYUuO;Blessing
G2802;2;Schmid;Erzebet;;1957-08-14;+4915751150568;;;Metzingen;nein;kDlC0VVQYHmkwJaGXz2K;Blessing
G2803;2;Labonte;Pia;;1955-01-19;;;;Bad Urach;nein;VRCCMQrLQQ8LSt2p6S1w;Blessing
G2803;2;Labonte;Pia;;1955-01-19;+491775993386;+497125408367;;Bad Urach;nein;bbAkPS7Acq51fMSaD5uy;Blessing
G2804;2;Kohlloeffel;Katharina;;1996-10-20;;;;Reutlingen;nein;d1Sio03eB1Qi3IXQPaXd;Blessing
G2804;2;Kohllöffel;Katharina;;1996-10-20;+4915223298397;;;Pfullingen;nein;VUqdYiUIqzRwzXPIm02W;Blessing
G2805;2;Schneider;Else;;1966-04-11;+491781886534;;else.schneider@arcor.de;;nein;VWucvdaLH6Xj1u1W68d3;Blessing
G2805;2;Schneider;Else;;1966-04-11;;+4970257029;;Neuffen;nein;bwk5euBjK5aHFyrC9w8k;Blessing
G2806;2;Schmid-Hanle;Evelyn;;-217382400000;;+49712960405;familie.hanle@t-online.de;;nein;VX45Dud0BJsW5xLT7VM1;Blessing
G2806;2;Schmid-Hanle;Evelyn;;1963-02-11;;+49712960405;familie.hanle@t-online.de;Lichtenstein;nein;lSU2EwrpXqEqf9JD0o7N;Blessing
G2807;2;Tröster;Carolin;;1990-11-14;+4915209452459;;carolin_troester@web.de;;nein;VaSsgsFNxi5XbX6TXFuw;Blessing
G2807;2;Tröster;Carolin;;1990-11-14;;+4971296370;ster@web.de;Gomadingen;nein;vnZJ6sCGHOQ3LnB7Yykt;Blessing
G2808;2;Maaß;Lina;;2014-11-30;;;;Reutlingen;nein;VjvGgoy6jJflamPuElPs;Blessing
G2808;2;Maaß;Lina;;2014-11-30;;+4971211392836;sn.maass@web.de;Reutlingen;nein;vPEXU3KrFELmESw90SDO;Blessing
G2809;2;Hoertig;Anita;;1949-07-16;;+4971281323;;Sonnenbühl;nein;vb7rXcYzMjNR2frzk5OP;Blessing
G2809;2;Hörtig;Anita;;-645753600000;+4915736429020;;hoertiga@kabelbw.de;;ja;VkHNrzuBJeSFKXMsdqV8;Blessing
G2810;2;Werz;Michael;;1979-05-25;+491743019391;;werz.michael@gmx.de;Reutlingen;nein;VpiVFIq10wOno5go33yb;Blessing
G2810;2;Werz;Michael;;1979-05-25;+491743019391;;werz.michael@gmx.de;Reutlingen;nein;x6t65mkdgvvYBdGX4YTC;Blessing
G2811;2;Patak;Magdalena;;2010-01-08;+4915114340719;;mpatak@web.de;Reutlingen;nein;YJ9mHlu2fV4hBAqZuWfC;Blessing
G2811;2;Patak;Magdalena Philomena;;2010-01-08;+491701907804;;;Reutlingen;nein;Vpul65mnf3hQVLYDcZDx;Blessing
G2812;2;Friedl;Franz;;;+491637723991;;ffriedl58@web.de;;ja;VqjXpMsKNx1k3PjV9n1e;Blessing
G2812;2;Friedl;Franz;;1958-04-07;;+49712771894;ffriedl58@web.de;Pliezhausen;nein;XkhKPmVA99JKA1i7HKXu;Blessing
G2813;2;Plath;Helena;;1998-05-15;+4915117895540;;;Tübingen;nein;VqumCG03YF7D2fWFvhFu;Blessing
G2813;2;Plath;Helena Zoe;;1998-05-15;+491776876536;;zoeplath@gmail.com;;nein;p97A4sktCbxwqfqlrgYn;Blessing
G2814;2;Walter;Oliver;;1969-04-07;+491623379284;;walter.oliver7469@gmail.com;;nein;Vr42drVES7Rls9Wu7JEM;Blessing
G2814;2;Walter;Oliver;;1969-04-07;+491623379284;;walter.oliver7469@gmail.com;Metzingen;nein;cdy021iRaXgwF18VXHG7;Blessing
G2815;2;Schneider;Elisia;;2015-11-28;+4917678753404;;jasminschneider100@web.de;;nein;oTB7yb79b3sjKsCFfHWC;Blessing
G2815;2;Schneider;Elisia Gwendolyn;;2015-11-28;+4917678753404;;;Rottenburg;nein;VtUGivYM0hYWRZgOHS3x;Blessing
G2816;2;Kasumovic;Ilda;;2001-10-20;+491629199310;;;Metzingen;nein;VtmwiHhkuM6uno4DDAXI;Blessing
G2816;2;Kasumovic;Ilda;;2001-10-20;+491629199310;;kasumovic271@gmail.com;;nein;fQ8qb9BT4mVjDHFXjkuu;Blessing
G2817;2;Nesper;Sandra;;670032000000;+491729256445;;sandra.nesper@gmail.com;Pliezhausen;nein;Vtoj7iMFuFySTMr0vXpV;Blessing
G2817;2;Nesper;Sandra;;1991-03-27;+491729256445;;sandra.nesper@gmail.com;Pliezhausen;nein;h7B2RxnHM8frNj554Tjz;Blessing
G2818;2;Buck;Corina;;1977-09-03;;+497373915570;corina-buck@gmx.de;;nein;i8vVTGZPUvqV9A2ayu4v;Blessing
G2818;2;Buck;Corina Anita;;1977-09-03;;+497373915570;corina-buck@gmx.de;Zwiefalten;nein;VuO7bAJOn81tYtFhYwCR;Blessing
G2819;2;Brucher;Fritz;;1950-08-14;;+49712188597;fritz_brucher@yahoo.de;;nein;VwLA9JJMvZ1mZCgUcQf5;Blessing
G2819;2;Brucher;Fritz;;1950-08-14;;88597;;Eningen;nein;snBxsjOxggKXz64R3XO4;Blessing
G2820;2;Krause;Heiko;;1968-04-23;+491736545017;;kakrause@freenet.de;;nein;VwT9h0CkPKokJZt8tcUY;Blessing
G2820;2;Krause;Heiko;;1968-04-23;+491736545017;;;Reutlingen;nein;hz3hxRYT6W08kxMze1oJ;Blessing
G2821;2;Knapp;Corinna;;213321600000;+4901749965672;;;;ja;VxNsDsa4SaQisZBh7fsd;Blessing
G2821;2;Knapp;Corinna;;213321600000;+491749965672;;corinna@kabelbw.de;Lichtenstein;ja;x8yOYlXhcD8GRBKkCKJo;Blessing
G2822;2;Rau;Christiane;;1965-02-05;;+4971237581;;Eningen;nein;VxnhUNAShnMeAm6lFoYe;Blessing
G2822;2;Rau;Christiane;;1965-02-05;;+497121338382;rau.christiane65@gmx.de;Eningen;nein;sV9GKKf2s2g5yIkh7GKT;Blessing
G2823;2;Schuhmacher;Edith;;-444441600000;;+49712333141;;;nein;VzIV8hbyiobxloBIViE7;Blessing
G2823;2;Schumacher;Edith;;1955-12-02;;;;Riederich;nein;iXcfqePbgLxwhkJqe2Vs;Blessing
G2824;2;Kimmerle;Anna;;1938-01-06;+491721726805;;juki2604@online.de;;nein;W2Ypn4khtgkiepBOudwj;Blessing
G2824;2;Kimmerle;Anna;;1938-01-06;;+4971277489;;Pliezhausen;nein;xH5Oa0oO5Kj9ge7xffF5;Blessing
G2825;2;Hochgreve;Hannes;;1999-04-19;+491788013413;+497127934584;hannes.hochgreve@gmx.de;Pliezhausen;nein;W35TgmR4fMESJXaleB28;Blessing
G2825;2;Hochgreve;Hannes;;1999-04-19;;+497127934534;;Pliezhausen;nein;wrZyPeWpBdExlX2njNd9;Blessing
G2826;2;högel;wido;;2019-01-17;+491728740739;;;;nein;W3pBY6BFyGOOa49V9Ix1;Blessing
G2826;2;Högel;Wido Hannes;;2019-01-17;;;;Neuffen;nein;c53fTZfRafwjb4TE2eJO;Blessing
G2827;2;Hofmann;Doris;;1964-03-10;+4915789422860;;dorishofmann64@gmx.de;;nein;W3xhTime8INYX12F9DGg;Blessing
G2827;2;Hofmann;Doris;;1964-03-10;;+49712721412;;Neckartailfingen;nein;lMNyJa06clwJoP75tzU1;Blessing
G2828;2;piekort;patrick;;1993-08-10;+4917660988018;;;;nein;t7Bnpsj6mOpvxe4knJ4f;Blessing
G2828;2;Piekorz;Patrick;;1993-08-10;+4917660988018;;;Reutlingen;nein;W5DsDnFSHELeQdasnKCE;Blessing
G2829;2;Ruoff;Anika;;1996-07-31;+4915732466478;;;;nein;W5EcmtcWJBoDx9Jaa4Rv;Blessing
G2829;2;Ruoff;Annika;;1996-07-31;+491782932017;;;Burladingen;nein;nyUHlp1BhkZoYVxWILql;Blessing
G2830;2;bierberger;karin;;;;+497032992062;;;nein;x14WrX6IQbNEQONQrM0n;Blessing
G2830;2;Dierberger;Karin;;1955-11-08;;+497032992062;;Herrenberg;nein;W69t3RuVmLH14pgCiFbA;Blessing
G2831;2;Hmod;Adam;;1608681600000;+4915772035232;;;;nein;W6HhhArBHaE6V2Vqg5Wm;Blessing
G2831;2;Hmod;Adam;;2020-12-23;+4915771035232;;;Eningen;nein;wkKYygIOzrw2FH1AftBK;Blessing
G2832;2;einhell;marie;;;+4915165119914;;;;nein;W9vnarZHXWVKNwZsttPy;Blessing
G2832;2;Einhell;Marie;;2019-11-02;+4915165119914;;;Bad Urach;nein;pnXArPdl4jumWQb2l9p8;Blessing
G2833;2;Sessler;Eugen;;1953-05-12;+4915170012553;;;Wannweil;nein;WA4wE4KOVKiwn4cuK7i9;Blessing
G2833;2;Sessler;Eugen;;1953-05-12;;+497121550918;;;nein;YkgMHx5VCosKpKzv1dQ6;Blessing
G2834;2;Dwenger;Elisabeth;;-517622400000;;923645;;Reutlingen;nein;WBEiyGm4jBaHzTk4sRc5;Blessing
G2834;2;Dwenger;Elisabeth;;1953-08-07;;+497121923645;e.dwenger@web.de;Reutlingen;nein;zdLYmwJRjfWfSeiAePsw;Blessing
G2835;2;Klemm;Robin;;;+4915224528065;;;;nein;WCClVHIGB8c9CEc49KMf;Blessing
G2835;2;Klemm;Robin Carlotta;;2023-05-21;+4915224528065;;marissa.dubbelaar@hotmail.com;Aldingen;nein;zvsjQYCyqGIMkl9dTrdm;Blessing
G2836;2;Jerich;Caroline;;2013-04-01;+4915214025507;;;;nein;WDleBrMQi409FIku1z1A;Blessing
G2836;2;Jerich;Caroline;;2013-04-01;+491748129279;;slawajerich@gmail.com;Eningen;nein;jWs3JU1XaXUUB1heqgNm;Blessing
G2837;2;Pröpper;Michael;;1957-06-02;+491755222807;;michael.proepper@me.com;;nein;WFU1YUKa1rgdn8ilZpVm;Blessing
G2837;2;Pröpper;Michael;;1957-06-02;+491755222807;;michael.proepper@me.com;Reutlingen;nein;ZPhGi8lS4CRjH2lb9ZIV;Blessing
G2838;2;Raidt;Melanie;;587174400000;+4915227349741;;melanie.raidt@gmx.de;;ja;WFwTS4XdgkKVoa5IHuBz;Blessing
G2838;2;Raidt;Melanie;;1988-08-10;+4915227349741;+4971239598281;melanie.raidt@gmx.de;Metzingen;nein;rOBjNAByGKCZ4Ik21tpF;Blessing
G2839;2;Giesser;Laura;;1970-07-12;;+497121799304;;Reutlingen;nein;WGyuDgYQANnaGezCiKDu;Blessing
G2839;2;Gisser;Laura;;1970-07-12;;;;;nein;xDAi40EkyzbfyqdAVOv0;Blessing
G2840;2;Thoss;Marianne;;1937-02-04;;+4970727584;;Reutlingen;nein;WHaGD4s7bR4CkEqk5MzG;Blessing
G2840;2;thoß;marione;;1937-02-04;;+4970727584;;;nein;wwxXeBBFgcV88gp2SUyU;Blessing
G2841;2;Reusch;Jonatan;;1997-09-28;;+49738798247;;;nein;WHc3MnjiLrtYTYtWhZfQ;Blessing
G2841;2;Reusch;Jonathan;;1997-09-28;;+49738798247;joni.reusch@t-online.de;Hohenstein;nein;oKzMwnC35u6f6fxNbY12;Blessing
G2842;2;Stoll;Timo;;1998-11-15;;478749;;Reutlingen;nein;WIp0lGtkC8vqHpsBhE4o;Blessing
G2842;2;Stoll;Timo;;1998-11-15;+4915152146054;;technik.stoll@yahoo.com;;nein;oaFD7N4CBbKMUxtBKTeY;Blessing
G2843;2;Dijanovic;Michelle;;1996-10-21;;+49610401;;Reutlingen;nein;WIpCYJP8EOvDF78KRx0t;Blessing
G2843;2;Dijanovic;Michelle;;1996-10-21;+491788715038;610401;;Reutlingen;nein;zf79hnLYgJqVEtTxAs53;Blessing
G2844;2;Leuthe;Hildegard;;1938-12-14;;+4971282368;;Sonnenbühl;nein;WJ2R8jyG1seaeKTDdZCF;Blessing
G2844;2;Leuthe;Hildegard;;1938-12-14;+4915115789645;;e.h.leuthe@icloud.com;;nein;WlhlGHfEvgVFZM8lZmos;Blessing
G2845;2;Betschinger;Philip;;1983-04-20;+491715583872;;c.betschinger@gmail.com;;nein;WJKMKtrjD2sBRFFRPOYi;Blessing
G2845;2;Betschinger;Philip;;1983-04-20;+4917668330044;;;Reutlingen;nein;laQ6EiCgGkdVzMZm6ltR;Blessing
G2846;2;Rechthaler;Barbara;;1977-05-26;+491795051804;;b.rechthaler@gmx.de;;nein;WLnPvx0PIkOWsoSDH3a4;Blessing
G2846;2;Rechthaler;Barbara;;1977-05-26;;7554412;;Reutlingen;nein;zKsWl0g6gGyMPH5a7ASD;Blessing
G2847;2;Schweitzer;Susanne;;-143510400000;+491747600979;+497127922056;susanne156@aol.com;Pliezhausen;ja;WMQGqfpcMsb3Fq5OeU37;Blessing
G2847;2;Schweitzer;Susanne;;1965-06-15;+491747600979;;susanne156@aol.com;;nein;f9uwvir0H5s9kcwxeuFp;Blessing
G2848;2;Jamous;Sofie;;1977-04-04;+4917681393086;;;Reutlingen;nein;WQjvubYaTejJ2Rol6Ugy;Blessing
G2848;2;Jamus;Sofie;;1977-04-04;+4917681393086;;;;nein;flqi0u8htp0KP9PWsE95;Blessing
G2849;2;madureira;Maria;;1971-09-21;;;;;nein;tM43GvYWkFEAVQdqKMBa;Blessing
G2849;2;Madureira;Maria Palmira;;1971-09-21;;+497121492664;mira.1971@hotmail.de;;nein;WRBQBYzBb1Dvgt4qyloi;Blessing
G2850;2;Schwarz;Helmut;;-563328000000;;81735;;Reutlingen;nein;WRsXsNnwGdsr8BoPC54K;Blessing
G2850;2;Schwarz;Helmut;;1952-02-25;+491735166609;;;Reutlingen;nein;iUuRzN0nWc9CtqEPmpp5;Blessing
G2851;2;Balcer;Pia;;1315872000000;+4901775158936;;lallekunst@arcor.de;Pfullingen;ja;WX2tj65r4waEmyYHe6N2;Blessing
G2851;2;Balcer;Pia;;2011-09-13;;+497121798808;fam.balcer@gmail.com;;nein;voJ97Z3IEFHeYsSHnjQb;Blessing
G2852;2;Buerkle;Horst;;1940-05-10;;+497121270280;buerkle@buerkle-horst.de;Reutlingen;nein;WZ1T71LkauInPJbZ9rLX;Blessing
G2852;2;Bürkle;Horst;;1940-05-10;;270280;;Reutlingen;nein;gutjnWZEESJAR8nahPVB;Blessing
G2853;2;Klingler;Margarete;;1958-01-15;+491746561482;;klingler15@freenet.de;Riederich;nein;WZQ0Io8Bl1NSs28JqE6l;Blessing
G2853;2;klingler;Margerite;;1958-01-15;+491746561482;;;;nein;bTexNSCx2EyGow2es0s4;Blessing
G2854;2;BEZ;Walter;;1936-09-12;+491714527145;;ch-bez@t-online.de;;nein;WZearktBkCLKJ4Ro5r9M;Blessing
G2854;2;Bez;Walter;;1936-09-12;;+4971294487;w.hbez@t-online.de;Lichtenstein;nein;ucmTkcLUgvKedyA4k7UK;Blessing
G2855;2;Özsezer;Kandemir;;1992-01-30;+4917634618938;;;Lichtenstein;nein;Wan1D5MGYqpCpuxHn5vx;Blessing
G2855;2;Özsezer;Kandemir;;1992-01-30;+4917634618938;;kandemir.oezsezer22@web.de;;nein;ljdyrUa0zFtNYdIQLMt7;Blessing
G2856;2;Pipiale;Susanne;;1964-12-10;;239801;;Reutlingen;nein;Wce5vYDgA4o7QXsH1uk0;Blessing
G2856;2;Pipiale;Susanne;;1964-12-10;+491703408640;;susi_pipiale@yahoo.de;;nein;cEUKk1vjgA8zTm3RrImL;Blessing
G2857;2;Betz;Jutta;;1955-01-26;+491601271515;;jutta-betz@gmx.de;;nein;WdwEaa1jPRqcMTarZrV2;Blessing
G2857;2;Betz;Jutta;;1955-01-26;;+4971281391;;Sonnenbühl;nein;dOSZtic5r6wlO9z1jBtp;Blessing
G2858;2;Vincent;Barbara;;-423273600000;;+4971233077546;;Metzingen;nein;WexR58nlH1bhSX4syeqw;Blessing
G2858;2;Vincent;Barbara;;-423273600000;+4915730030665;;barbara.vincent@web.de;;nein;cN8tYBLR1MpTH4CusOcQ;Blessing
G2859;2;Beier;Carmen;;1985-10-15;+4917661121124;;carmen.beier7@t-online.de;;nein;WftQh0dmvsIFoA57sPxf;Blessing
G2859;2;Beier;Carmen;;1985-10-15;+491733609184;;;Riederich;nein;prP798mmj6dg3ltfYjGS;Blessing
G2860;2;Maliqi;Edon;;2000-02-05;+491788021506;;;Reutlingen;nein;Wg4rSQmzs2EaAxXf0cmS;Blessing
G2860;2;Maliqi;Idon;;;+491788021506;;;;nein;ob9b4wtdPXT9ei7DP3SA;Blessing
G2861;2;Schmid;Markus;;2007-11-02;;;;;nein;WgRrW71z9dq8aRE6rMTg;Blessing
G2861;2;Schmid;Markus;;2007-11-02;+491732301723;;;Reutlingen;nein;wkjIMwaeGsYcLaNNFBDq;Blessing
G2862;2;Schwarz;lea;;2003-09-20;;+49707260435;;;nein;YLowRcT6xcmUFMChw7qh;Blessing
G2862;2;Schwarz;Lea Marie;;2003-09-20;+491607617102;;;Reutlingen;nein;Wgo088MBnqGZZkylfbMh;Blessing
G2863;2;Paroti;Salvatore;;1970-11-01;+4917650012696;071285839861;salvatore.paroti@gmail.com;;nein;Wh7CzZQLCbmdmML6OoIA;Blessing
G2863;2;Paroti;Salvatore;;1970-11-01;;+4971285839861;;Sonnenbühl;nein;fKoA7xv46WnBD2imMLuk;Blessing
G2864;2;Kratzer;Maximilian;;1997-06-22;+491633468889;;maximilian.kratzer@gmx.de;;nein;WhTPspbOATUExZ21kRph;Blessing
G2864;2;Kratzer;Maximilian;;1997-06-22;;+497127887994;;Pliezhausen;nein;cnrnW9dedqWnFOqZ2xYu;Blessing
G2865;2;Klimenta;Ramo;;70329600000;+491741785160;;ramo_klimenta@yahoo.de;Dettingen u. Teck;ja;Wi3ak4Ya7RVPgz2fjdSy;Blessing
G2865;2;Klimenta;Ramo;;70329600000;+491741785160;;klimenta_r@yahoo.de;Dettingen;ja;gAzHsCcVywn95afve374;Blessing
G2866;2;Streb;Dieter;;1968-01-29;+4916090418759;+4971279386695;dieter.streb@t-online.de;Walddorfhäslach;nein;Wj9UYIZ2xM4AKuMkNOyH;Blessing
G2866;2;Streb;Dieter;;;+491628529424;;dieter.streb@t-online.de;;ja;pkTPRQQHEaGeHtQmDsn4;Blessing
G2867;2;Vukoja;Josip;;1977-05-29;+4915228816227;;;Reutlingen;nein;WkTh52MhDKNar7X8JbnL;Blessing
G2867;2;vukoja;josip;;;+4915228816227;;;;nein;uMRHaygJwkC1TWMUA7Xq;Blessing
G2868;2;Hild;Eleonore Michaele;;1957-08-23;+491787210561;;praxis.hild@googlemail.com;;nein;WlPUVrqcS7gDtjGU2Le8;Blessing
G2868;2;Hild;Eleonore-Michaele;;1957-08-23;+491787210561;;;Pfullingen;nein;bQ3HfY9nnebh2kJgQahe;Blessing
G2869;2;Paul;Sonja;;1976-02-08;+4915732466115;;sonja.paul@freenetmail.de;;nein;WroySFKF13niLrrnq45F;Blessing
G2869;2;Paul;Sonja;;1976-02-08;;756322;;Pfullingen;nein;y2ZUsbErENHVBOA8CT1i;Blessing
G2870;2;Irdem;Hüseyin;;1988-04-15;+491733140621;;;Reutlingen;nein;qFYPshZ9KtBWLxRGjfYu;Blessing
G2870;2;Irdem;Hüstejen;;;+491733140621;;;;nein;Ws01zOaarK18oSVzKAyh;Blessing
G2871;2;Dwenger;Judith;;1983-02-23;;+497121755617;;Reutlingen;nein;WsNFdQgvUHWUM3RgFCQE;Blessing
G2871;2;Dwenger;Judith;;1983-02-23;+4917621147441;;j.dwenger@gmx.de;;ja;u8Hbml1gPy6fmbO8rHQJ;Blessing
G2872;2;Scheffner;Gisela;;1929-07-05;;;;Reutlingen;nein;bjAQkx4hJAWmIjVQqlXZ;Blessing
G2872;2;Scheffner;Gisela Eva;;1929-07-05;;;;Reutlingen;nein;Wv7R4VNN7RSdovBNvF5k;Blessing
G2873;2;ladengast;christain;;1996-08-13;;;;;nein;hcWTdL3RCxyY4Oiq91PK;Blessing
G2873;2;Ladengast;Christian;;1996-08-13;+4917672530819;;;Bietigheim-Bissingen;nein;WvTUN8ODU6gACvKEXosV;Blessing
G2874;2;Huster;Martina;;1961-11-12;;;;Reutlingen;nein;Ww1KPFIdQHjON3Ddgp6U;Blessing
G2874;2;Huster;Martina;;1961-11-12;;;;Reutlingen;nein;xjOSVlNfXwF4dLT51nJj;Blessing
G2875;2;Kahl;Gertrud;;1939-05-01;+4915788104230;;petra.senft@gmx.de;;nein;WwRmJxrzqE5lLv3DXOsi;Blessing
G2875;2;Kahl;Gertrud;;1939-05-01;579842;;;Reutlingen;nein;xSB6oOqMsPWXxU5y3Vdm;Blessing
G2876;2;Klingenstein-Barth;Annerose;;-450921600000;+491715648657;;a.klingenstein.barth@gmail.com;;ja;X25MGLtaNUwDtd2Lvbyj;Blessing
G2876;2;Klingenstein-Barth;Annerose;;1955-09-18;;+49712440342;a-klingenstein-barth@web.de;Trochtelfingen;nein;ctUA1BJ0nQF0bNSrfZFZ;Blessing
G2877;2;Decker;Corina;;1999-06-12;;+49712789104;;Pliezhausen;nein;X2jhVswYQo07R02AWKDi;Blessing
G2877;2;Decker;Corina;;1999-06-12;+4915736174372;;corinadecker@yahoo.com;Neukölln;nein;lplboknqxJTWkrAqfpvs;Blessing
G2878;2;Androsch;Isabella;;1969-05-12;;+49712321570;;;nein;X2vd8PGxh8GHWOAcaVmU;Blessing
G2878;2;Androsch;Isabella;;1969-05-12;;+49712321570;;Metzingen;nein;hGJiyvuIO2hNSd56FuNx;Blessing
G2879;2;Kadric;Ferida;;1955-05-17;;;;Eningen;nein;X3mdak5VhnvUZqMdkM0U;Blessing
G2879;2;kadric;ferida;;1955-05-17;;;;;nein;mxwe2VsSSjyIE0igbHbA;Blessing
G2880;2;fritz;magarete;;1950-07-16;;+497121620692;;;nein;X5OXaBJydQf1KOc9ELWP;Blessing
G2880;2;Fritz;Margarete;;1950-07-16;;620692;;Reutlingen;nein;pyppxsCsli1P608RQEDe;Blessing
G2881;2;Dürl;Angela;;1973-10-24;+491731846413;;a.duerl@online.de;Lichtenstein;nein;X5yoh8JfhDmfknUrMDK4;Blessing
G2881;2;Dürl;Angela;;1973-10-24;+491731846413;;;Lichtenstein;nein;kySbWpcmzGOhvmdAQ34i;Blessing
G2882;2;Demuth;Monika;;-18921600000;+4917653405560;73730;monikade_@web.de;Esslingen;nein;X7mamq9fTgFk6WYmPKVG;Blessing
G2882;2;demuth;monika;;;+49 176 53405560;;monikade_@web.de;;ja;dQSPDFb8caiLQhCePvf3;Blessing
G2883;2;Zürcher;Clara;;2005-10-16;+4915770456722;;zurcherclara@gmail.com;Frickenhausen;nein;X91DzJXRuTVPaLTvQEim;Blessing
G2883;2;Zürcher;Clara;;2005-10-16;+4915770456722;;zurcherclara@gmail.com;;nein;kMwRnkMK6OsV73qCA0Q8;Blessing
G2884;2;Dietrich;Ulrike;;1957-03-27;+491794842968;+49274874;;Pfullingen;nein;X9uw4TE5BqtBNjJPOBVK;Blessing
G2884;2;Dietrich;Ulrike;;1957-03-27;;+497121274874;ullerdietrich@web.de;;nein;xq2DieCPkOwf84Kg9BGs;Blessing
G2885;2;Polityko;Anastasia;;2000-11-24;+4915738232970;;anastasia.polityko@web.de;;nein;Z276bkW98NAkIZJx7DuH;Blessing
G2885;2;Polityko;Anastasia Rachel;;2000-11-24;+4915738232970;4331380;;Stuttgart;nein;XBxLepqFm1J13aKU0S9p;Blessing
G2886;2;Dragotta;Francesco;;2007-01-31;;161680;;Metzingen;nein;XCTKoHpZuKltfYGiGREe;Blessing
G2886;2;Dragotta;Francesco;;2007-01-31;;;;Metzingen;nein;ZkS5cSaQ8QBwa7w2bIX5;Blessing
G2887;2;Wandel;Benjamin;;2002-01-30;+4915782811339;;benjamin-wandel@web.de;Reutlingen;nein;XD48OF2bhWR1ykhxob2K;Blessing
G2887;2;Wandel;Benjamin;;2002-01-30;;;;Reutlingen;nein;kgAXwy0CpUwqPYfPvVXP;Blessing
G2888;2;Grigoriiou;Maria;;2001-01-13;+491756436513;;mariagr591@gmail.com;Tübingen;nein;m6OG0jJSwcgB6eY3ltIS;Blessing
G2888;2;Grigoriou;Maria;;2001-01-13;+491756436513;;mariagr591@gmail.com;;nein;XFgbHhRQ6UBxiIusKzbu;Blessing
G2889;2;Ehnis;Linda;;2004-03-29;+4915123206619;;linda.ehnis@t-online.de;Tübingen;nein;XGg7UyUDBixdWhDbVggb;Blessing
G2889;2;Ehnis;Linda Bettina;;1080518400000;+4915123206619;;;Tübingen;nein;u2U5F2OuBab7wNxmPz8D;Blessing
G2890;2;Filippidis;Nikolaos;;1994-03-06;+4915784622511;;niko.filippidis@gmail.com;Friedrichshain;nein;XHCAwFYuwCC6FnsJWksq;Blessing
G2890;2;Filippidis;Nikolaos;;1994-03-06;;+497127330518;niko-f@hotmail.de;Reutlingen;nein;j5ajxKNEV3qTX57A1VnK;Blessing
G2891;2;Pesserer;Werner Dieter;;1952-12-05;;+497022994430;;Grossbettlingen;nein;XI7y7pllWAMfwJqU9QD0;Blessing
G2891;2;Pesserer;Werner Dieter;;1952-12-05;+4915117502706;;dieter@pesserer.de;;nein;iCnfI0wuEjP1gycEw32S;Blessing
G2892;2;Losch;Birgit;;1955-12-13;;239098;b.losch@gmx.de;Reutlingen;nein;XIJcpDQgC0GOEB2P2RCw;Blessing
G2892;2;Losch;Birgit;;1955-12-13;;+497121239098;b.losch@gmx.de;;nein;dQflStJ7imlVsKId52kj;Blessing
G2893;2;Akolenko;Angela;;1971-08-10;;;;;nein;cFUaPJKTeSpH9JrjZSw6;Blessing
G2893;2;Akulenko;Anzhela;;1971-08-10;+4917629721298;;;Eningen;nein;XMs4lbecPGRjqQZTCbA5;Blessing
G2894;2;Kempter;Katrin;;1986-02-01;+491745658456;;katrinkempter@gmx.net;;nein;XNfvuocOx5lma3fm0L2l;Blessing
G2894;2;Kempter;Katrin;;1986-02-01;+491745658456;+4973889934940;katrinkempter@gmx.net;Trochtelfingen;nein;z99Dg1n5KlcGvnCTwLn7;Blessing
G2895;2;Schwenzfeier;Lina;;2006-07-18;+4917672352078;;yvonne.schwenzfeier@gmail.com;Reutlingen;nein;kiAzxIwHnyPGTSI1KZ2i;Blessing
G2895;2;Schwenzfeier;Lina Marie;;2006-07-18;;334138;linamarieschwenzfeier@gmail.com;Reutlingen;nein;XOiaEM60hCCEud9dHp8B;Blessing
G2896;2;Spohn;Niko;;1980-06-14;+491774978666;+49746331;;Reutlingen;nein;XPftNymLKTuCUeKmeoZA;Blessing
G2896;2;Spohn;Niko;;1980-06-14;+491705714646;;nspohn@t-online.de;Reutlingen;nein;bhfBCsxI4eG3GFmO4QVX;Blessing
G2897;2;Siegle;Horst;;1943-06-18;;+49712361183;;Metzingen;nein;XQi7rYtH4yEnQebekeoo;Blessing
G2897;2;siegle;horst;;;;+49712361183;;;nein;kqPuf49Pxt7BX1P5suQ9;Blessing
G2898;2;Cretiu;Vanessa;;2001-11-09;+4916097019044;;;Lichtenstein;nein;XRGPeel2ibjhsZxN6C9K;Blessing
G2898;2;Cretiu;Vanessa;;2001-11-09;;;;Lichtenstein;nein;utTQ88cOnXGT6IN1nTVz;Blessing
G2899;2;Digel;Erwin;;-709948800000;+491622806176;;e.digel@yahoo.de;Reutlingen;ja;XSvbj87y5xMBYXvbDcRG;Blessing
G2899;2;Digel;Erwin;;-709948800000;+491725327439;+49712161683;;Reutlingen;ja;b2bAhj1Dbn9n5APSyAfj;Blessing
G2900;2;Aisslinger;Jonas;;2005-06-11;;;;Waldenbuch;nein;XTX6csUHRea4cCR1eLue;Blessing
G2900;2;Aisslinger;Jonas;;2005-06-11;;+497157988933;alexandra.aisslinger@web.de;;nein;lUHISucOnT3N66Wd2joB;Blessing
G2901;2;Lang;Gudrun;;1964-01-25;+491711221321;;;Reutlingen;nein;XTvFB7mnevWnkJCrLXMF;Blessing
G2901;2;Lang;Gudrun;;1964-01-25;+491711221321;;dollreiner@aol.com;Reutlingen;nein;gE6KJTELIYsPGunfE5MA;Blessing
G2902;2;Elsässer;Kim;;2002-12-12;;+4971589875185;;;nein;XUASGnwF0pNclp5uctrt;Blessing
G2902;2;Elsässer;Tim;;2002-12-12;;+4971589875185;;Filderstadt;nein;znMrFtrzTSt20geg8W05;Blessing
G2903;2;Rilling;Tanja;;488764800000;;;;;nein;XVFfkTukFVIUQr9moj9V;Blessing
G2903;2;Rilling;Tanja;;488764800000;;+4971275285217;tanja28685@aol.com;Pliezhausen;nein;yyxTZQ6EUruSB35ym8Qb;Blessing
G2904;2;Kraibühler;Marcel;;1987-11-28;+491627575226;;;Nürtingen;nein;XWNeAo4PJvPTBamHkxcR;Blessing
G2904;2;Kraibühler;Marcel;;1987-11-28;+491627575226;;marcel.kraibuehler@gmail.com;Nürtingen;nein;qqR3Pz0CHsP5pOWNINyE;Blessing
G2905;2;Reutter;Jane;;1996-10-06;+4915784621868;;jane.reutter@gmx.de;Neuffen;nein;XYtqJm3OxRtYB3bVfFKF;Blessing
G2905;2;Reutter;Jane Sophia;;1996-10-06;+4915784621868;;;Schlaitdorf;nein;aegX6iffRGCNtxGizpa3;Blessing
G2906;2;Knöbel;Matthias;;1981-05-27;+4915731035942;;;Reutlingen;nein;XZxlnI9LE1dhgPNobTMZ;Blessing
G2906;2;Knöbel;Matthias;;1981-05-27;+4915731035942;;matthias_knoebel@yahoo.de;Reutlingen;nein;ZUuOpifnmVT11kKeFJ1E;Blessing
G2907;2;Le;John;;1990-01-01;+491726538849;;;Reutlingen;nein;XbDuw7CRjrmS5NM8Mtn5;Blessing
G2907;2;Le;John;;1990-01-01;+4917676668685;;john.le1990@web.de;Hechingen;nein;j9ArKBABsEDuCEUBhXy6;Blessing
G2908;2;Schmidt;Gabriele;;-20822400000;+4917655863931;;;Sonnenbühl;ja;XfRz4cauGo5gVNFpgPxX;Blessing
G2908;2;Schmidt;Gabriele;;-20822400000;;;;;nein;u7lrhvln4h7Sfk0a29Ad;Blessing
G2909;2;Komel;Nicole;;1977-10-11;+4915779302421;;;Hülben;nein;XgZg43mH1LZvNOikG7Ai;Blessing
G2909;2;Komel;Nicole;;1977-10-11;+4915779302421;;nicole.kchele@gmx.de;;nein;tUnGsDPF2S6xjuF3wSeI;Blessing
G2910;2;Hertzog;Ute;;1962-01-03;+491772877558;+497121577915;ute@herzog-edv.de;Kusterdingen;nein;XhlGc4GTK8vDJyB05DfX;Blessing
G2910;2;Hertzog;Ute;;1962-01-03;;+4970717913608;ute@hertzog-edv.de;Kusterdingen;nein;k44fBPilNRACoJk2VJoS;Blessing
G2911;2;Wicker;Susanne;;1987-06-07;+4915735514418;;susannewicker@web.de;Metzingen;nein;XiM1TrZGsWGo1PUJVbrX;Blessing
G2911;2;Wicker;Susanne;;1987-06-07;;+4971231613074;;Metzingen;nein;uHX9vPNYH58VXx54xwai;Blessing
G2912;2;maier;Sabine;;;;+4971213453434;;;nein;Xjd4dnhQsA1mKFR7Ooo8;Blessing
G2912;2;Maier;Sabine;;1965-02-05;+4917672312255;+4971213453434;sabinemaier4@gmx.net;Nehren;nein;v4HelqIKtgBWldn4IUlm;Blessing
G2913;2;Köppe;Hartmut;;1962-02-05;+491727845562;;;Metzingen;nein;XjdVzMiRpyeiyo0VKpwh;Blessing
G2913;2;Köppe;Hartmut;;1962-02-05;+491727845562;;hdkoeppe@gmail.com;;nein;ufkfdxZNsQbzJ1lt7shp;Blessing
G2914;2;haid;Marianne;;-850521600000;;;;;nein;XjtZzDLYoWnrdTA2GXnc;Blessing
G2914;2;Haid;Marianne;;-850521600000;;+49712109291800;;Reutlingen;nein;xuyDyvGTKR2F4e0TeThr;Blessing
G2915;2;Katayifci;Zeki;;1974-07-12;+4915779733508;;zeki-katayifci@gmx.de;;nein;XlaJyspBDUqzjvUntFMK;Blessing
G2915;2;Katayifci;Zeki;;1974-07-12;;+49157733508;;Reutlingen;nein;XypQdFpvvbEgwPjD1WeB;Blessing
G2916;2;Riahi Ep Jaouadi;Amal;;1988-08-27;+491622142104;;;Reutlingen;nein;XmjjYI6zNBinigKYV84o;Blessing
G2916;2;Riahi epouse Jaouadi;Amal;;1988-08-27;+4915204736294;;sonyajaouadi@web.de;;nein;jsPO0IdwsY2O8H8aH6CO;Blessing
G2917;2;Hayat;Miriam;;;+491638063893;;miriam.hayat@web.de;;ja;XmteGeDyaeNmhgvFDuYK;Blessing
G2917;2;Hayat;Miriam;;1999-12-23;+4915730711417;;miriam.hayat@web.de;Reutlingen;nein;fBjU26iAcxd6tsiYXcDR;Blessing
G2918;2;Engels;Herta;;150768000000;+491792315809;;engelsh@gmx.de;Reutlingen;ja;Xn1IgSWAgseIfmKPYgDV;Blessing
G2918;2;Engels;Herta;;150768000000;+491792315809;;engelsh@gmx.de;Reutlingen;nein;jrZHTaYN5y7hWTPLeajk;Blessing
G2919;2;Doerner;Lennard;;1969-06-07;+4915116838065;;holzbau.doerner@t-online.de;;nein;psv5jEHiXRzmNKcuOQmu;Blessing
G2919;2;Dörner;Lennard;;1969-06-07;+4915115700388;+497129930080;holzwerker@t-online.de;Engstingen;nein;Xo9XyQgKiGTcIoX0FJXK;Blessing
G2920;2;Rath;Dominik;;1990-06-21;+4915775976240;;;Burladingen;nein;y7rEnVNFjQqHoR9xX877;Blessing
G2920;2;Rath;Dominik Manuel;;1990-06-21;+4915775976240;;manuel_rath@web.de;Burladingen;nein;XoA5WL2o21aNA5rL1pTD;Blessing
G2921;2;Krampulz;Rebecca;;877046400000;+4915781593995;;rnkrampulz@gmail.com;Bad Urach;nein;XosQqEXj9sObXJUcHGcI;Blessing
G2921;2;Krampulz;Rebecca;;;+4915781593998;;rnkrampulz@gmail.com;;ja;kOWWVYqjfOMcpCXKbHhn;Blessing
G2922;2;Pasch;Christina;;1980-02-12;+491727588829;;;Reutlingen;nein;Xp2UPqMQV4f4GUH46cQ1;Blessing
G2922;2;Pasch;Christina;;1980-02-12;;;;;nein;dMtOTh8mV8rWPVwUGwS6;Blessing
G2923;2;Mutschler;Gabriela;;1968-08-24;;+49712780100;;Pliezhausen;nein;XpAvfibDqtc3SGkXkIIo;Blessing
G2923;2;Mutschler;Gabriela;;1968-08-24;+4917680770527;;gabi-mutschler@gmx.de;Pliezhausen;nein;irumWOzedpfZs2A0D5Hh;Blessing
G2924;2;Friedel;Vanessa;;2006-07-15;;+497121165772;;;nein;XsF3khGuK0HhD5vTxxhJ;Blessing
G2924;2;Friedl;Vanessa;;2006-07-15;+491781456954;;;Pfullingen;nein;mXM9mveI5S8SRQHl9aID;Blessing
G2925;2;Vetter;Birgit;;;+49712161628;;vetter190lh@gmail.com;;ja;Xtd1q5aQ3XF5aYzrNeX5;Blessing
G2925;2;Vetter;Birgit;;1960-12-02;+4915121690525;+49712161628;b.vetter02@gmail.com;Reutlingen;nein;u7VKpNoPGroYv7JEvAqe;Blessing
G2926;2;zaharanfki-wolf;helga;;1955-06-01;;777120;;;nein;XufhCTsZJx9LzeyHXhyP;Blessing
G2926;2;Zaharanski-Wolf;Helga;;1955-06-01;;77120;;Pfullingen;nein;we9vGiPrKHIMw4bZNja6;Blessing
G2927;2;Bauer;Marcus;;1970-09-19;;+49712734700;;Aichtal;nein;Xx92HfrkXGMBi9gW10ZY;Blessing
G2927;2;Bauer;Marcus;;1970-09-19;+4915753532055;;bauer_marcus@web.de;Aichtal;nein;ckVrUUPuDpiCLwjzaiWy;Blessing
G2928;2;Schweitzer;Waltraud;;-406252800000;+491719776791;;;Kirchheim;ja;gJEejAU95RNdlVvTscsJ;Blessing
G2928;2;schweitzer;Waltraut;;1957-02-16;;;;;nein;XyAtmfCQDsp4KXgKvEFo;Blessing
G2929;2;Scheurer;Christa;;1962-08-11;;+49712166991;chris-scheurer@t-online.de;;nein;Y0U5KduoayxU94b6mHis;Blessing
G2929;2;Scheurer;Christa;;1962-08-11;;66991;;Reutlingen;nein;kGezvbEkTLKtdICQVcW8;Blessing
G2930;2;Hierhammer;Katrin;;-85190400000;;+4974733791405;;Nehren;nein;Y1phVke3EXwxIrvASS0R;Blessing
G2930;2;Hierhammer;Katrin;;1967-04-21;+4917630174842;;kati.hierhammer@web.de;;nein;Ye1c0Ehw4nivLVm72car;Blessing
G2931;2;Budnik;Beate;;1967-08-21;+491782360050;+49550109;beabu5@gmx.de;Reutlingen;nein;Y2CtxOuy2uQAgap74HkA;Blessing
G2931;2;Budnik;Beate;;1967-08-21;+491782360050;;beabu5@gmx.de;;nein;o56BAEy0PUmoQxYQL8Ig;Blessing
G2932;2;Cetin;Sandra;;1987-11-12;+4917624882357;;sandra.cetin@outlook.com;;nein;Y3hGaWeYXFpEgOBgyW9e;Blessing
G2932;2;Cetin;Sandra;;1987-11-12;+491707248773;;;Neuffen;nein;h7eYttuXIpifopVQ4rwR;Blessing
G2933;2;Koptptschalin;Josef;;-352857600000;;;;;nein;Y5tL6xG4GePinp7azZF2;Blessing
G2933;2;Koptschalin;Josef;;1958-10-27;;+497121630736;angelika.koptschalin@gmail.com;Reutlingen;nein;dl0rvla012OHjoc8HYwR;Blessing
G2934;2;Renna;Gianluca;;1976-10-11;+4917681577386;;gianlucarenna@web.de;Dettenhausen;nein;Y6EEwOX5aiC4R78OgKo4;Blessing
G2934;2;Renna;Gianluca;;1976-10-11;+4917681577386;;gianlucarenna@web.de;Dettenhausen;nein;nJ3xopRY6drHX13qzkQn;Blessing
G2935;2;Weber;Waltraud;;1995-04-26;+491743917657;;;Gomaringen;nein;yySDTyxB2c7uzIJxLBE5;Blessing
G2935;2;weber;waltraut;;;+491743917657;;;;nein;Y6jjZQIRy9LSfBDbJ9Ip;Blessing
G2936;2;Krämer;andrea;;-207619200000;;07121478360;;;nein;Y7PDcos5bQilPHtBNULC;Blessing
G2936;2;Krämer;Andrea;;-207619200000;;478360;;Pfullingen;nein;vt3qqN49JiH2vWtYMeFv;Blessing
G2937;2;Schmid;Beate;;1952-09-08;;+49712771381;hps-bs-mittelstadt@gmx.de;Reutlingen;nein;Y9ELJGKaT6MhGDa3i7h6;Blessing
G2937;2;Schmid;Beate;;;;0712771381;;;nein;YJgHH2lGjOhcbI0HWmcb;Blessing
G2938;2;Kipp;Laura;;1996-04-13;;479312;;Reutlingen;nein;Y9QlWjtYcZSEgBtVe7L9;Blessing
G2938;2;Kipp;Laura;;1996-04-13;+33786375839;+497121230282;laura_kipp@icloud.com;;nein;fR0e5HUjDrVAYRwqpIoL;Blessing
G2939;2;Hofmann;Antonia;;2005-05-20;;+4971216969333;pthofmann@web.de;;nein;lq7DDfNjLf19gcmMB9vy;Blessing
G2939;2;Hofmann;Antonia Philine;;2005-05-20;;;;Reutlingen;nein;YAXEzUXxGQFFv2ataAEj;Blessing
G2940;2;Tuschter;Sieglinde;;1942-03-16;;+49712144062;;Eningen;nein;YAZdByO2PGkGh1iOzLWZ;Blessing
G2940;2;Tuschter;Siglinde;;1942-03-16;;;;;nein;fEvITxXY3WCwB0v3xKen;Blessing
G2941;2;Maisch;Ursula;;1939-03-09;;+49712732465;sabine1405@hotmail.de;Altenriet;nein;YAiUJrGpK6dqZ8GhbkZI;Blessing
G2941;2;Maisch;Ursula;;1939-03-09;;+49712732465;;Altenriet;nein;gByTulB77IuRDq6D9dtj;Blessing
G2942;2;Douligeris;Solon;;2006-03-15;;+4971216970249;;Reutlingen;nein;j734XGa0YgFDUrFewS3v;Blessing
G2942;2;DOULIGERIS;sOLUN;;2006-03-15;+4915906121749;;;;nein;YAzHjU6FPLT2s2r9MRnu;Blessing
G2943;2;Kohlhofer;Hanna;;-813196800000;+4915228671091;;hanna.kohlhofer@gmx.de;;nein;YBtDrvrGXSceIEvEjsKY;Blessing
G2943;2;Kohlhofer;Hanna;;-813196800000;+491755196968;;;Reutlingen;ja;spNVbvZcHqTFK1Ao1TfD;Blessing
G2944;2;Kopp;Robin;;1993-06-10;+4915787444018;;kopp.robin@googlemail.com;;ja;YCM2tTNuSgkTOHCDyes9;Blessing
G2944;2;Kopp;Robin;;1993-06-10;;;;Reutlingen;nein;iY4h0rIWhpTCFdZlWRIY;Blessing
G2945;2;Leutfeld;Sören;;2003-02-11;+4915771998112;;;Neckartenzlingen;nein;YFyiTebkrmkmhOKPI17K;Blessing
G2945;2;leutfeld;Sören;;;+4915771998112;;;;nein;iJJlPyfnJBmxgR3LKZm7;Blessing
G2946;2;Hiltawsky;Patrick;;1978-11-29;+4915110258722;;patrick-hiltawsky@web.de;Pliezhausen;nein;YJCm4j0yoNnIrmbztVmi;Blessing
G2946;2;Hiltawsky;Patrick;;1978-11-29;;+497127180558;;Pliezhausen;nein;ud4mCRRmV4epcZi5QjXr;Blessing
G2947;2;Teichmann;Karl-Heinz;;-1039219200000;;+497121493228;;Reutlingen;nein;YJbD63jyIL3K9s5eCe0N;Blessing
G2947;2;Teichmann;Karl-Heinz;;1937-01-26;;+49493228;;Reutlingen;nein;yb442jzcALW4XFh4UDzA;Blessing
G2948;2;Mayer;Theo;;1937-03-13;;+4971233606369;alexhutti@t-online.de;Riederich;nein;YMoziNobfxfYGnFjIiW5;Blessing
G2948;2;Mayer;Theo;;1937-03-13;;+497123389886;rehutti@aol.com;;nein;ujAFJSyZy8KI05Hg8DIH;Blessing
G2949;2;König;Lisa Marie;;2003-12-29;;;;Reutlingen;nein;grL7t0Bhnc57YIVwI9ST;Blessing
G2949;2;König;Lisa-Marie;;2003-12-29;+4915752486108;;lisamarie.koenig@gmx.de;Frankfurt am Main;nein;YMvK7gp1Q6uy2qHg4sL1;Blessing
G2950;2;Unger;Herberth;;-825292800000;+491727791283;;ungerz@gmx.de;;ja;YNH57XG2C4ZLtCi2B8M7;Blessing
G2950;2;Unger;Herberth;;1943-11-07;;+49712735918;;Neckartailfingen;nein;yrwEIWg0cCzGBpuGsQVk;Blessing
G2951;2;Dziura;Michaela;;1985-10-30;+4915254629840;;;Reutlingen;nein;YNYyYiBMeq4G2x89W1g8;Blessing
G2951;2;Dziura;Michaela;;1985-10-30;+491629088121;;md85@e.mail.de;Reutlingen;nein;em6watCsw9YUJn8nilzo;Blessing
G2952;2;Al-Asaad;Mohammad;;;+49 1525 1368825;;Mohammad.Al-Asaad@web.de;;ja;zqNAPdHrWy7swR00YTAj;Blessing
G2952;2;Al-Asaad;Mohammad Salman;;1976-03-08;+4915251368825;;mohammad.al-asaad@web.de;Reutlingen;nein;YNZpyfIf6d6U9cUsZySy;Blessing
G2953;2;Geiger;Sarah;;;+49 01515 6337538;;sarahgeiger39@gmail.com;;ja;YOSAUBfGFXyqK1lbeshZ;Blessing
G2953;2;Geiger;Sarah;;1982-03-15;+4915156337538;;sarahgeiger39@gmail.com;Bad Urach;nein;drFCrNq158J567XO7av1;Blessing
G2954;2;Gaenslen;Ulrich;;1970-12-09;+491607519010;;;Dettingen;nein;wwlomk5zo70zwdodivpe;Blessing
G2954;2;genzle;ulrich;;1970-12-09;+491607519010;;;;nein;YPOUMkvZC3a7YVS725Tr;Blessing
G2955;2;Dirican;Muhammed;;2000-03-16;+491704305604;;raikaaylin@aol.de;;nein;YSEsEpTxpeCIXSpQlFI9;Blessing
G2955;2;Dirican;Muhammed-Samil;;2000-03-16;+4915751332495;;;Reutlingen;nein;eFyCU8Sg6Md2XH359ScL;Blessing
G2956;2;Karagianni;Chrissoula;;1951-10-30;;340826;;Reutlingen;nein;bvIIyNNmkiRQjnv30TJ4;Blessing
G2956;2;Karagiannis;Chrisula;;1951-10-30;+491636346725;;hakan.bella26@gmx.de;Reutlingen;nein;YSp03x1joZwL6oGTYocR;Blessing
G2957;2;Mall;Laura;;2008-12-10;+491711770536;;heiderose.mall@t-online.de;Beuren;nein;YXpmkl817YqqATXRUdhA;Blessing
G2957;2;Mall;Laura Johanna;;2008-12-10;;+497025912813;sav-beuren-vorstand@t-online.de;Beuren;nein;u0PWzxVft1J9GNYlrelH;Blessing
G2958;2;teglic;ivana;;;+4915206292669;;;;nein;YYvKNKAUNOCl4VyM0sqz;Blessing
G2958;2;Teklic;Ivana;;1996-03-18;+4915206292669;;;Reutlingen;nein;sZWSf7njGQLrlj0Uwrld;Blessing
G2959;2;Pflug;Sergej;;187315200000;+4917642575569;;sergej.pflug@googlemail.com;Metzingen;ja;Yd7gu8l8nifmU5PltKoT;Blessing
G2959;2;Pflug;Sergej;;1975-12-09;+4917642575569;;sergejpflug@googlemail.com;Metzingen;nein;c5hm9SUGL8DTNrWP1Vgw;Blessing
G2960;2;Turner;Gabriele;;1944-01-03;;+497121338471;gabi.turner@gmx.de;;nein;YdCrWzXREGgsDOwnRxSh;Blessing
G2960;2;Turner;Gabriele;;1944-01-03;;338471;;Reutlingen;nein;n7wgCiusG7G0gdKxdpQs;Blessing
G2961;2;Bronni;Ingrid;;-504576000000;;45364;;Reutlingen;nein;YefZTAw53Uvt8QWOr1uQ;Blessing
G2961;2;Bronni;Ingrid;;1954-01-05;;+4971211397555;ulrike.bronni@web.de;;nein;eMW0sSr5eEGXEEniKKJB;Blessing
G2962;2;Kaszun;Alois;;-713059200000;;81349;;Eningen;nein;YezcX0FN2gQcvNkMyvDo;Blessing
G2962;2;Kaszun;Alois;;1947-05-29;;+49712181349;alois.kaszun@gmx.de;Eningen unter achalm;nein;ostHYTRiFWgbEZL5thy6;Blessing
G2963;2;Bozionelou;Aikaterini;;1999-11-17;+4917697534085;;;Reutlingen;nein;YghqZszczKJ8X4dLbnpG;Blessing
G2963;2;Bozionelou;Aikaterini;;;+4917697534085;;;;nein;lUgD6bLRd9nJJCReHQu6;Blessing
G2964;2;torabi;sayd;;1974-08-07;+4915237862867;;;;nein;YhIgW0zjGlsbgqY9QCon;Blessing
G2964;2;Torabi;Sayed Shahabeddin;;1974-08-07;+4915237862867;;;Pfullingen;nein;vHf6ilhBU7n71PK1XxOQ;Blessing
G2965;2;Pietrowski;Dagmar;;-165715200000;+4917536689198;+49490700;dprt@gmx.de;Reutlingen;ja;Yhxkrox4WiE1FbDZWYCH;Blessing
G2965;2;Pietrowski;Dagmar;;1964-10-01;+491753668918;;dprt@gmx.de;Reutlingen;nein;fpUB9GVL4CTLAce0p8q8;Blessing
G2966;2;Hoksch;Mareike;;1987-03-22;+4917664171874;;reikili@web.de;;nein;Yiz8zmlmg5oCMkdVT7V0;Blessing
G2966;2;Hoksch;Mareike Katrina;;1987-03-22;+4917664171874;;;Kusterdingen;nein;uSTG7qIXrY7PtMFBS9jt;Blessing
G2967;2;husson;barbara;;1945-09-11;;;;;nein;zdk6ksOp1ez7tWVlpfT7;Blessing
G2967;2;Hussong;Barbara;;1945-09-11;;+49712331392;;Grafenberg;nein;YjzhSS9l6bXR2hWZGLYn;Blessing
G2968;2;Fleck;Ingrid;;;;+49712318488;;;nein;YkZQfMdUU8LToH2Nb56c;Blessing
G2968;2;Fleck;Ingrid;;1940-05-30;;+49712318488;;Metzingen;nein;hRpCW7JvD4p18q5qNk7p;Blessing
G2969;2;Dogan;Ahmet;;1970-02-17;+4915786860306;;;Filderstadt;nein;xUjECDPXY0BptVjPIjES;Blessing
G2969;2;Dogrn;Achmed;;;+4915786860306;;;;ja;YkwfKyYSkRr2fSBiiEhS;Blessing
G2970;2;Dietrich;Dennis;;2000-08-25;+4917646189627;;dennis25dietrich@icloud.com;;nein;YmdGBALAeMH7zKgChAdQ;Blessing
G2970;2;Dietrich;Dennis;;2000-08-25;+491738372590;+4971291475847;;Münsingen;nein;nlcQfuuNRAC9uMXiGiDt;Blessing
G2971;2;Bahl;Elfriede;;1941-09-28;;+49712733222;;Altenriet;nein;YpXBPR3s0AbOoUvNsZcH;Blessing
G2971;2;bahl;elfriede;;;;+49712733222;;;nein;yDeBJYVP9tq2sW93QoJH;Blessing
G2972;2;Diessner;Fina;;2012-04-09;+491735746907;;diessnerpeggy@gmail.com;;nein;YpXuV8Z9zMs9bEkgSIiK;Blessing
G2972;2;Diessner;Fina Marie;;2012-04-09;+491735746907;;;Schlaitdorf;nein;tMeNFCJWvm23579MH9WA;Blessing
G2973;2;Sentürk;Kadriye;;1979-07-09;+4917632999203;;kadriye.s@hotmail.de;;nein;YqPAriimf8pI1WKfpkgG;Blessing
G2973;2;Sentürk;Kadriye;;1979-07-09;504973;;kadriye.s@hotmail.de;Reutlingen;nein;bfm01A9b95b0uCAsTws5;Blessing
G2974;2;Yilmaz;Nazli;;1980-08-30;+491749601407;;;Reutlingen;nein;YsNIBAH9lCaD69xbxLLP;Blessing
G2974;2;Yilmaz;Nazli;;336441600000;+491621858084;;naz-80@hotmail.de;;nein;sDyctplLYy18cZNaAALO;Blessing
G2975;2;Lichtenberger;Frieda;;2009-06-03;+4915153858387;;andreas.lichtenberger@sap.com;;nein;YvLjPej93ct9qAcbZmNj;Blessing
G2975;2;Lichtenberger;Frieda;;2009-06-03;;580669;;Reutlingen;nein;rK9DEbkkosW50rTwMO3e;Blessing
G2976;2;Wojcik;Kornelia;;1970-01-29;;+49712540223;kwojcik@gmx.de;Bad Urach;nein;YwrC8DXm2SUB7WvSh9mp;Blessing
G2976;2;Wojcik;Kornelia;;;+4915774588464;;kwojcik@gmx.de;;ja;xCeGG080rTWKbF77XZCQ;Blessing
G2977;2;Buchberger;Petra;;1956-04-25;+491626292652;;petra-buchberger@web.de;Münsingen;nein;kPR5O3LcUWKqcTxAGqcU;Blessing
G2977;2;Pochaperger;Petra;;;+491626292652;;;;nein;YxJrC3xRf3Hpk3oVtShy;Blessing
G2978;2;Hartmetz;Thomas;;1971-12-10;+491797012785;;hartmetz@schwille-architekten.de;Stuttgart;nein;Yxy5c80eBk3uhJHOv5i9;Blessing
G2978;2;Hartmetz;Thomas;;1971-12-10;+4915172309937;;hartmetz@schwille-architekten.de;;nein;b45yuixcodd2ZRxBP1oW;Blessing
G2979;2;Gleichmann;Giuseppina;;1967-10-07;;;;Reutlingen;nein;YyA4cGzI0bc6KkipkT2p;Blessing
G2979;2;Gleichmann;Giuseppina;;1967-10-07;;+49712124487;giusygleichmann@aol.com;;nein;kSRUQGJtQXWDxEYILBDr;Blessing
G2980;2;Wieland;Nico;;396921600000;+491624018570;;nico.wieland@gmx.de;;ja;YyvK4D2C8qZiKA7ib1pu;Blessing
G2980;2;Wieland;Nico;;1982-07-31;;;;Reutlingen;nein;ZXkDLHj99zLh8fZUtChT;Blessing
G2981;2;Klass;Josef;;1938-07-15;;+49702262613;bruni.klass@t-online.de;;nein;YzGstGxTeWQfxsYiyiE9;Blessing
G2981;2;Klass;Josef;;1938-07-15;;+49702262613;;Nuertingen;nein;b3C05Rq6DU6ziG1y9QIv;Blessing
G2982;2;Huber;Jochen;;1959-09-13;+4917621136391;;jochen_huber@gmx.net;Weil im Schönbuch;nein;YzJEZLBuZvkaXEgzgnkZ;Blessing
G2982;2;Huber;Jochen;;1959-09-13;+4917621135391;;jochen_huber@gmx.net;Weil im Schönbuch;nein;yvsmTSq8HPpLE9vIrVnt;Blessing
G2983;2;Yang;Qiming;;1987-01-12;+491746317565;;yangqiming123@gmail.com;;nein;Z0D9OIRA6oQA2RPqLLXm;Blessing
G2983;2;Yang;Qiming;;1987-01-12;+491716323875;;;Metzingen;nein;ZCK9JLfyKndk3g3KSzml;Blessing
G2984;2;Geiger;Klaus;;1959-08-28;+4915128063650;;klaus.k.geiger@web.de;Reutlingen;nein;Z0EyQTcC8jh26s3HPUgY;Blessing
G2984;2;Geiger;Klaus;;;+491757192007;;klaus.k.geiger@web.de;;ja;uy5QmJ8R08Iiwzil4xBD;Blessing
G2985;2;Städler;Julian;;1995-12-23;+491627219308;;staedler.business@icloud.com;;nein;gVjseS2i8RGmPDUwRFir;Blessing
G2985;2;Städler;Julian Eric;;1995-12-23;+491627219308;;;Reutlingen;nein;Z0n5znQNpBV6EDw3u9sh;Blessing
G2986;2;Schenk;Jürgen;;1969-11-05;+491756068183;;schenk@fenster-staengle.de;;nein;Z1FXFAGHjOpOaJ7sgaL6;Blessing
G2986;2;Schenk;Jürgen;;1969-11-05;+491756068183;;;Bad Urach;nein;tmJxyjyQUXld0VatXSJZ;Blessing
G2987;2;Iannuzzi;Diego;;2014-11-21;;;;Pfullingen;nein;Z1cvUoi0dolybROOhlXm;Blessing
G2987;2;Iannuzzi;Diego;;2014-11-21;+4915208845789;;im_si@msn.com;;nein;lqxHU6W2xGSO0KPyVyw1;Blessing
G2988;2;Wolf;Karin;;1957-02-18;;+497121890054;k.wolf@o2online.de;Eningen;nein;Z1p0NlHduA14pQnZGfO9;Blessing
G2988;2;Wolf;Karin;;1957-02-18;+491795309291;+49890054;karin.wolf@o2.com;Eningen;nein;ozLRZfD2K8zMeq7g1JsM;Blessing
G2989;2;Dugonjic;Michael;;1980-06-06;+4917641961590;;;Reutlingen;nein;seIcRyZlOVyMVpglEmZS;Blessing
G2989;2;Dugonjic;Mihael;;329097600000;+4917641961590;;mijo80@gmx.de;;ja;Z1zo0GJegVOSXJgdDToW;Blessing
G2990;2;Kirchner;Steffen;;;+491781984605;;st.kir@t-online.de;;ja;Z3FXIP6aB80Z6Y2Swg1y;Blessing
G2990;2;Kirchner;Steffen;;1960-06-06;;+49712387511;st.kir@t-online.de;Dettingen;nein;cXLuM5BUiY3akbXYpxmD;Blessing
G2991;2;Salzmann;Wolfgang;;1960-03-28;;+497123726696;;Metzingen;nein;Z4JQ6PNPudPxFd1fHPo9;Blessing
G2991;2;Salzmann;Wolfgang;;1960-03-28;+4916092055812;;wolfgang.salzmann@t-online.de;Metzingen;nein;m93voUhjtONuqwEQQNqU;Blessing
G2992;2;Yayla;Meral;;1970-09-08;+4917683888872;;gyayla@arcor.de;;nein;Z6tDjoQWAMlCQ25X7qwl;Blessing
G2992;2;Yayla;Meral;;1970-09-08;;+497121371407;da.yayla@icloud.com;Reutlingen;nein;gh5WF9D1aAgMxaLMNVle;Blessing
G2993;2;Terzopoulos;Eleni-Sofia;;2001-03-18;+4915234223915;;;Reutlingen;nein;Z7pbe2Iov2tUTA1AwQyO;Blessing
G2993;2;Terzopoulou;Eleni Sofia;;2001-03-18;+4915234223915;;elliterz@hotmail.de;Reutlingen;nein;wAXKM0IjaRfzvYpr4rzc;Blessing
G2994;2;Kratzer;Ellen;;;+4915560833655;;kratzer.ellen@web.de;;ja;ZBrRZuaA1bJ9nvy4vZEa;Blessing
G2994;2;Kratzer;Ellen;;1965-03-30;+4917641616864;+497127887994;kratzer.ellen@web.de;Überlingen;nein;bq5812Xsff2mygtSnw70;Blessing
G2995;2;Hohloch;Martin;;1969-06-12;;+49712167622;martin.hohloch@web.de;Reutlingen;nein;ZCK3T17SCYV8HhyOVLL3;Blessing
G2995;2;Hohloch;Martin;;1969-06-12;+3367622;;;Reutlingen;nein;sJ6bitDyxs1AK4dWbW2Q;Blessing
G2996;2;Gray;Krzysztof;;1962-06-09;+4916094444141;;christof.gray@t-online.de;;nein;ZD52OvUfmoteks7U7vzk;Blessing
G2996;2;Gray;Krzysztof;;1962-06-09;;+497121311177;;Reutlingen;nein;aVsetxSVcXivAg4yOqqb;Blessing
G2997;2;Nguyen;Michael Thien An;;1998-07-14;;+4971216970384;;Reutlingen;nein;ZFly2PkDRR6IGRLZeXmQ;Blessing
G2997;2;Nguyen;Michael Thien An;;1998-07-14;+491734159937;;nguyen.michael1407@gmail.com;Reutlingen;nein;ZuXYIQZWBOnvdKW9q8j1;Blessing
G2998;2;Bauknecht;Sieglinde;;;;+49702254098;;;nein;ZG9kqlWpSubux7FvJLpm;Blessing
G2998;2;Bauknecht;Sieglinde;;1953-07-03;;+49702254098;;Nürtingen;nein;cKtHsNQN3Ra2oNJDUKDP;Blessing
G2999;2;Staigmiller;Else;;-632880000000;;57342;else@staigmiller.de;Reutlingen;nein;ZH7O1FJDGzD79OI05g3i;Blessing
G2999;2;Staigmiller;Else;;1949-12-12;;+49712157342;else@staigmiller.de;Reutlingen;nein;px8WGGUSUiyszrkGKko8;Blessing
G3000;2;Plettinger;Balthasar;;1942-01-10;;670324;;Reutlingen;nein;ZH9eaLYBtbHDyBLssBLp;Blessing
G3000;2;Plettinger;Balthasar;;1942-01-10;;+497121670324;sandra.sedaghat@gmx.de;;nein;ZldBztVoYPjJEFPn5zM0;Blessing
G3001;2;ohls;alessia;;2009-06-26;+4915753330603;;;;nein;sLq6l7c2i9o8sQ5jVFNK;Blessing
G3001;2;Ohls;Alessia Celeste;;2009-06-26;+4915753330603;;lomonaco.alessia@web.de;Reutlingen;nein;ZJrXbL9hrKm2JUa2UNFf;Blessing
G3002;2;Tress;Margot Ursula;;1948-07-30;;+497121568191;u.tress@himmelsjaeger.de;;nein;ZJuc0pLoUc6Z8pDV7Qie;Blessing
G3002;2;Tress;Margot-Ursula;;1948-07-30;;+497121568191;;Reutlingen;nein;ktNPvzFLSmzmE3o5sM5W;Blessing
G3003;2;Bauer;Petra;;1966-08-29;;+497127570272;;Pliezhausen;nein;ZLsepgxGgVV8DjR5Clc9;Blessing
G3003;2;Bauer;Petra;;1966-08-29;+4915771551309;;pbem3366@web.de;;nein;kHqefcqZwc0Ha1snPhma;Blessing
G3004;2;Kailer;Anika;;;+4917663647662;;;;nein;ZNJPLTdDBiCOwTeTAN3C;Blessing
G3004;2;Kailer;Anika;;1983-10-19;+4917663647662;;;Reutlingen;nein;rbqCeM05Awwb68zVBEsZ;Blessing
G3005;2;Ovseanovski;Dietmar;;;+491798481487;;;;nein;uGzVzHaISRl3VHeRRDQi;Blessing
G3005;2;Owsianowski;Dittmar;;-668217600000;+491798481487;;;Reutlingen;ja;ZP7drhYbivrMCOabooh6;Blessing
G3006;2;RUBAS;Christine;;1967-06-27;+4917664470306;;christine.rubas@uni-tuebingen.de;Tübingen;nein;ZPHWiad7rhsL8qk06fr5;Blessing
G3006;2;Rubas;Christine Gabriele;;1967-06-27;+4917664470306;;;Tübingen;nein;zdrz92i5fldbraNp5gp1;Blessing
G3007;2;Schütz;Anna;;1997-09-26;+436763550270;+4970728325;;Wien;nein;ZR2xRGoZGqGdqoJiqylx;Blessing
G3007;2;Schütz;Anna;;1997-09-26;+436763550270;;anni_schuetz@t-online.de;;nein;qhuvW036eRvQjN8t8s6y;Blessing
G3008;2;Wolfram;Lena;;2000-05-17;+491715408502;;ray22@arcor.de;Grafenberg;nein;ZUJWfSYN7f7jcv6PjxCz;Blessing
G3008;2;Wolfram;Lena;;2000-05-17;+491602308802;;;;nein;qu9JoKkpo7uuf6vC8Vlm;Blessing
G3009;2;Pellegrin;Christophe;;1967-10-03;505292;;;Reutlingen;nein;yA5q5ngamTDlBxf8S1l8;Blessing
G3009;2;Pelligrin;Christophe;;1967-10-03;;;;;nein;ZUyl8371hyThpz8DC2kG;Blessing
G3010;2;Mailänder;Constanze;;;+4917623949129;;constanze@mai-laender.de;;nein;ZXquIDqV9rEREab9PRT3;Blessing
G3010;2;Mailänder;Constanze;;1982-02-11;+4917623949129;;;Kirchheim;nein;t58SJCnH9pX4UxTzSAEA;Blessing
G3011;2;Gollmer;Barbara;;-212544000000;+491716431334;;;;nein;b3LQHMEPPxnmo5zUQHOE;Blessing
G3011;2;Kolmer;Barbara;;;+491716431334;;;;nein;ZZ32ehtU1BtXMiV7kqrw;Blessing
G3012;2;Weiß;Mika;;2001-02-10;+4917623522339;;mikagriffinweiss@web.de;;nein;ZZl52P1J81Q0c5DIAqk7;Blessing
G3012;2;Weiß;Mika Griffin;;2001-02-10;+4917623522339;;;Reutlingen;nein;uWeYS6ZJoB214yVjvPi3;Blessing
G3013;2;Yanagaiya;Izumi;;1957-12-04;;;;;nein;ct8StnnYuPP094ys5LeE;Blessing
G3013;2;Yanagiya;Izumi;;-381110400000;+329268;;;Reutlingen;ja;Zav2w4LjpdcCQIIamdym;Blessing
G3014;2;Demirov;Milaim;;1966-11-03;+4917622345167;;;Reutlingen;nein;d7cnK4KxzJW0Y5F6Zj0F;Blessing
G3014;2;Demirov;Milayim;;1966-11-03;+4917623345167;;;;nein;ZbFmmAl4ptSDgK8ZQl2I;Blessing
G3015;2;ROBBEL;NATASCHA;;1971-11-21;;+4971243299763;;;nein;nJ58nHS8aIG1irTsd2kL;Blessing
G3015;2;Wrobbel;Natascha;;59529600000;;+4971243299763;;Trochtelfingen;nein;Zbk7refcAwLOWPz0pssA;Blessing
G3016;2;Tiefenbacher;Julia;;1978-01-25;;;;Reutlingen;nein;ZfBwzOwqh6ur68JCvgDz;Blessing
G3016;2;Tiefenbacher;Julia;;1978-01-25;;+4971211688708;juliatiefenbacher@t-online.de;;nein;xs9wh6dprhDho7OsACkk;Blessing
G3017;2;Maier;Julian;;2022-04-01;+4917660964863;;matthias.maier@mail.de;;nein;Zj0lSDJZcp0rU4enBiAY;Blessing
G3017;2;Maier;Julian;;2022-04-01;+4917643533316;;nathalie_kusior@web.de;Mössingen;nein;hhTyakFguQDwj9TrX3zC;Blessing
G3018;2;Eder;Heinz;;-1035158400000;;+49712336191;;Grafenberg;nein;ZjSsZ6bedrbcDGKiyC70;Blessing
G3018;2;Eder;Heinz;;-1035158400000;;;;;nein;r54KljKm0OZGLskP1r4A;Blessing
G3019;2;fracez;piort;;1972-10-07;+491735467865;;;;nein;vGnWMaZDP0IV6vt2t5O6;Blessing
G3019;2;Fraczek;Piotr;;1972-10-07;+491735467865;;;Metzingen;nein;Zlq8oZ6CZMEidK9lPTfk;Blessing
G3020;2;Marx;Sabine;;-314841600000;;+49712722376;;Neckartenzlingen;nein;ZmkVIp4JzHlEY6uueYfR;Blessing
G3020;2;Marx;Sabine;;-314841600000;;0712722376;;;nein;ozxtAewCpm6cGI5Xsh5f;Blessing
G3021;2;Held;Elke;;1971-03-31;+4915228428877;;teheld@web.de;;nein;ZnKnNnVIEbivpaEOpmky;Blessing
G3021;2;Held;Elke;;1971-03-31;+4915228428877;270072;;Kusterdingen;nein;g6HWy8iOwC3li6luOw62;Blessing
G3022;2;Hauschel- Harter;Eveline;;1984-10-23;+491716958245;;evi-h84@web.de;;nein;gH7afawdbXLZjtvSxS6j;Blessing
G3022;2;Hauschel-Harter;Eveline;;1984-10-23;+491716958245;;;Metzingen;nein;Zqiav7bqQakTutW8S6yD;Blessing
G3023;2;ulrich;claudia;;;+491787799436;;;;nein;ZrqAHzib34HEnF310cWv;Blessing
G3023;2;Ulrich;Claudia;;1961-09-02;+491787799436;;;Reutlingen;nein;zpf9HzVTEnBiYMDrslcE;Blessing
G3024;2;Sip;Juergen;;;+491605657611;;jurgensip@gmail.com;;ja;ZsOo8CSsqiSD697jMsFq;Blessing
G3024;2;Sip;Jürgen;;1987-07-02;+491605657611;;jurgensip@gmail.com;Reutlingen;nein;qpqAdIcNi3gqO8HNqvCk;Blessing
G3025;2;Schneider;Tatjana;;;+4915772008580;;;;nein;j2EHirjo1srpKJGQygf3;Blessing
G3025;2;Schneider;Tetyana;;;+4915772008580;;;;nein;Zsj3oNHKB8kByuJCtLHF;Blessing
G3026;2;Thummerer;Susanne;;1990-07-03;+4915771761429;;;Kusterdingen;nein;ZtTVtDjdhcuoA4ByQfib;Blessing
G3026;2;Thummerer;Susanne;;1990-07-03;+4915771761429;;susannethummerer@gmx.de;;nein;wd38WyzhTIF98LbVqSkT;Blessing
G3027;2;Merkel;Alexander;;1960-07-27;;138277;;Reutlingen;nein;ZtXtmQvc3SVRJtci0IdY;Blessing
G3027;2;merkel;alexander;;1960-07-27;;+497121138277;;;nein;hrtR7ayUGpFmW0v8fuqx;Blessing
G3028;2;Bleiber;Wolfgang;;1961-02-20;+491727625303;;hbleiber@t-online.de;Eningen;nein;ZtnehBnYTs8z8yteQQC2;Blessing
G3028;2;Bleiber;Wolfgang;;1961-02-20;+491729887428;;w.bleiber@bleiber-immobilien.de;Eningen unter Achalm;nein;cz5b2yReLhEEPrcTWnev;Blessing
G3029;2;oUroumidis;Maria;;1971-04-07;;;;;nein;ZvEAXlYbkodmNj1WhrwC;Blessing
G3029;2;Ouroumidis;Maria;;1971-04-07;+4915787054179;;;Metzingen;nein;jY5eWKPqLGmNK2wBI8qS;Blessing
G3030;2;Naujokfs;Selina;;1996-05-03;;;;;nein;co4U85EWs495EazeFxh8;Blessing
G3030;2;Naujoks;Selina;;1996-05-03;+4916242175880;;;Metzingen;nein;Zw88z3JIyKAqOH20dFOV;Blessing
G3031;2;Baierl;Luisa;;2006-04-14;+4915234274839;;a.bansemer@gmx.de;;nein;ZwumtbstfoIaLVupGUv7;Blessing
G3031;2;Baierl;Luisa Anna;;2006-04-14;+4917683416826;+497123206788;;Metzingen;nein;ngmewA23xX1dFYAGuiIY;Blessing
G3032;2;schnitzler;anika;;2007-01-09;;;;;nein;ZyHnD4wgQzl1gHrsvYze;Blessing
G3032;2;Schnizler;Annika;;2007-01-09;;;;Reutlingen;nein;eW0S1ygs7Vc1iTA5oySJ;Blessing
G3033;2;Oberegger;Leonie;;2007-04-07;+4915906215897;;leojohn1807@gmail.com;Münsingen;nein;ZyNz3V9P1PkLDfvIRSxA;Blessing
G3033;2;Oberegger;Leonie-Marie;;2007-04-07;+4915906215897;;;Münsingen;nein;uimdgrusz4Eyxf7Bkfau;Blessing
G3034;2;Kirschbaum;Edeltraud;;-462240000000;+4915223199249;+497121509707;kiba_family@t-online.de;;ja;ZyUDHLjLVmJpZgSlYzIx;Blessing
G3034;2;Kirschbaum;Edeltraud;;-462240000000;;5098707;;Reutlingen;nein;bdPxH3FTMeyh7Ka5CS2T;Blessing
G3035;2;Kourmo;Mohamad;;1987-01-01;;+491526692196;;Reutlingen;nein;ZzHgglymepFXibv2wV6z;Blessing
G3035;2;kurmo;mohammad;;1987-01-01;+491772272020;;;;nein;yAIsQSzKtpATVf52sTrf;Blessing
G3036;2;Sier;Nina;;908928000000;+491749877363;621537;ninasier@web.de;Wannweil;nein;ZzxqUsSYqp47sknt0eZM;Blessing
G3036;2;Sier;Nina;;1998-10-21;+491749877363;;ninasier@web.de;;nein;oBQXbkkPvcuECQWvTYM0;Blessing
G3037;2;Bork;Regine;;1959-11-07;+4917647290693;;reginebork@web.de;;nein;a1NjccaRLEjgrkRoGyjM;Blessing
G3037;2;Bork;Regine;;1959-11-07;;+49702245342;;Nuertingen;nein;tIrLPUX8quV2Dw8MPnTb;Blessing
G3038;2;Pinho da Fonseca Conceicao;Rosa Maria;;1963-10-22;+4915787229226;;;Reutlingen;nein;ohiwSmDP2kPbwwn0UKgo;Blessing
G3038;2;Pino da Fonseca Conceicao;Rosa Maria;;-195523200000;;;;;nein;a5pE8OTGAM8nCWbj7qcv;Blessing
G3039;2;Weiss;axxel;;1985-04-06;+4917620048687;;axel_weiss@gmx.de;;nein;a6jpjgWmekMlsM170t3f;Blessing
G3039;2;Weiß;Axel Björn;;1985-04-06;+4917620048687;;;Reutlingen;nein;q3AoQeISQadhplccDzjv;Blessing
G3040;2;Azamah;Joy;;1972-05-05;;;;;nein;a7xYFhhm6aG8pXgMEa4F;Blessing
G3040;2;Azamah;Joy-Ngwane;;73872000000;+491726046524;;;Reutlingen;ja;wD9JWff9LvCPOSpq1KaL;Blessing
G3041;2;Brussas;Daniel;;1991-12-06;+491747622092;;d.brussas@live.de;Reutlingen;nein;a9j0fobAu0m5i4oC98dF;Blessing
G3041;2;Brussas;Daniel;;1991-12-06;;340788;;Reutlingen;nein;dspvp0UZoFP8c6p7X2KZ;Blessing
G3042;2;Berger;Michaela;;1959-07-26;;+497129694666;;Lichtenstein;nein;a9suoEmb4XnGEeQ9TPZF;Blessing
G3042;2;Berger;Michaela;;1959-07-26;;+497129694666;fredi-berger@gmx.de;Lichtenstein;nein;lB6u42UAxmTvriUBFmM9;Blessing
G3043;2;rall;christoph;;;;+49712342014;;;nein;aChVnVcNtpKM5lSGRjZ5;Blessing
G3043;2;Rall;Christoph;;1968-12-20;;+49712342014;;Metzingen;nein;dtASylkh4D3XizIizR6A;Blessing
G3044;2;Zschiesche;Lora;;1939-06-13;;+49712333429;;;nein;ysAQJOfaMVxTLoyqBmYI;Blessing
G3044;2;Zschiesche;Nora;;1939-06-13;;+49712333429;;Metzingen;nein;aFNyQYqbYUj3J7zeKnKY;Blessing
G3045;2;Chroscz;Günter;;1952-08-06;+491771884575;;;Metzingen;nein;yrQRUoVI2ydSbjV9UR4d;Blessing
G3045;2;Zhroscs;Günter;;1952-08-06;+491771884575;;;;nein;aFi8l6HT1nfd7GpCbktU;Blessing
G3046;2;Yurchak;Artem;;1210723200000;+380664321762;;artem.yurchak@gmail.com;Münsingen;ja;aGC2JD7ocWGAbNRS16rS;Blessing
G3046;2;Yurchak;Artem;;;+4917621514573;;artem.yurchak@gmail.com;;ja;oVNTjHmVithYmFGGCs9P;Blessing
G3047;2;Klemp;Rolf;;;+49 1575 4602665;;rolf.klemp@freenet.de;;ja;aI1m9JXvPfl6gn2Gmkho;Blessing
G3047;2;Klemp;Rolf;;1956-02-26;;+49712318876;rolf.klemp@freenet.de;Metzingen;nein;cH4TW64Di3RZLdwsQEYs;Blessing
G3048;2;Schoppa;Daniel;;1995-02-20;+4917639603455;;;Reutlingen;nein;aMxDtCAW3xyvqIwRQcks;Blessing
G3048;2;Schoppa;Daniel Damian;;1995-02-20;+4917634603455;;danielschoppa@hotmail.de;;nein;rN9gvXeMrAIlCtzSL0BV;Blessing
G3049;2;Ries;Irmgard;;1942-05-24;;+4971292282;;Lichtenstein;nein;omC0kYlikY9ltgSh2Zhj;Blessing
G3049;2;riess;irngart;;1942-05-24;;+4971292282;;;nein;aOTWclPsb71tlExRYbVJ;Blessing
G3050;2;Reck;Jochen;;1991-02-06;+491629059419;+497388854;;Trochtelfingen;nein;aOYJ7ZCgsiUtI5SqbOKL;Blessing
G3050;2;Reck;Jochen;;1991-02-06;+491629059419;;jochen.reck@web.de;;nein;f2Uu49uz7RLtTCgICUon;Blessing
G3051;2;Reichert;Nele;;2016-08-11;+491727558121;01727558121;denise.beuttner@gmx.de;Nürtingen;nein;j5bS0SlpCvvw88TNyIQz;Blessing
G3051;2;Reichert;Nele Ida;;2016-08-11;;+4970229900888;;Nürtingen;nein;aPGpV4tvOZOaecak75zM;Blessing
G3052;2;Schmidberger;Vanessa;;1991-10-18;+4917664442187;;nessa_91@gmx.de;;nein;aPYCmloUYvVEoR4Sd7rV;Blessing
G3052;2;Schmidberger;Vanessa;;1991-10-18;+491766442187;;;Schömberg;nein;p7vfl2QeaqSxp97tJbqc;Blessing
G3053;2;Breitkreutz;Anne;;1987-10-13;+491637492213;;;Reutlingen;nein;wv250LwUKr3HoIKV00rH;Blessing
G3053;2;Breitkreutz;Anne Lilli;;1987-10-13;+491637492213;;anne.breitkreutz@gmx.de;;nein;aQtM5mDlHCu1ztRkMidk;Blessing
G3054;2;Zipperer;Elfriede;;1940-04-11;;+49712182920;wolfzipperer@t-online.de;Reutlingen;nein;aR2ZXUEG3tWKs2Ae8Mw7;Blessing
G3054;2;Zipperer;Elfriede;;1940-04-11;;82920;;Eningen;nein;u0VGWJ42oAGoTqci4DPn;Blessing
G3055;2;Schäffer;Svenja;;1991-08-11;+4915733190696;;;Reutlingen;nein;aRPlkKHri1sIsn9dgofK;Blessing
G3055;2;Schäffer;Svenja;;1991-08-11;+4915733190696;;svenja-9@gmx.de;;nein;nJ5g1v4O9ZXeP2MTzMBb;Blessing
G3056;2;Gerwin;Doris;;-138499200000;;+49712342838;dorisgerwin@gmx.de;Metzingen;nein;aSFfYkKxHeUkH869uRWE;Blessing
G3056;2;Gerwin;Doris;;;+49 1575 8261928;;dorisgerwin@gmx.de;;ja;dQS9dTvVlnldv2bPRJNE;Blessing
G3057;2;Stor;Brigitte;;64281600000;+4917680412482;;brigitte.stor@gmail.com;;ja;aTFJTn2j8WgOj4mwwVKd;Blessing
G3057;2;Stor;Brigitte;;64281600000;+4917680412482;504493;brigitte.stor@gmail.com;Reutlingen;ja;s9Ix9OLRcJLT1pzC3iiP;Blessing
G3058;2;Frehli;Armin;;;+4917685928500;;;;nein;aV83thXZYBpsoUXi1imP;Blessing
G3058;2;Fröhlich;Armin;;1959-05-08;+4917685928500;;af.floridaroom8@gmail.com;Reutlingen;nein;vxSUGS7BDLS8E4vOCHX9;Blessing
G3059;2;Straub;Silvia;;-20563200000;+491715331992;;silvia.straub@gmx.net;Metzingen;ja;ctNCZgv69pjEO97lq0OA;Blessing
G3059;2;Taub;Silvia;;;+491715331992;;;;nein;aVS8lBBRsmjWZXqk0jk4;Blessing
G3060;2;Stenzel;Joachim;;1953-07-23;+491719795488;;js@stenzel-shk.de;;nein;aW32vAabQngepVzKtgKe;Blessing
G3060;2;Stenzel;Joachim;;1953-07-23;;93610;;Reutlingen;nein;oKs8kLpX28R2lMF0JKKs;Blessing
G3061;2;Huber;Heinz;;1955-11-12;;24973;;Reutlingen;nein;aWcrIABUF6TonETRXIIf;Blessing
G3061;2;Hubert;heinz;;1955-11-12;;+49712124973;;;nein;li54dcrzrvCC0rAqmelz;Blessing
G3062;2;Mahommadzai;Zabiullah;;559872000000;+491784160287;;;Metzingen;ja;b5SEvwDkwW99vtIW7JBU;Blessing
G3062;2;Mohammadzai;Zabiullah;;1987-09-29;+491784160287;;zmohammadzai584@gmail.com;;nein;aWo4x3LbIGFzO5EoedJS;Blessing
G3063;2;Reusch;Sina;;1984-07-14;+491701207657;+4971233070078;sinareusch@gmx.de;;nein;aYMnZ5gBjBFb4Z1jAizS;Blessing
G3063;2;Reusch;Sina Sieglinde;;458611200000;+491701207657;1363081;;Reutlingen;ja;kbqX9rhB4Xr8G3FttZg5;Blessing
G3064;2;Volodka;Helga;;1950-12-27;;+49712771392;;Reutlingen;nein;jM1I77myrQ4328Lh9ssj;Blessing
G3064;2;Volotka;Helga;;1950-12-27;;+49712771392;;;nein;abZg7CfF2njXSSwSL6oK;Blessing
G3065;2;Löh;Herbert;;;+4915566479844;;;;nein;lvKINXr80lk65poqNw49;Blessing
G3065;2;Löhr;Herbert;;;+4915566479844;;;;nein;ad2rc9h1P96ZulALDTpB;Blessing
G3066;2;Babaei;Atina;;2000-01-01;;;;Reutlingen;nein;aeIiLNZbz9cqEQclr3RY;Blessing
G3066;2;Babai;Artina;;2000-01-01;;;;;nein;zhEu7BoRPAJevK6eqXBi;Blessing
G3067;2;Talic;Vedad;;2014-01-21;+491749013381;;;Hülben;nein;agx4flcX0JkMktJwurnb;Blessing
G3067;2;Talic;Vedad;;2014-01-21;+4917647634652;;medina1812@hotmail.de;;nein;bSskMUg3GK4PHZFdFVhb;Blessing
G3068;2;Schubert;Stefanie;;1977-07-17;+4917630769954;;stefschubert@gmx.de;Pfullingen;nein;ahTM7FtLzn9oTOGt53b2;Blessing
G3068;2;Schubert;Stefanie;;1977-07-17;;750256;;Pfullingen;nein;tyRxSk4pJyUms3qnOWDF;Blessing
G3069;2;Vicious;Vesna;;1977-04-10;;+4971211365674;;;nein;r27xRogUgHoJhCrSBrVd;Blessing
G3069;2;Vicius;Vesna Patricia;;229478400000;+491747099919;;;Reutlingen;nein;ahrRkRxNgGvJolgLH0rE;Blessing
G3070;2;Miller;Viktor;;-444182400000;+4915736113505;;marina.artemcik@gmail.com;Reutlingen;nein;aiclEx8xRcDP7CfCFZ8j;Blessing
G3070;2;Miller;Viktor;;-444182400000;;;;;nein;sk8z9i31Mc3eWIkvAfTs;Blessing
G3071;2;Pfister;Marie-Louise;;2000-01-05;+4915224134497;;maloupfister@icloud.com;LYON;nein;aixwyNo5a8gCyJYBP2Ht;Blessing
G3071;2;Pfister;Marie-Louise;;2000-01-05;+4915224134497;204650;;Leipzig;nein;zmMVpJu7K49B4NIEvmF2;Blessing
G3072;2;Brunner;Johannes;;2003-11-18;+4915140070428;;johannes.brunner18@web.de;;nein;akwAnu6idfF2nnrhRX51;Blessing
G3072;2;Brunner;Johannes;;2003-11-18;;1361342;johannes.brummer@web.de;Reutlingen;nein;mDXkTVD6J6JO67sm0xUf;Blessing
G3073;2;Hartmann;Marilena;;2000-01-16;;;;Reutlingen;nein;aowKHC8aD3uuj9b21JPJ;Blessing
G3073;2;Hartmann;Marilena;;2000-01-16;;;;Reutlingen;nein;bn963F0QRcwp79KDak7S;Blessing
G3074;2;Schmiedel;julia;;1996-01-29;+4916093366520;;;;nein;aqzzcmnTog6MomQ7Gidf;Blessing
G3074;2;Schmiedl;Julia;;1996-01-29;+4916093366520;;;Reutlingen;nein;wra0yIcv04YRzVohJwGA;Blessing
G3075;2;Hermann;Elma;;1966-12-06;+49 1578 5802656;+4973813521;florisahermann@web.de;;ja;ar5XwdJV9QsVJXzxLOGL;Blessing
G3075;2;Hermann;Elma;;1966-12-06;;+4973813521;florisahermann@web.de;Münsingen;nein;zktKnY7eg9uEskWzJ729;Blessing
G3076;2;Fadzan;Aid;;1269043200000;+4915234516869;1389601;berinafazi@gmail.com;Reutlingen;ja;gDpKdydxPQ1u5o44AdGL;Blessing
G3076;2;Fadžan;Aid;;2010-03-20;+4915111234200;;bih8@live.de;;nein;arOTyI6keFVMELUQN521;Blessing
G3077;2;Marchal;Anna;;2010-11-26;;+4971278114616;;Altdorf;nein;atKW2QixFexJxT8x1s0P;Blessing
G3077;2;Marchal;Anna Edita;;2010-11-26;;+4971279482634;;Altdorf;nein;wjKfND5UeLv1swSZ2Fcz;Blessing
G3078;2;Maaß;Samuel;;2017-03-30;;+4971211392836;sn.maass@web.de;Reutlingen;nein;atKeROuynDHHmPqMRoYG;Blessing
G3078;2;Maaß;Samuel;;2017-03-30;+491713881876;;;Reutlingen;nein;h7Rg9TgLBKXTnkms5X87;Blessing
G3079;2;Fütterer;sonja;;;;+4970258705248;;;nein;aul56cGcyoAiS21yIYti;Blessing
G3079;2;Fütterer;Sonja;;1979-03-21;;+4970258705248;;Neuffen;nein;rAum8XxKrpo2qlNsKxt4;Blessing
G3080;2;Schilling;Else;;1941-03-19;;+4973825944;;Römerstein;nein;aybknz7wjwdC6ivbUZTD;Blessing
G3080;2;Schilling;Else;;1941-03-19;;+49712788659;info@stuckateur-mueller.de;;nein;jKUGIaFZ74FKlfmTrPvg;Blessing
G3081;2;Schmid;Elsbet;;1948-06-16;;+4971232590;;;nein;azitB2p0OzDZvzWdWFit;Blessing
G3081;2;Schmid;Elsbeth;;1948-06-16;;+4971232590;;Metzingen;nein;vXz90eZwT8FHNaJm71Xm;Blessing
G3082;2;Ukshini;Kujtim;;1980-09-20;;+49157373993835;urshinikujtim@hotmail.com;Reutlingen;nein;b2SnLeNBR00x0ynceoHI;Blessing
G3082;2;Ukshini;Kujtin;;1980-09-20;+4915737593835;;;;nein;qH8P1r9QQk6biZ04hyC5;Blessing
G3083;2;Schweikardt;Iris Regina;;-254966400000;;+4970726657;;Gomaringen;nein;uxKpIs4ihqkkH0QV0Zr9;Blessing
G3083;2;Schweikhardt;Iris;;-254966400000;;;;;nein;b3yKehX8crB7Tx8pwCWm;Blessing
G3084;2;toth;eszter;;2005-11-14;+4917636587018;;e.toth1411@gmail.com;;nein;b5YZlaUxc2Pgb9HKuMth;Blessing
G3084;2;Toth;Eszter;;2005-11-14;+4915225300922;;erikatoth@gmx.net;Reutlingen;nein;wyCrX8oreo93qP8xUqBd;Blessing
G3085;2;Kaiser;Wendelin;;1985-04-15;+4915732444585;;w-kaiser@hotmail.de;Bendorf;ja;nes6Buq6EzEpRIU4ADla;Blessing
G3085;2;Kaiser;Wendelin-Friedrich;;482371200000;+4915732444585;;;Reutlingen;ja;b5pQj9IJ9VqWwxCpKVfp;Blessing
G3086;2;binder;rene-alexander;;1977-01-03;+4915224168148;;;;nein;b7rk2uIXaRkRrjPnKVYz;Blessing
G3086;2;Binder;Rene-Alexander;;1977-01-03;;;;Reutlingen;nein;jEor8vmu5yoUPxlr5rXR;Blessing
G3087;2;Gebhart;Rosemarie;;1928-11-13;;;;;nein;b8KWONF7tNSwoLj2YuDK;Blessing
G3087;2;Gebhart;Rosemarie;;1928-11-13;+491722490009;55743;;Wannweil;nein;mdztvv7W9aboGsp8Dlhh;Blessing
G3088;2;Auch;Fabian;;1977-05-24;+4915123057556;;fabianauch@web.de;Reutlingen;nein;b9b3dkffdkvsJHSWrlQW;Blessing
G3088;2;Auch;Fabian;;;+49 01512 3057556;;fabianauch@web.de;;ja;gNf2FjcDw0W90F1g4DvA;Blessing
G3089;2;Kosgalwis;Mario;;1971-06-30;+491786688137;;mariokosgalwis@web.de;;nein;bAwA0KvtjwonnUOVftua;Blessing
G3089;2;Kosgalwis;Mario;;1971-06-30;+491707730671;;;Reutlingen;nein;eHNMuxStiY7cb0GZAcT3;Blessing
G3090;2;Sayer;Willi;;1950-09-30;+4915751334141;;;Hirrlingen;nein;bCnHDiWvIijM4l40jG6t;Blessing
G3090;2;Seyer;Willi;;1950-09-30;;;;;nein;jk9Tj6xglhnLQ36t6dZN;Blessing
G3091;2;Kütterer;Susanne;;1966-06-19;;+49712771040;;Reutlingen;nein;bD4w8LfnkbWn0iVurNGI;Blessing
G3091;2;Kütterer;Susanne;;1966-06-19;;+49712771040;susekuetterer@gmail.com;;nein;sWQAvU3ruZl9mWm9RCo3;Blessing
G3092;2;Gottwald;Petra;;-168739200000;+4915776442994;;ulrich.gottwald@web.de;;ja;bEXilzCEZSDnDXpG8ork;Blessing
G3092;2;Gottwald;Petra;;1964-08-27;;+4971234930;;Metzingen;nein;xGx1VjwIrKHep0o4j4I8;Blessing
G3093;2;Soylu;Nejla;;-164505600000;+4917670933183;;;Bad Urach;ja;bGrXBAybY9a3lNkcei81;Blessing
G3093;2;SOYLU;NELA;;1964-10-15;+4917670933183;;;;nein;iqlGEaPZfWPYmSfwgfRr;Blessing
G3094;2;Schlipphak;Elke;;1963-11-01;+491739803262;+49712340633;;Metzingen;nein;bGsPnFx5qQV2vOuSD1A4;Blessing
G3094;2;Schlipphak;Elke;;1963-11-01;;+49712360433;famschlipphak@web.de;Metzingen;nein;jwEgZnYFpb7KUNYGX3zf;Blessing
G3095;2;Buchfink;Regina;;-180403200000;+4915756387214;+497025842472;;Kohlberg;ja;bHHdtVsVLXie2ZAVExcc;Blessing
G3095;2;Buchfink;Regina;;1964-04-14;+4915756387214;;fusspflege1001@gmail.com;;nein;cJNimRoAzwxF6CvuoE4X;Blessing
G3096;2;Freise;Bettina;;-60393600000;;+497121300492;bettina_freise@online.de;Reutlingen;nein;bHQdt2c8UhVR7SnOCtVE;Blessing
G3096;2;Freise;Bettina;;1968-02-02;;300492;;Reutlingen;nein;bjLevS2DtzGiGkbldAhh;Blessing
G3097;2;Hartmann;Karin;;-469065600000;;+497125939998;;Bad Urach;nein;bHqiAGsiZsnzIe85eMCO;Blessing
G3097;2;Hartmann;Karin;;1955-02-20;+491727318717;;kh1@gmx.eu;;nein;enwDnitNlqG2Ez0EyalN;Blessing
G3098;2;Akdemir;Baris;;1975-07-08;+4915753345616;1380933;;Reutlingen;nein;bInfE5CCxRhtt541MW01;Blessing
G3098;2;Akdemir;Baris;;1975-07-08;;;;Reutlingen;nein;zHKh1ytyfrmFhGdL8I4a;Blessing
G3099;2;Basyigit;Muhammed-Ali;;1976-02-01;;320493;;Reutlingen;nein;bKnxf00UGyrlmkTBGS8U;Blessing
G3099;2;Basyigit;Muhammet Ali;;1976-02-01;+4917623486779;;;Reutlingen;nein;bqWdoWJpvhOi3nFKadtR;Blessing
G3100;2;Klingenstein;Maria;;2000-09-24;+4915735399966;;klingenstein.m@gmail.com;;nein;bQSwqHnKQZCDkzQ7ycn7;Blessing
G3100;2;Klingenstein;Maria;;2000-09-24;;+497124931429;klingelstein.m@gmail.com;Trochtelfingen;nein;tueWJCM3FBJk95dmxZk6;Blessing
G3101;2;Dietz;Inge;;1941-03-29;;+49702543444;;;nein;r7gm4mvDU7Em7nVa7lmV;Blessing
G3101;2;Diez;Inge;;1941-03-29;;+4970254344;;Neuffen;nein;bRrHZ33QXg9hSZMCwbmq;Blessing
G3102;2;Enzle;Yannik;;;+49 176 64840420;;yannik.enzle@hotmail.de;;ja;bS37rhkQ0nWLkfoWRJR5;Blessing
G3102;2;Enzle;Yannik;;;+49 176 64840420;;yannik.enzle@hotmail.de;;ja;zePcCPB6F7jmXmATzsqv;Blessing
G3103;2;Ebert;Michael;;1959-12-22;;+49712151144;tanjasandra@aol.com;Reutlingen;nein;bT6ZwECtLo6lpq8dWL5y;Blessing
G3103;2;Ebert;Michael;;;+49 1573 3670282;;tanjasandra@aol.com;;ja;kF1wXDIk7KI5RgWux889;Blessing
G3104;2;Vielfort;France;;;;+49712145616;;;nein;bUNC4b17hZW4F02g0ykd;Blessing
G3104;2;Villforth;France;;1939-01-23;;+49712145616;;Reutlingen;nein;xzZbX4cjMH925vGpKu9X;Blessing
G3105;2;Liebstückel;Leonard;;2008-10-16;+4917649959719;;henriette@liebstueckel.de;Reutlingen;nein;bVE2BUwUYj0tADWSlQn8;Blessing
G3105;2;Liebstückel;Leonard Stefan;;2008-10-16;+4917649959719;;henriette@liebstueckel.de;Reutlingen;nein;vwNhCnNJQ5Qb3Eo99Gj0;Blessing
G3106;2;Gonzalez Pino;Beatriz;;1989-08-29;+4917684258268;;;Reutlingen;nein;mWl0VzvU0JkQEx8BzAi9;Blessing
G3106;2;González Pino;Beatriz;;1989-08-29;+4917684258269;;b.gonzalezpino@gmx.es;;nein;bW68glZYUOaIElXSCsl1;Blessing
G3107;2;Becker;Ronja;;;+4915146773202;;;;nein;bXLdWPVEFsiTwJDXNg2p;Blessing
G3107;2;Becker;Ronja;;1998-11-27;+4915146773202;;;Herbstein;nein;zEMG5IDKo9YeHFxsDOrB;Blessing
G3108;2;Reiber;Ulrike;;1974-06-09;+4917631518393;;;Beuren;nein;bYchFfyrbx95aUZ1TLHw;Blessing
G3108;2;Reiber;Ulrike;;;+4917631518393;;;;nein;uWX6C9yo52AceDpvNFS3;Blessing
G3109;2;Baisch;Julian;;1995-08-01;+4915125809225;;julian.baisch@t-online.de;Grafenberg;nein;bZsqmz1f57UR5E90Ex7z;Blessing
G3109;2;Baisch;Julian;;1995-08-01;+4915125809225;;julian.baisch@t-online.de;;nein;suWGtCzaly8W0jbrDHDL;Blessing
G3110;2;Rall;Wolfgang;;-733968000000;;+49712331088;;Riederich;nein;uPWPK8WUZWsZViK21Y9d;Blessing
G3110;2;Rhall;Wolfgang;;1946-09-29;;+49712331088;;;nein;baMkEYLMZEbqbAq2Woxz;Blessing
G3111;2;Mincheva;Zornitsa;;2007-09-25;+4917688234589;;anita_mincheva@abv.bg;;nein;fhAJnH0ea7ebyUoeaLmJ;Blessing
G3111;2;Mincheva;Zornitsa Rosenova;;2007-09-25;+4917688234589;;;Metzingen;nein;bdQClI5MwRAGGUNF8ZLo;Blessing
G3112;2;heinzelmann;lotta;;2009-04-21;;+4975749368705;;;nein;h37Ktixt1asae5Kh2etl;Blessing
G3112;2;Heinzelmann;Lotta Emely;;2009-04-21;;+4975749368705;;Gammertingen;nein;bgiAEn3oylCOyXL6mk0E;Blessing
G3113;2;Schlösser;Cornelia;;1969-01-22;+491782966440;+49178296640;connyschlosser28@gmail.com;Mössingen;nein;bi3AB7aJlDFJjm7ynVfK;Blessing
G3113;2;Schlösser;Cornelia;;1969-01-22;+491782966440;;connyschlosser28@gmail.com;Mössingen;nein;cPtoNXHGG3sqpIdso9mu;Blessing
G3114;2;Veit;Natalia;;;+49 162 5173271;;natalia58@t-online.de;;ja;biE3X6fYpNE1XPsGhZjb;Blessing
G3114;2;Veit;Natalia;;1958-05-02;;+497129922719;natalia58@t-online.de;Lichtenstein;nein;fyupOoQiDtrdOsQ9Wh9o;Blessing
G3115;2;Molkenthin;Theresa;;2005-02-12;+4915753732039;;theresa.molkenthin@apis-pfullingen.de;;nein;t60lEGEL3niEfTnVTiJY;Blessing
G3115;2;Molkenthin;Theresa Marie;;2005-02-12;;+497129691921;;Lichtenstein;nein;biKlODoKZp5fEWVv2wWF;Blessing
G3116;2;Künstle;Matthias;;2002-08-29;;+49712361902;matthias.kuenstle@gmx.net;Metzingen;nein;bjlvzAY6LQ0Fas9WsbUG;Blessing
G3116;2;Künstle;Matthias;;2002-08-29;+4915229298898;;famkuenstle@gmx.net;Metzingen;nein;cPpxtJRJx6WEjYsW9c3m;Blessing
G3117;2;Bahtikara;Nülüfer;;1981-03-31;+4917660993228;;;Reutlingen;nein;bllNubyRIvWZyVzvMSep;Blessing
G3117;2;Bahtikara;Nülüfer;;1981-03-31;+491727505319;;;Reutlingen;nein;kjEpmuzW8figMKhrI1OD;Blessing
G3118;2;schur;Fritz;;-316742400000;;;;;nein;bpBhzU6lHmQNPZb5wpIq;Blessing
G3118;2;Schur;Fritz;;-316742400000;;+4970255532;;Kohlberg;nein;zrhZ8cdbF84trtSCVGLb;Blessing
G3119;2;Tziridis;Inessa;;2010-08-22;;;;Metzingen;nein;bpm5IBegCqi7DENUrnvI;Blessing
G3119;2;Tziridis;Inessa;;2010-08-22;+4915732298639;;spomertatjana@web.de;Metzingen;nein;cjQ1eMDcIvjjUd7L97T2;Blessing
G3120;2;Michels;Lukas;;2007-10-02;+491794837290;;andrea@fruitcake.de;;nein;bqplLJeOXiQoBXcrGG3m;Blessing
G3120;2;Michels;Lukas Daniel;;2007-10-02;;337095;;Reutlingen;nein;v3l6GWdlrYPjHIfcHe0R;Blessing
G3121;2;Reichle;Miriam Christin;;1990-08-29;;;;Reutlingen;nein;bsD9r2RXBisk0ihYzkQ1;Blessing
G3121;2;Reichle;Miriam Cristin;;1990-08-29;+4917621047900;;;Reutlingen;nein;v4z2JiuvsthLDdkG7ZF1;Blessing
G3122;2;Span;Alexandra;;2004-10-01;;+4971216954267;baiertatjana_140584@hotmail.com;;nein;bsRd1bB45SjRB0GC2iiI;Blessing
G3122;2;Span;Alexandra;;2004-10-01;;;;Reutlingen;nein;wOuCJoligij5siHPcuMV;Blessing
G3123;2;Kußmaul;Walter;;-638755200000;+4915146632563;;kussmaul-walter@t-online.de;Bondorf;ja;bwgzWvyEGxnLj5q96Bbc;Blessing
G3123;2;Kußmaul;Walter;;1949-10-05;+4915146632563;074572855;kussmaul-walter@t-online.de;;ja;mWQ620bI7WsXSYe6xino;Blessing
G3124;2;Kerri;Shpresa;;1984-12-08;+4915212490798;;shpresa.s13@gmail.com;;nein;bxBb1TlMMj45vEF0vaHL;Blessing
G3124;2;Kerri;Shpresa;;1984-12-08;+4915212490798;;shpresa.s13@gmail.com;;nein;mwLSswPgPHw3DhEP0pNV;Blessing
G3125;2;Schmid;Gudrun;;1962-12-24;+4915756112651;;;;nein;dpIRbyy8rRSo59YrITSR;Blessing
G3125;2;Schmied;Gudrun;;-221616000000;+4915756112651;;;Bad Urach;ja;bxRFBYUv3rgvSEPzbk7M;Blessing
G3126;2;Troschinski;Ramona;;1962-06-04;;+49712125971;;Reutlingen;nein;bxW7Rmqdj5VdLS86a01u;Blessing
G3126;2;Troschinski;Ramona;;1962-06-04;;+49712125971;troschi62@web.de;Reutlingen;nein;rXI0PrzT8sbllV8aJlno;Blessing
G3127;2;Kirschbaum;Dieter;;-532828800000;+4915223199249;;kiba_family@t-online.de;Reutlingen;ja;c0DQafw8oYZobHvUadVM;Blessing
G3127;2;Kirschbaum;Dieter;;1953-02-12;;509707;;Reutlingen;nein;pju3CtLl7iajNxffC2Oe;Blessing
G3128;2;Berdt;Leon;;2003-09-11;+491733119605;;;;nein;hLBALGseXRZD7duiFRI5;Blessing
G3128;2;Berndt;Leon;;2003-09-11;+4915733119605;;;Metzingen;nein;c0sRYraSsmjmEqqLptgK;Blessing
G3129;2;Geiger;Birgit;;1968-02-13;;+4970257707;;Neuffen;nein;c3ztFiTEUXiB0gFxriWj;Blessing
G3129;2;Geiger;Birgit;;-59443200000;+491789323616;;kpfl.geiger@gmx.de;;ja;tKOqNMbpYy6f0gsjebX9;Blessing
G3130;2;zand;asgar;;;+491743186899;;;;nein;c5368B4mb5KXJcTvlrQv;Blessing
G3130;2;Zand;Asgar;;1972-06-25;+491743186899;;;Gutsbezirk Münsingen;nein;g3wMxU84qYuilI8OJ9sG;Blessing
G3131;2;mensah;dete sylvain;;1992-03-16;+4917663784181;;;;nein;c6DqhylZFBQd8Q6u8GjO;Blessing
G3131;2;Mensah;Tete Sylvain;;1992-03-16;+4917663784181;;;Nürtingen;nein;ymkIGmaS0lGOxFpbnAgT;Blessing
G3132;2;breuer;thomas;;;+491772824703;;;;nein;c8fF8B9VcfD0ChSF1p3n;Blessing
G3132;2;Breuer;Thomas;;1976-12-18;+491772824703;;;Walddorfhäslach;nein;msR4qTOu3Mxy6724G1uK;Blessing
G3133;2;Ulitzsch;Nina;;2004-04-08;;+497121411110;ninaboulder@gmx.de;Freiburg;nein;c9hoK1foVwAaNUwW7yUO;Blessing
G3133;2;Ulitzsch;Nina;;2004-04-08;;+493032176;;Reutlingen;nein;qwhJ4lvjf7W2cWz3Kvak;Blessing
G3134;2;Jonak;Violetta;;1980-04-14;+4917675963441;;;;nein;cAPwGEfEQniaQlpo9bIN;Blessing
G3134;2;Jonak;Wioletta;;1980-04-14;+4917675963441;;wiola_80@web.de;Pliezhausen;nein;cD1M7SCSTEhorTQyuslS;Blessing
G3135;2;Wickberg;Alexander;;1985-09-15;+491717930302;;;Riederich;nein;cBENzHhcFMmci2EeP9vT;Blessing
G3135;2;Wickberg;Alexander;;1985-09-15;+491717930302;;alexwickberg85@gmail.com;Riederich;nein;sIPikBxbOzP8OP52kEvP;Blessing
G3136;2;Conde;Mohamed;;1963-03-15;;;;Reutlingen;nein;cBUaToQmSgLs4nTCr5rf;Blessing
G3136;2;Conde;Mohamed;;1963-03-15;+4915226450849;+496980800;;Reutlingen;nein;rYALCyZGuh1XTAWBqdy7;Blessing
G3137;2;Röhm;Maria;;1931-10-30;+4915734818882;;hummel.b24@gmail.com;;nein;jiyUdvtZzjdmkNQrdqsb;Blessing
G3137;2;Röhm;Marie;;1931-10-30;754639;;;Pfullingen;nein;cDvmuarXHnmWkxh5w0KK;Blessing
G3138;2;Dreher;Melanie;;1984-09-20;+4915736382881;;melaniedreher@hotmail.de;;nein;cFea4tTMvm0N0Ql2hcUy;Blessing
G3138;2;Dreher;Melanie;;1984-09-20;;;;Reutlingen;nein;x886yo1uHsgoCOn4AgYl;Blessing
G3139;2;Yigit;Melisa;;2010-01-31;;+49175265384;;Pfullingen;nein;o4DG1JPqt7SOEdYwikBA;Blessing
G3139;2;Yigit;Melisa Nehir;;2010-01-31;+491776539284;;yagmurguezel94@gmail.com;Pfullingen;nein;cFgDicgAZA6LIJer9hTq;Blessing
G3140;2;Wagner;Elke;;1966-08-11;+4917670408404;;;Pfullingen;nein;cH9QetcFnRLRk20OnCxC;Blessing
G3140;2;Wagner;Elke;;1966-08-11;;+497121790230;wagnere66@gmail.com;;nein;hkpa7k6Gij0qWatQqCCD;Blessing
G3141;2;List;Susanne;;1954-04-18;+491792992601;;;Kernen im Remstal;nein;v7L4NTwRzgddNkNYqdbl;Blessing
G3141;2;List;Sussanne;;1954-04-18;;;;;nein;cJLpzyXcWnPSSG7MzJeO;Blessing
G3142;2;Etri;Muzna;;1960-07-20;;;;;nein;cNQB7KgorD7fyEMn6VF3;Blessing
G3142;2;Etri;Muzna;;1960-07-20;+491794200371;;;Reutlingen;nein;p9YxNILRrK4uC4lSd8Ei;Blessing
G3143;2;Blesch;Julia;;2002-05-29;+4915731088650;;julia.blesch@gmx.de;Heidelberg;nein;cPC6C1vI1yhYpZovKoE8;Blessing
G3143;2;Blesch;Julia Lena;;2002-05-29;+4915731088650;;;Reutlingen;nein;hkYudej2J6kskO3OdGjK;Blessing
G3144;2;Molkenthin;Benedikt;;2003-06-08;+491631382513;;petra.molkenthin@apis-pfullingen.de;;nein;cPsBkdm69wjPWFToiJdX;Blessing
G3144;2;Molkenthin;Benedikt Joel;;2003-06-08;;+497129691921;benedikt.molkenthin@apis-pfullingen.de;Lichtenstein;nein;q5HKEpNQknbFkJzDAdC7;Blessing
G3145;2;Wendelstein;anette;;1970-02-19;+491795151300;;;;nein;cQTli7BHgVIjxAtMrX4H;Blessing
G3145;2;Wendelstein;Annette;;1970-02-19;;+4971233800959;nette111@gmx.de;Metzingen;nein;dDUIqmT3xWTqIeNi8Mix;Blessing
G3146;2;Ahferom;Adal;;1990-04-04;+4915211614618;;;Reutlingen;nein;cVRou2wI9dnJJi7wfrhI;Blessing
G3146;2;Ahferon;Adal;;639187200000;;;;Reutlingen;nein;q95VrAD05rJKi8XEJICn;Blessing
G3147;2;Kopsch;Janina;;2009-11-25;;+4971211394140;kekopsch@gmx.de;Pfullingen;nein;cWcA4tbrti1g7QLbZbZF;Blessing
G3147;2;Kopsch;Janina;;2009-11-25;;+497127972857;;Pfullingen;nein;vI8iYmmZTc4RMYlpCTRP;Blessing
G3148;2;Rieger;Ronja;;2016-09-30;;+497121955999;;Walddorfhäslach;nein;cXnbcgl2Huo3gxEXeEx5;Blessing
G3148;2;Rieger;Ronja;;2016-09-30;+491791177637;;rieger-nina@t-online.de;Walddorfhäslach;nein;dbnyQxCzRXcR8Ioog5l0;Blessing
G3149;2;fassel;Michael;;1955-07-04;;;;;nein;cY6MFn00lYCSwJm5A0RI;Blessing
G3149;2;Fassl;Michael;;-457488000000;+491708667750;;fassl.m@gmx.de;Pliezhausen;ja;gcNM85JZ8JMZVFT1ihCM;Blessing
G3150;2;Blersch;Melanie;;;;;melanieblersch@t-online.de;;ja;kQQ8sheBlG6amksr9mxk;Blessing
G3150;2;Blersch;Melanie Maria;;1990-10-08;+4915777844513;;melanieblersch@t-online.de;Reutlingen;nein;cYVv4YxNoTIqwF3qEbCv;Blessing
G3151;2;Heinz;Frank;;588384000000;+4915207439217;;f_heinzi@web.de;Pfullingen;ja;r2Nzxx3BysDnSgudnamU;Blessing
G3151;2;Heinz;Frank Wilhelm;;1988-08-24;+4915207439217;;f_heinzi@web.de;Pfullingen;nein;ccbo8ACprVLzIGBoH2OY;Blessing
G3152;2;Diegel;Rosemarie;;1939-12-25;;+49712342986;;;nein;cegzyZROB7bpLJ0xMBZ8;Blessing
G3152;2;Digel;Rosemarie;;1939-12-25;;+49712342986;;Metzingen;nein;wii5UXyVIVD5s7oPa9WQ;Blessing
G3153;2;Neuscheler;Dorothee;;229219200000;+491799825970;+49712734484;dneuscheler@web.de;Walddorfhäslach;ja;cfizFnokFkwXyWP6aUtt;Blessing
G3153;2;Neuscheler;Dorothee;;1977-04-07;+491799825970;;dneuscheler@web.de;Walddorfhäslach;nein;lWZ7MjmOFgPsbPlLlvsg;Blessing
G3154;2;Haumann;Guenter;;1933-01-21;;+4971582607;;Filderstadt;nein;tuC5wtt47089X78FT73Q;Blessing
G3154;2;Haumann;Günter;;1933-01-21;+491782848279;;guenter.haumann@web.de;;nein;chUWW4BPFFbuwOeSqGAT;Blessing
G3155;2;Benzel;Martina;;-229219200000;+4915738211687;;martina.benzel@gmail.com;Pliezhausen;nein;ciCf0dIUEorjnmJ4HUrs;Blessing
G3155;2;Benzel;Martina;;1962-09-27;+4915738211687;+49712780241;martina.benzel@gmail.com;Pliezhausen;nein;voYPuNk1IapsW1bI7IYS;Blessing
G3156;2;Schwenkel;Silas;;2005-10-26;+491627814245;+497125408721;schwenkel@kabelbw.de;Hülben;nein;cibjn6WdzccMH9zM42KS;Blessing
G3156;2;Schwenkel;Silas;;2005-10-26;+491627814245;;schwenkel@kabelbw.de;Hülben;nein;sZTh4OVG7c2FKwUaQSsv;Blessing
G3157;2;Schweizer;Cornelia;;1980-04-24;;;;Nürtingen;nein;ckIf0NoyaihYSCbNtUkT;Blessing
G3157;2;Schweizer;Cornelia;;1980-04-24;;;;Nürtingen;nein;ieHsCvb4EljTOUKyU4Qr;Blessing
G3158;2;Osswald;Jill Josy;;2001-04-11;+4915758055589;;;Reutlingen;nein;t8I6AzInoEWJyplBqffq;Blessing
G3158;2;Oßwald;Jill Josy;;;+4915758055589;;jilljosy@outlook.com;;ja;cq9Apz289dBHqzX2cP0T;Blessing
G3159;2;Iwert;Anila;;1971-06-04;+4915734206845;;aniiwert@yahoo.de;;nein;cqLWh3YKzLArJmjAlugM;Blessing
G3159;2;Iwert;Anila;;1971-06-04;+4915734206845;509524;aniiwert@yahoo.de;Wannweil;nein;oiZUfmIlBg7G2pRLJc2V;Blessing
G3160;2;Da piedada Gomes;Marco;;1984-12-24;+4915255273055;;;Tübingen;nein;xNVyp6t4s6scdtuAEEuA;Blessing
G3160;2;da piedade Gomes;Marco;;1984-12-24;+4915255273055;;freundeskreis84@gmail.com;Tübingen;nein;cqRtQnY5VYEeHZDx0R1b;Blessing
G3161;2;Akyüz;Selin;;2004-04-29;+491724316259;;selinakyuez04@gmail.com;;nein;crCaPjFfSo1HEB3cBdOJ;Blessing
G3161;2;Akyüz;Selin;;2004-04-29;;;;Neckartenzlingen;nein;tYRdtDWCRajzlHJn0owX;Blessing
G3162;2;Herold;Jonas;;577756800000;+4915123485922;;;Reutlingen;nein;cvC1Ge7Spzb0WnUGvfZe;Blessing
G3162;2;Herold;Jonas;;577756800000;;;;;nein;tDThvAOd7QQai9jvkdV6;Blessing
G3163;2;Morina;Asllan;;1979-12-12;+4917670127761;;vloramorina@web.de;;nein;cxbD4BP8kxAtWxb3nQai;Blessing
G3163;2;Morina;Asllan;;1979-12-12;+4917684039579;;;Reutlingen;nein;qaWyvjffAIq6h1V1xRzY;Blessing
G3164;2;Heim;Matthias;;1996-07-15;+491605618182;;heimmatthias@yahoo.de;Kirchentellinsfurt;nein;d011a121TXtjJ5FmqvGd;Blessing
G3164;2;Heim;Matthias;;1996-07-15;+491749442772;;heimmatthias@yahoo.de;Kirchentellinsfurt;nein;jPoBLcsqRTyQVac74fOh;Blessing
G3165;2;Walter;Helmut;;-530496000000;;;;;nein;d129ytqnE7S2PiqoxHby;Blessing
G3165;2;Walter;Helmut;;1953-03-11;;210886;;Pfullingen;nein;kgi8C0mtr4CW0WQ2c0Aa;Blessing
G3166;2;Hohensteiner;Richard;;1952-08-06;+491792230167;;;Lenningen;nein;d1xA4fkuS3adND9Qba5V;Blessing
G3166;2;Hohensteiner;Richard Eberhard;;;+49 179 2230167;;hohensteiner.richard@t-online.de;;ja;f4TRnqXJfRsuZoyLJ9eM;Blessing
G3167;2;Herceg;Loris;;2008-10-18;+491705318320;;slavi_herc@web.de;;nein;fV1wZ3qTJ7V6nUyycUwd;Blessing
G3167;2;Herceg;Loris Elias;;2008-10-18;+491634600441;;;Tübingen;nein;d2FeapLDDerKV8puO141;Blessing
G3168;2;Spejic;Gordana;;134870400000;+491797637689;;;Metzingen;ja;fHdZBLOf0NEbQu9xLFMV;Blessing
G3168;2;Speyic;Gordana;;134870400000;;;;;nein;d2ilYCKJ8AFswUwI22Dt;Blessing
G3169;2;Le;Rose Xuan Truc;;1996-03-05;;372707;;Reutlingen;nein;d34Tt9y7qP9NFBABDBoY;Blessing
G3169;2;Le;Rose Xuan Truc;;1996-03-05;+4915204293294;;trucle@web.de;Reutlingen;nein;q19A8uLQOVhhRg2CNe7G;Blessing
G3170;2;Bez;Leon;;2008-02-08;;+4971249338933;;Trochtelfingen;nein;d3Ykn3TX8ZSwzvoNogML;Blessing
G3170;2;Bez;Leon;;2008-02-08;+4915787333139;;martinabez@yahoo.de;;nein;xVckkQzxxearorMPdFEq;Blessing
G3171;2;Zingel;Peter;;-803174400000;;+49747241760;;Rottenburg am Neckar;nein;d3bYDNq5rwZ61ycHD7Lz;Blessing
G3171;2;Zingel;Peter;;-803174400000;;;;;nein;x2DH8NohMX5d7ivk1RQh;Blessing
G3172;2;spAN;Evelyn;;1996-09-10;;;;;nein;d46WaHTthPDkPbNkSwd4;Blessing
G3172;2;Span;Evelyn Marianne;;1996-09-10;;+497123910025;evelyn.span@web.de;Metzingen;nein;nBjbugX9f6CdYIomjDKV;Blessing
G3173;2;Löffler;Heinz;;1956-07-27;;+49712770007;;Pliezhausen;nein;d4lZLASeASemDq5vAN6R;Blessing
G3173;2;Löffler;Heinz;;-423878400000;;;;;nein;m8aa3PC57TWnV1046uLY;Blessing
G3174;2;Taigel;Tobias;;1988-04-17;+4915116356140;+4971292717;tobias.taigel@gmail.com;Burlardingen;nein;d4mAtTdu0rCAdSmdIO26;Blessing
G3174;2;Taigel;Tobias;;;+49 176 48074341;;tobias.taigel@gmail.com;;ja;xfNDZSnRfgh4Uv6gMZlc;Blessing
G3175;2;Luik;Lore;;-911692800000;;;;;nein;d7lELdLe5dZwWD4qusQ7;Blessing
G3175;2;Luik;Lore;;-911692800000;;+49712332607;;Bempflingen;nein;dUD6xtSzCUaODgQzGLmC;Blessing
G3176;2;Lang;Astrid;;425001600000;;+4970722080237;;Reutlingen;nein;d7siMxFs9ZBcRg9krcB1;Blessing
G3176;2;Lang;Astrid;;1983-06-21;+4915229695540;;astridlang1983@gmx.net;;nein;n0lsge1ezQjVumFEOV57;Blessing
G3177;2;Fäth;Sandra;;1976-01-02;+491626597001;;sandra.faeth@gmx.de;;nein;d8J1FcKN8MTe9erYLIJX;Blessing
G3177;2;Fäth;Sandra;;1976-01-02;+491626597001;;sandra.faeth@gmx.de;Wannweil;nein;mFJ9TrlwzzmCD1IynVqI;Blessing
G3178;2;Kolesch;Monika;;1969-04-25;;+497123367402;;Riederich;nein;d8s6DzvdQsGw4xsW6D32;Blessing
G3178;2;Kolesch;Monika;;1969-04-25;+4915754523619;;;Riederich;nein;rvTHLAiBkO0EW8QUQWDL;Blessing
G3179;2;Walker;Nadine;;1990-08-24;;+49712117366;;Pfullingen;nein;d9hgFO4rWNdWuIAfaF8I;Blessing
G3179;2;Walker;Nadine;;1990-08-24;+491631618969;;nadine-walker1@web.de;;nein;z9679LbbM0B0Tjeqwr0g;Blessing
G3180;2;Rörsch;Jürgen;;1956-04-15;+491752713915;;juergen@roersch.net;Filderstadt;nein;dFbvgLtFF4j78P4EI6Q8;Blessing
G3180;2;Rörsch;Jürgen Kurt;;1956-04-15;+491752713915;;;Filderstadt;nein;xeVWu6oPVdflT5QW9eob;Blessing
G3181;2;Huber;Emanuel;;1990-01-23;+4915110738895;;emanuel_huber@web.de;;nein;dFcCZHIOtHXQXL5F6gNa;Blessing
G3181;2;Huber;Emanuel;;1990-01-23;;+4971294687;;Lichtenstein;nein;yGtZXLhUWF7WJna2pTz1;Blessing
G3182;2;mainders;horst;;1939-02-10;;239415;;;nein;mDadideREfffaLO8YVLM;Blessing
G3182;2;Meinders;Horst;;1939-02-10;;+497121239415;;Reutlingen;nein;dGDqYjohpixBKMq1WMhe;Blessing
G3183;2;Knyazeva;Jessica Antonovna;;2016-03-09;+491636888323;;;Reutlingen;nein;erl9bQSj5WVsHLb9Oao7;Blessing
G3183;2;Knyazrva;Jessica;;2016-03-09;;+4971211398404;;;nein;dGLC9Tp0mWirNwuLYvrx;Blessing
G3184;2;Widenmann-Ast;Ulrike;;-509760000000;+4917652383363;2601088;;Reutlingen;ja;dI2Ap9RMMq1r6UP7FApe;Blessing
G3184;2;Widenmann-Ast;Ulrike;;1953-11-06;+4917652383363;;ulrike.widenmann53@gmail.com;;nein;hLuA4nTa4lNxKAhZSZ01;Blessing
G3185;2;Mack;Finn;;2005-08-06;+4915753037210;;finnmalte.mack@gmail.com;Reutlingen;nein;dKELpgKpt0Y2wEKWbriu;Blessing
G3185;2;Mack;Finn-Malte;;2005-08-06;+4915753037210;;;Reutlingen;nein;r7CC1MvLRkOu2kwayKQw;Blessing
G3186;2;Dreher;Silke;;1964-05-08;;+49742256668;;Sonnenbühl;nein;dLNIofb8sRNX4Y8kAymy;Blessing
G3186;2;Dreher;Silke;;1964-05-08;+4915222457164;;drehsilke@t-online.de;;nein;k96QKMbwR5DyAOHnuQ8E;Blessing
G3187;2;Klisanic;Lucija;;2004-04-17;+4917663733653;;luciklisanic@gmail.com;;nein;dLXUpK2JZ2zLK6qka77Z;Blessing
G3187;2;Klisanic;Lucija;;2004-04-17;;+497121210508;;Reutlingen;nein;zRM2snt6q0E5LbFxN3tU;Blessing
G3188;2;Stanek;Lydia;;1998-12-30;579573;579573;;Reutlingen;nein;dNrDhj9x9bcDdLsM7Zzh;Blessing
G3188;2;Stanek;Lydia;;1998-12-30;+4915734766893;;l-stanek@gmx.de;;nein;g05Lgb8QZ5SQl3sGP7re;Blessing
G3189;2;Nagel;Emily;;1383350400000;+4915121362696;;;Reutlingen;ja;dNxMHKTfUT8YcEAzIJ9X;Blessing
G3189;2;Nagel;Emily;;2013-11-02;+4915121362696;;jenny-nagel5.5@web.de;Reutlingen;nein;h9f1ZWOCz1wRbYzoX39q;Blessing
G3190;2;Banic;Gordana;;;;+4971278681;;;nein;dPrf5ADZfhcWSOHaaxGh;Blessing
G3190;2;Banic;Gordana;;1957-01-25;;+4971278681;;Reutlingen;nein;fq1KSXLrezCMegtsCM9c;Blessing
G3191;2;Curri;Anthony;;698889600000;+491721401468;;;Stuttgart;ja;dWpPsU28OAXm2Obv2se7;Blessing
G3191;2;Curri;Anthony;;1992-02-24;;;;Reutlingen;nein;diJR1btxL5Cx79SXGyPl;Blessing
G3192;2;Körner;Wolfgang;;-587520000000;;478974;wdkpsi@web.de;Reutlingen;nein;dYdE0I3PKPHBZ32Q14rL;Blessing
G3192;2;Körner;Wolfgang;;1951-05-21;;+4971441306749;wdkpsi@web.de;;nein;fQCwHhKG6fc08IU4WbhG;Blessing
G3193;2;Thomma;Heike;;1968-12-26;+491743416576;;maren.thomma@web.de;;nein;dYw8pl2hdA2Mys3vttXz;Blessing
G3193;2;Thomma;Heike;;1968-12-26;+491743416576;;maren.thomma@web.de;;nein;gbUtSKVvM7DY0YvkMUZg;Blessing
G3194;2;Schneider;Julia;;1985-01-26;+4915771440743;;saschenk91@gmail.com;;nein;daypoCfwsuxklVjTVT7G;Blessing
G3194;2;Schneider;Julia-Anna;;1985-01-26;;+4974737734;jul.schneider85@googlemail.com;Mössingen;nein;p8unZyrivb6I9Vl4n6Xw;Blessing
G3195;2;sommer;gabriela;;1959-06-05;+491736174024;;gabywireless@outlook.com;;nein;dazcXkrfecmEaTysTmgj;Blessing
G3195;2;Sommer;Gabriela;;1959-06-05;;+49491496;;Reutlingen;nein;nmJ9YCdNIFumi90591tL;Blessing
G3196;2;Gruel;Ute;;-257817600000;;+49712333974;;Frickenhausen;nein;qshBYXOSl9WOe7vgXWBl;Blessing
G3196;2;roel;ute;;1961-10-31;;+49712333974;;;nein;dch7w9CV9LHrI4DQaZ94;Blessing
G3197;2;Wehinger-roth;Betin;;1966-02-23;+4917697628957;;;;nein;dds3yRRaBfG9PJYSlztL;Blessing
G3197;2;Wehinger-Roth;Bettina;;1966-02-23;+4917697628957;;;Tübingen;nein;vvkt7YDP1cRqtW93gA77;Blessing
G3198;2;ABDULAHOVIC;Nervesa;;1990-02-06;+491723460427;;nervesa_j@gmx.de;;nein;deHBxUcqp8MwSjeEX4ZD;Blessing
G3198;2;Abdulahovic;Nervesa;;1990-02-06;+491783569588;;nervesa_j@gmx.de;Reutlingen;nein;v4qoevnyBnxpIHQgjfKI;Blessing
G3199;2;Grundler;Roddy;;;+491634238848;;;;nein;deiMqy9g95mBBfbuYLrk;Blessing
G3199;2;Gründler;Ronny;;;+491634238848;;;;ja;sKDV2ScgjFEw6I6jDkFZ;Blessing
G3200;2;bahlinger;Elvira;;1954-03-02;;+49712722112;;;nein;wKeh2DvbdVzCOuRbsnbm;Blessing
G3200;2;Balinger;Elvira;;1954-03-02;;+49712722112;;Neckartenzlingen;nein;dgUaUHEStkIKZLkE4O94;Blessing
G3201;2;Diertz;Pamela;;1997-07-21;+4915731167091;;;Reutlingen;nein;dhpIj2jqvCfAsOxrL7Wu;Blessing
G3201;2;Diertz;Pamela;;1997-07-21;+4915731167091;;pameladiertz@gmail.com;;nein;kIS6twHCJltjpKf0wRHo;Blessing
G3202;2;Meißner;Tessia;;2008-04-03;+4915116220996;;c.meissner@klesch.de;;nein;di2j7rhYWsfRM7g2C7FW;Blessing
G3202;2;Meißner;Tessia Rory Marisa;;2008-04-03;;+497123920812;meissner@klesch.de;Metzingen;nein;xc0E5grZT3eDjXppfe6J;Blessing
G3203;2;Aaleenvang;Maren;;;+491786251940;;;;nein;mW9FDyLrETaXaSFsT8WC;Blessing
G3203;2;Haldenwang;Maren;;1973-06-10;+491786251940;704253;m.haldenwang@gmx.de;Reutlingen;nein;dibCqXrS3vfglDuS9RZM;Blessing
G3204;2;Heide;Stefan;;16329600000;;;;;nein;dkFbxLKMkqDhLsU0UMPG;Blessing
G3204;2;heide;stefan;;1970-07-09;+491776500954;;;;nein;vW2Tti2nIJM6VQBKV68g;Blessing
G3205;2;fuoco;giosue;;2015-05-21;+491732587246;;ricciardilaura712@gmail.com;Neckartenzlingen;nein;doLeH5HIBAf8okwLsFip;Blessing
G3205;2;Fuoco;Giosue Alessio;;2015-05-21;+491732587246;;;Neckartenzlingen;nein;eltSZJtRCdkoQFZu07rN;Blessing
G3206;2;Oehring;Nils;;1983-01-18;+491639659111;;nils.oehring@gmx.de;;nein;dp96LAK4LMs21LgGYZgy;Blessing
G3206;2;Oehring;Nils;;1983-01-18;+4917663144067;;;Tübingen;nein;m4gj2qE8Sg9oD8FpXY8H;Blessing
G3207;2;Rottmayr;Tina;;1972-11-14;;600402;;Reutlingen;nein;dpY7rAh47E3Ayemfxveg;Blessing
G3207;2;Rottmayr;Tina;;1972-11-14;;+497121600402;tina@rottmayr.de;;nein;uaDcvIjolykkQYYQmWj2;Blessing
G3208;2;Mayer;Patrick;;2002-08-22;+4917634146809;;monikamayer665@gmx.de;Wannweil;nein;dqoBWxdNIiLgJ7O0wFYG;Blessing
G3208;2;Mayer;Patrick;;2002-08-22;;577508;;Wannweil;nein;klbxSTB2jhXYykhbjZ4K;Blessing
G3209;2;Kraft;Laura Helene;;1139529600000;+4917669647949;+4971239531831;;Metzingen;nein;dtj8j3B65VHaoksJj0Ee;Blessing
G3209;2;Kraft;Laura Helene;;1139529600000;;01756686801;;;nein;rcMHolDU3GCQu51Tf14F;Blessing
G3210;2;Strasser;Andreas;;1980-01-06;;+497121577554;;Reutlingen;nein;duo7ZVqVszS9aJfQ1QAA;Blessing
G3210;2;Straßer;Andreas;;1980-01-06;;+4971213178341;andreas.strasser@gmx.de;;nein;uAJkXOT3clUbQiuccWCu;Blessing
G3211;2;Jentz-Bendele;Katharina;;1954-03-04;;+4974739206843;;Mössingen;nein;dvtJESK66KxqeNGS4YM1;Blessing
G3211;2;Jentz-Bendele;Katharina;;1954-03-04;;+4974739206843;kjentz@web.de;;nein;eaNvwQmqVyqDmyF8ANmo;Blessing
G3212;2;Dinkel;Ruben;;2015-07-16;;1396641;;Reutlingen;nein;dx2e6xRY6ZeBCsRlBm1A;Blessing
G3212;2;Dinkel;Ruben;;2015-07-16;+4915756206811;;carolinedinkel@posteo.de;Reutlingen;nein;yaH6RdL7qzwI15eTHXNB;Blessing
G3213;2;Reutebuch;Leon;;2008-02-02;+4915120117675;;nicole.reutebuch@web.de;Wannweil;nein;k0TBQIZ3MI6rVN8d6Rmy;Blessing
G3213;2;Reutebuch;Leon Maximus;;1201910400000;+491743971991;;;Wannweil;ja;dycN5p8kYczrzRArukhR;Blessing
G3214;2;Tsompanidu;Iliana;;1992-09-26;+4917672185709;;;Pfullingen;nein;wI8aYppI8sjX7kqytybX;Blessing
G3214;2;Tsompanidu;Ilianna;;1992-09-26;+4915751505858;;;Lichtenstein;nein;dzetcNV5i7iTDfzT4tZ0;Blessing
G3215;2;ümal;hatice;;1977-07-21;;;;;nein;x68b51m2HnETReJsbq0i;Blessing
G3215;2;Ünal;Hatice;;1977-07-21;;;;Reutlingen;nein;e1awwiDvIGkRqCY5k5Io;Blessing
G3216;2;engels;tim;;1998-07-09;;;;;nein;e2JqfqEJpIpUzjGue1lY;Blessing
G3216;2;Engels;Tim Gorden;;899942400000;+4915774590114;;;Reutlingen;ja;k9BTqduw8qorZ9uIpXcv;Blessing
G3217;2;Tsiolha;Kaliopi;;1949-05-20;;+4971211379606;11delfinaki@gmail.com;;nein;e47ey8fPI30Uv0yVOsc3;Blessing
G3217;2;Tsiolha;Kalliopi;;1949-05-20;+4917695305085;1379606;;Reutlingen;nein;sCjQDCBZ6edjmh1XqO15;Blessing
G3218;2;Frenzel;Anika;;2005-05-29;+4915110819542;;anika.frenzel@unity-mail.de;Reutlingen;nein;e6HD80iWvHUyhmhgyK4c;Blessing
G3218;2;Frenzel;Anika Joy;;2005-05-29;;+49470330;;Reutlingen;nein;updpY196L0npkV2egLVj;Blessing
G3219;2;Alepidas;Kristin;;2000-08-24;+491774723441;;kristin2000@gmx.de;;nein;e6X0LpFuLRwtc0z62AOf;Blessing
G3219;2;Alepidas;Kristin Rosemarie;;2000-08-24;+491774723441;;;Münsingen;nein;uxy8B4fBccXTSYpySPpf;Blessing
G3220;2;Götz;Marco;;1996-09-29;+491738811785;;ma.goetz96@googlemail.com;Gomaringen;nein;e7e59lGAVYUfidtVJvfL;Blessing
G3220;2;Götz;Marco;;1996-09-29;+491738811785;620818;margoetz96@gmx.de;Reutlingen;nein;oDveIWk9BOavO6GYoHKB;Blessing
G3221;2;Grauer;Hanna;;1993-10-18;+491738556828;;hanna-grauer@web.de;Köln;nein;eB0i4FiNHWdiYF4ZiDn6;Blessing
G3221;2;Grauer;Hanna;;1993-10-18;+4917696913792;;;Reutlingen;nein;eHUi4iAkZYyHfWWwe8nq;Blessing
G3222;2;Hack;Jürgen;;-143769600000;+4917632023553;;hack1965@web.de;Hülben;nein;eBfc6QpncHGyxxUtW1kd;Blessing
G3222;2;Hack;Jürgen;;-143769600000;+491702061965;;;;nein;vUzPVq3i3Kkl7beRLK4L;Blessing
G3223;2;Kirschbaum;Ingrid;;1956-05-31;;+497125947816;;Bad Urach;nein;eCUVg9zmAiZt3Et5tOxb;Blessing
G3223;2;Kirschbaum;Ingrid;;1956-05-31;;+497125947816;merlin.hosenfeld@bruderhausdiakonie.de;Bad Urach;nein;mJqQ0K0tUikMwjASksu7;Blessing
G3224;2;gokesch;denis;;2009-10-14;;;;;nein;uayYmR9vwhjoupNGfCHi;Blessing
G3224;2;Gokesch;Dennis;;2009-10-14;;+497125155567;;Bad Urach;nein;eDOKnQEtxdqv7iO9348H;Blessing
G3225;2;Haugg;Maria;;619833600000;+4915150552349;;ma.haugg@eclipso.at;Bisingen;nein;eG3EvXPrlElU0dpZNMYb;Blessing
G3225;2;Haugg;Maria Anne;;1989-08-23;+4915150552349;;;Bisingen;nein;j193msbF57Gu1fTHJTDO;Blessing
G3226;2;terzidou;Eliana;;1976-09-06;;;;;nein;eO9X9oGDhV1baMaP4Ukt;Blessing
G3226;2;Terzidou;Elianna;;1976-09-06;+4917681013157;;andreas.nikolaidis@web.de;Pfullingen;nein;eGUAHmbZYDpLDFxSLq9G;Blessing
G3227;2;Pantsiou;Eleni;;2003-11-13;+491728784266;+4971216964026;;Reutlingen;nein;eGXLzDpqMWLEZ3Jbc50k;Blessing
G3227;2;Pantsiou;Eleni;;2003-11-13;+491728784266;;elenipantsiou2003@gmail.com;;nein;fynMloymRcGRllcEk3UH;Blessing
G3228;2;Kleinknecht;Lise;;1999-09-23;+4915232026275;;;Reutlingen;nein;eHPtd0HHhOVX3cJBs0y2;Blessing
G3228;2;Kleinknecht;Lise;;;+4915232026275;;;;nein;qkzgdWoNuN3x6aH9itRn;Blessing
G3229;2;Leutfeld;Fabian;;1995-01-31;+4915789242123;;fabian.leutfeld@gmx.de;Neckartenzlingen;nein;eJgQ82sbCUw7YGqr8wXx;Blessing
G3229;2;Leutfeld;Fabian;;1995-01-31;+4915789242123;;fabian.leutfeld@gmx.de;Göppingen;nein;pC421dVWwgZxiSqHfs9k;Blessing
G3230;2;Sotiriadis;Eleni;;1947-10-24;;6969048;;Pfullingen;nein;eMEk1SSValzecJ9DWh3l;Blessing
G3230;2;Sotiriadou;Eleni;;1947-10-24;;+496969048;;;nein;pmpOfhuobOWznO7jOBvf;Blessing
G3231;2;Nguyen;Thi Hui;;1946-06-15;+4915751306817;;thituyetlan@hotmail.com;;nein;uS4QijYcpDQrQFo8xNXt;Blessing
G3231;2;Nguyen;Thi-Hui;;1946-06-15;+4915904894370;;;Eningen;nein;eMM4WTVNjyYoi84ijuhB;Blessing
G3232;2;özsez;elisa;;2019-08-02;;;;;nein;eOeDGPv86CzvUYqedUd5;Blessing
G3232;2;Özsöz;Elisa Ayla;;2019-08-02;+491737637577;;;Sindelfingen;nein;pe57knfxKUS8xLU1O2p5;Blessing
G3233;2;Nguyen;Nhat Ngan;;1985-01-14;+4915560351007;;nguyennhatngan9@gmail.com;;nein;eRGHloPrTRyP6qDgSxf4;Blessing
G3233;2;Nguyen;Nhat ngan;;;+49 15560 351007;;nguyennhatngan9@gmail.com;;ja;o5qah0tLtXdq9voojGjc;Blessing
G3234;2;Kessmeyer;Thomas;;-256521600000;+491632531035;+49712168085412;;Reutlingen;nein;eSikrLIh10bWlUjDZTzy;Blessing
G3234;2;Kissmiyir;Thomas;;;+491632531035;;;;ja;pynM5RfmfvMTPyK3V0Em;Blessing
G3235;2;Mihaylova;Penka Ilieva;;1978-07-06;;+4971239561172;;Riederich;nein;oLYkfC71o9HwuGHoQwXp;Blessing
G3235;2;mikyaova;benka;;1978-07-06;;+4971239561172;;;nein;eT6Tvk5XURPZL4vrPIOE;Blessing
G3236;2;Grünenwald;Anneliese;;1944-12-23;;;;Kusterdingen;nein;eUtTwDQEYMDNVV9Qs9BD;Blessing
G3236;2;Grünenwald;Anneliese;;1944-12-23;;+49707135970;;Kusterdingen;nein;qheSMIWJU5np9L2uB1jl;Blessing
G3237;2;Alostah;Omran;;1992-04-17;;;;Münsingen;nein;eVWOIlOyNeO20ZvzQ0Si;Blessing
G3237;2;Alostah;Omran;;1992-04-17;;;;Engstingen;nein;myCYT568SxiKU84YYWfL;Blessing
G3238;2;Kuhn;Sandra;;1975-08-04;;+49492459;;Reutlingen;nein;eW9veedCyyNkL2bqaggD;Blessing
G3238;2;Kuhn;Sandra;;1975-08-04;+491631690604;;sandra_kuhn@gmx.de;;nein;jvUkzzI1zYDrDgPffOVt;Blessing
G3239;2;Hudjetz;Katharina;;1944-09-27;;+49712154966;;Reutlingen;nein;eXGNvjieGpdpZte7Nqnq;Blessing
G3239;2;Hudjetz;Katherina;;1944-09-27;;+49712154966;c.blessin@gmx.de;Reutlingen;nein;oCAmLL9y6kdCgMgDxlBj;Blessing
G3240;2;Müller;Marie;;;+015737799475;;marie.03.11.2001@gmail.com;;ja;eXK3n1lIQbJUF4PAr5Cl;Blessing
G3240;2;Müller;Marie;;1004745600000;+4915737799475;;marie.03.11.2001@gmail.com;Römerstein;nein;xFprH3w1KD7uSKkSx9Zx;Blessing
G3241;2;Serbu;Ovidiu;;31363200000;+4915773715018;;oyserbu@web.de;Frickenhausen;ja;eaiOIq3XdpgsNfbkbvIL;Blessing
G3241;2;Serbu;Ovidiu;;1970-12-30;+491789779998;;oyserbu@web.de;Frickenhausen;nein;g24xruNzgR1IB3F266IL;Blessing
G3242;2;Scheibler;Mathilda;;2006-09-28;+4915259614525;;math.scheibler@gmx.de;;nein;poMBQRfNPczbEwbbH2TN;Blessing
G3242;2;Scheibler;Mathilda Johanna;;2006-09-28;+4915259614525;;;Reutlingen;nein;ebcDsUjRpxArJguRnugk;Blessing
G3243;2;Hacker;Michael;;1976-01-13;+4917696516776;;michahacker@web.de;Riederich;nein;ed00whbeaBzvgB4FqsD7;Blessing
G3243;2;Hacker;Michael;;1976-01-13;+491708507618;+49712333920;michael.hacker@wuerth.com;Riederich;nein;mez9MrGsLVf5HOZzsaq8;Blessing
G3244;2;Tsoulfoglou;Paraskevas;;1959-07-11;;790011;;Pfullingen;nein;edpxGOsed4JjYXBgmfhr;Blessing
G3244;2;Tsoulfoglou;Paraskevas;;1959-07-11;+4915257651315;;;Pfullingen;nein;xuaBZy5QzUH2jCyLXWpv;Blessing
G3245;2;Keller;Hans-Pater;;1956-01-25;;;;Bad Boll;nein;hIu7WG6sMrZWLedlldTf;Blessing
G3245;2;Keller;Hans-Peter;;1956-01-25;+4917657785671;;hans-peter.keller@gmx.de;Bad Boll;nein;efd7IVowKEEBtyXGnoVb;Blessing
G3246;2;Kartal;Hülya;;1974-09-23;+4915788608518;+4917674187726;;Reutlingen;nein;efprIgeAyren66dUyIIc;Blessing
G3246;2;Kartal;Hülya;;1974-09-23;+4917674187726;;cerenkartal2002@icloud.com;;nein;rksfJKYoboOLJKVMXavF;Blessing
G3247;2;Hoyer;Fabienne Sophie;;2012-04-05;+491791144649;;andi.hoyer@arcor.de;Grafenberg;nein;iQPIPNIAY1caT1Hm8Ezk;Blessing
G3247;2;hoyer;fabinne;;2012-04-05;;+497123944863;;;nein;eg77DdvRH0ieSnbjDgH6;Blessing
G3248;2;Henke;Alisa;;1992-01-06;+4917689194995;;alisa.henke@web.de;Mössingen;nein;iPKFstp44chz48lmtRkL;Blessing
G3248;2;Henke;Alisa Kim;;1992-01-06;+4917689194995;;;Mössingen;nein;eho7xdH6V1jg3M0fEJqg;Blessing
G3249;2;Mai;Stefanie;;1997-09-08;+4915734311392;;;Neckartenzlingen;nein;ehtbbBFKUx2YJSUUm8Ae;Blessing
G3249;2;Mai;Steffanie;;1997-09-08;+4915734311392;;;;nein;xSTGSIOeix2KIam7kNWJ;Blessing
G3250;2;Preteni-Jashari;Lirije;;1971-09-20;+491737936681;;lpreteni@gmail.com;;nein;ei0Md7talWtnE9JuKKC1;Blessing
G3250;2;Preteni-Jashari;Lirije;;1971-09-20;;;;Reutlingen;nein;sFK20Pjb2toIMiX8wda2;Blessing
G3251;2;Lasslop;Maria;;1993-02-25;+4915208764580;;maria_lasslop@web.de;;nein;ej11o0GGhTEWWWRdtsoW;Blessing
G3251;2;Lasslop;Maria;;1993-02-25;;579004;;Sindelfingen;nein;o0QVapi3GGlNyqooUWt4;Blessing
G3252;2;Paraschidou;Maria;;1967-02-07;;;;Reutlingen;nein;elIH1Q5ps7yJ7hgorsfV;Blessing
G3252;2;Paraschidou;Maria;;1967-02-07;750595;;;Reutlingen;nein;iZ4sdxsfjojIjGph9TBL;Blessing
G3253;2;Bühler;Günter;;1934-07-29;;610246;;Reutlingen;nein;eo2g0fu8OqXVFkj6xEWe;Blessing
G3253;2;Bühler;Günter;;1934-07-29;;+497121610246;guenter.buehler@web.de;;nein;kvGjDTlEGbpcvXC1Ohgm;Blessing
G3254;2;Laible;Elisa;;2017-03-17;+4915157892689;;julia.laible@gmx.de;Reutlingen;nein;vKbNCKZNNozirQ9w0q8h;Blessing
G3254;2;Laible;Elisa Clara;;2017-03-17;+4915157892689;;;Reutlingen;nein;esuT4j8NjDIk7WZ6HdDQ;Blessing
G3255;2;Tanase;Monica;;1979-01-02;+4916090275805;;monica_tanase02@yahoo.de;Reutlingen;nein;lhONcOhNdP1Ss4Nj7j8M;Blessing
G3255;2;Tanase;Monica-Letitia;;1979-01-02;;;;Reutlingen;nein;etQ1n3yhKiOgc9HMuCD2;Blessing
G3256;2;Kipriy;Kyell;;1998-03-23;+4915785433393;;;;nein;evrZlGzrSc5cXdqDj6tN;Blessing
G3256;2;Kipry;Kjell Finn;;1998-03-23;+4917645731867;;;Braunschweig;nein;iQGWMDxrvNmBthjMarvV;Blessing
G3257;2;Baranyaiova;Vanesa;;1997-10-04;+4917641509031;;;Reutlingen;nein;ijJMqyllwGMwUnqpzmhd;Blessing
G3257;2;baranyaiova;vanessa;;1997-10-04;;;;;nein;ewgQdWFfliRtnwdzvThk;Blessing
G3258;2;Wörz;Silvana;;1958-04-11;+4915730813450;+49712314593;;Metzingen;nein;exktJnUccPeRFyXBQ7Mz;Blessing
G3258;2;Wörz;Silvana;;1958-04-11;+4915730813450;;woerz.laura@web.de;Metzingen;nein;oZ3GLjn8gzFUut3qTlBU;Blessing
G3259;2;Maier;Manfred;;1948-10-01;;;;Reutlingen;nein;xTo2rijGIO7LpNXzm00i;Blessing
G3259;2;Meier;Manfred;;1948-10-01;;+49712734886;;Neckartenzlingen;nein;eyNuEdVhDWjLrc5Wvr3u;Blessing
G3260;2;Meyer-Clasen;Bjarne;;1997-09-18;+491755100468;;bj.meyerclasen@gmail.com;Munich;nein;ezyP3h35IpKGhMwmgrjm;Blessing
G3260;2;Meyer-Clasen;Bjarne Hendrik;;1997-09-18;+491755100468;;;Stuttgart;nein;j0S1ZQNkG1Z7ZbhZLUc4;Blessing
G3261;2;Lobert;Denise;;2006-02-24;743770;;;Pfullingen;nein;f4s3mS5GLXwwtxIpvcMo;Blessing
G3261;2;Lobert;Denise;;2006-02-24;+4917670130984;;sandralobert@freenet.de;;nein;nkzflOvDlebAPqntMP6Z;Blessing
G3262;2;Waldner;Ariane;;1969-08-29;;622605;;Pfullingen;nein;f5lgtqTpMaMbSKF6f9bG;Blessing
G3262;2;Waldner;Ariane;;1969-08-29;;+497121622605;arianewaldner@gmail.com;;nein;hBpo6mNwozcILEXnBbe2;Blessing
G3263;2;Riehle;Björn;;381628800000;+491767431198;017640431198;;Gomadingen;ja;f7B8B9G6ifjSKJxeZE3E;Blessing
G3263;2;Riehle;Björn;;;+4917640431198;;riehle.bj@gmx.de;;ja;iLJxKgpRFxXU0dIFQYC1;Blessing
G3264;2;Alepidas;Sonja;;1997-06-28;+4915738365956;;sonja1997@gmx.net;Münsingen;nein;f8bt7jH6JWjXGuj0OTM2;Blessing
G3264;2;Alepidas;Sonja;;867456000000;+4915510037793;;sonja1997@gmx.net;;ja;k3kCpYIe3yVppLtOSB4c;Blessing
G3265;2;Beck;Dieter;;1948-09-20;;153160;hejo1948@gmx.de;Reutlingen;nein;fCfjI5HtXyeek784W1rY;Blessing
G3265;2;Beck;Dieter;;;+4917698675610;;hejo1948@gmx.de;;ja;ouhZGamxZgDkKp2Jn74i;Blessing
G3266;2;Lechner;Bianca;;1978-03-24;+4915772653187;;bianca-lechner@web.de;Pliezhausen;nein;fCiziBu3pVEx87WShoBF;Blessing
G3266;2;Lechner;Bianca;;259545600000;+4915772653187;+497127948686;bianca-lechner@web.de;Pliezhausen;nein;fUZF3f40jJYIY0ODgoOt;Blessing
G3267;2;breidt;damian;;;+4917624836613;;;;nein;fDcMBjmuuSy6CeqMkUEw;Blessing
G3267;2;Breidt;Damian;;1996-03-10;+4917624836613;;;Eningen unter Achalm;nein;lri33LUmQQBNTGz43tL3;Blessing
G3268;2;Harder;Susanne;;1963-04-06;+491602816659;+49712318827;susanna.harder63@gmail.com;Metzingen;nein;fDkiZ6SOn1BcLo8ozrSL;Blessing
G3268;2;Harder;Sussane;;1963-04-06;;+497123162177;;;nein;wD9yYyFYhHuKDbeXWCvk;Blessing
G3269;2;Döllinger;Jana;;508636800000;+491771655892;;jana.doellinger@gmx.de;Eningen;ja;fE1MsM57Yi8990WbEfAT;Blessing
G3269;2;Döllinger;Jana;;508636800000;+491771655892;;jana.doellinger@gmx.de;Eningen;ja;sunzXaHygAAwB7smionm;Blessing
G3270;2;Rilling-Ott;Marianne;;1951-09-08;;+49707260507;marianne.rilling.ott@gmail.com;Gomaringen;nein;fEwvsqXLC7en31mCowNO;Blessing
G3270;2;Rilling-Ott;Marianne;;;+4917662952533;;marianne.rilling.ott@gmail.com;;ja;pHXEvtvA1Q2UoVJgJ9E3;Blessing
G3271;2;Onayli;Mehmet;;1956-01-10;+491783012084;;;Reutlingen;nein;lFgRaQ4Ni1VAuCFwlagA;Blessing
G3271;2;ornailie;mehmet;;;+491783012084;;;;nein;fH3akFKXtV0c89XrtFOZ;Blessing
G3272;2;Assis de Santana;Ieda;;1962-06-14;;6956956;;Reutlingen;nein;fIFDom6R2DaFPtUC0aoW;Blessing
G3272;2;Assis de Santana;Ieda Antonia;;1962-06-14;+491781482842;;ieda.santana@web.de;Reutlingen;nein;vqP5p1m2fbRY7Ntgw7Bz;Blessing
G3273;2;Kern;Donate;;;+49 176 21509467;;donatekern@gmx.net;;ja;fK4uzhna3lXTwFElfgHh;Blessing
G3273;2;Kern;Donate;;1963-11-13;+4915231925683;;donatekern@gmx.net;Erzhausen;nein;t9ITOumfs2QzszrY2dof;Blessing
G3274;2;Jefkaj;Lulzim;;1968-02-09;;+4971239570421;;Dettingen;nein;yxZ3pdovQPRMZVPLpWSK;Blessing
G3274;2;Jfkanj;Lulcim;;;;+4971239570421;;;nein;fMaHB8ScCq54B9yWxe0R;Blessing
G3275;2;Lisken;Veith;;-252115200000;;+4971215779090;v-lisken@t-online.de;;nein;fMxG3Zaia2ncZMCDdpum;Blessing
G3275;2;Lisken;Veith;;-252115200000;;+495779090;v-lisken@t-online.de;Reutlingen;nein;m6024sb628LqhXcD7AnK;Blessing
G3276;2;Walser;Andrea;;1963-05-23;;+49702248145;andrea.walser@online.de;Nürtingen;nein;fOcYZAI1v08MgILbJxLb;Blessing
G3276;2;Walser;Andrea;;1963-05-23;+491741752053;;andrea.walser@online.de;;nein;vH2vnJ2FY166di4x0k3x;Blessing
G3277;2;Wolf;Roland;;;+49 172 4764484;;roland@readyforall.de;;ja;fOsDYB1nUefTJJOzvA6k;Blessing
G3277;2;Wolf;Roland;;1959-08-05;;+497121506473;roland@readyforall.de;Reutlingen;nein;pBAqBJHmxHQOzB6dNsfl;Blessing
G3278;2;Baumgartener;Dietmar;;-332035200000;+4915151248193;+49712341166;;Riederich;ja;fPaDYH2JbqFtZ4PuAoej;Blessing
G3278;2;Baumgartner;Dietmar;;1959-06-25;;+49712341166;dietmar.baumgartner@t-online.de;Riederich;nein;jjqkljaicwfUNN61HgAb;Blessing
G3279;2;Henkel;Damaris;;1987-07-16;+4917647837256;;damaris.henkel@gmail.com;Gomaringen;nein;fQNy6SbjwsvQgs9bkFf2;Blessing
G3279;2;Henkel;Damaris;;1987-07-16;+4917681918527;;;Gomaringen;nein;rSH3HzNUx4HoKIt0HSGM;Blessing
G3280;2;Wallisch;Thorsten;;1981-01-24;+491627417381;+4974739541637;;Mössingen;nein;fQi4CWKrSTPyMQlB3qzJ;Blessing
G3280;2;Wallisch;Thorsten;;1981-01-24;+491627417381;;twallisch@freenet.de;;nein;poGarHW3jd9crOsVaw3y;Blessing
G3281;2;Lamparter;Helga;;1936-05-01;;+4971234335;beate_lamparter@web.de;Metzingen;nein;fT0fjrc7y5zXfQcOicL3;Blessing
G3281;2;Lamparter;Helga;;1936-05-01;;+4971234335;;Metzingen;nein;sAkBoTqPwuKb7BCUbOD5;Blessing
G3282;2;Scherf;Aleksander;;2008-04-15;+4915118366794;;;Tübingen;nein;fTVaZrCGHoJHImVYSuC1;Blessing
G3282;2;Scherf;Alexander;;2008-04-15;+4915118366794;;mierzwa.media@gmail.com;Reutlingen;nein;wFHHraHfz1en4hBb75hm;Blessing
G3283;2;Imeri;Jasmina;;1995-06-25;+4915789336269;;;Reutlingen;nein;fXGHrnlYcDSuMXvQd4ZQ;Blessing
G3283;2;Imeri;Jasmina;;1995-06-25;+4915730710364;;jasmina.imeri@t-online.de;Reutlingen;nein;kbhOnrZbFm2nshESlLFH;Blessing
G3284;2;Marjanovic;Bernard;;;+01703823286;;marjanovic.bernard@googlemail.com;;ja;fYSt4eLZPJ2PNTtsYhKi;Blessing
G3284;2;Marjanovic;Bernard;;351388800000;+491703823286;;marjanovic.bernard@googlemail.com;Stuttgart;ja;wCRsr8ByAIlAceXJk6tN;Blessing
G3285;2;Maier;Jürgen;;336182400000;+4917624234551;;juergenmaier27@yahoo.de;Esslingen;nein;fZkJ6H25Shw4RSooQXW3;Blessing
G3285;2;Maier;Jürgen;;1980-08-27;+4917624294551;;juergenmaier27@yahoo.de;Esslingen;nein;u4sv3UUzbQOeILeCJSYE;Blessing
G3286;2;Sautter;Edmund;;-480384000000;;+49712182303;edmundsautter@web.de;;nein;fZmYkmRhjekHS2lcATQL;Blessing
G3286;2;Sautter;Edmund;;1954-10-12;;+4982303223637;;Eningen;nein;sQAwAsx837xCrhJ40kK5;Blessing
G3287;2;Weiss;Siegfried;;-699494400000;+491716907574;;siegfried.weiss@gmx.com;Reutlingen;ja;fa1mNsv6x4pm3o7HRShT;Blessing
G3287;2;Weiss;Siegfried;;;+491716907574;;;;ja;gw90dJq0jBUn5ZiKCJ0F;Blessing
G3288;2;Rall;Leonie;;1998-10-31;;+49712342014;leonie.rall@web.de;Metzingen;nein;fgNwMIdZKHyz935npGXF;Blessing
G3288;2;Rall;Leonie;;1998-10-31;+491727533060;;rall.leonie@web.de;;nein;hP22Jcj32Yn4An5pDKRo;Blessing
G3289;2;Hummel;Johann;;-624326400000;+491742053613;;;Metzingen;ja;fiRJuKYrHXgmLx9Glu25;Blessing
G3289;2;Hummel;Johann;;-624326400000;;01742053613;;;nein;okDuuUyvnKwHXLvuXjVa;Blessing
G3290;2;Herrmann;Aylin;;;+49 176 20993646;;aylin.herrmann@outlook.de;;ja;fjcOLuGqFx083iTTPd4c;Blessing
G3290;2;Herrmann;Aylin;;;+4917620993646;;aylin.herrmann@outlook.de;;ja;kRkX3l0R39a1h0aoFcgK;Blessing
G3291;2;ptschelnikob;Roman;;1983-10-20;+4915163684818;;;;nein;flPwaVvnwrEinMrPJAJA;Blessing
G3291;2;Ptschelnikow;Roman;;1983-10-20;+4915163684818;;;Stuttgart;nein;zZCC1VVB90Tswu8Xd3RD;Blessing
G3292;2;Hoppe;Jörg;;1958-12-12;;+4971238803581;;Dettingen an der Erms;nein;t1mQ3n82kYOi5nNDq3q2;Blessing
G3292;2;hoppel;joerg;;1958-12-12;;;;;nein;flbhuN6I0vb05xnYbL7m;Blessing
G3293;2;merz;manfred;;1940-11-15;;+49712360782;;;nein;wF5e8UcRL75ohuLorwkw;Blessing
G3293;2;Moerz;Manfred;;1940-11-15;;+49712360782;;Metzingen;nein;fmBWvnGUSCbJiQGjAIbq;Blessing
G3294;2;Alsarghani;Limar;;2010-05-22;+4917680823502;;adnan.alserghani@gmail.com;Reutlingen;nein;fpCDkenY5wvFWvfW1HVR;Blessing
G3294;2;Alsarghani;Omar;;2010-05-22;+4917680823502;;adnan.alserghani@gmail.com;Reutlingen;nein;oMFIHXLYMlUuLRIi5Owj;Blessing
G3295;2;Scharas;Helen;;;+4915219473240;;;;nein;mFTcyFskQ4N2euEwIiNc;Blessing
G3295;2;Sharaf;Helen;;1998-04-09;+4915219473240;;heleensharaf@gmail.com;Reutlingen;nein;frfJiw5KTXgUL3MS5j5Q;Blessing
G3296;2;Dittler;Laura;;2013-10-24;+4917656965273;+4973817380204;;Münsingen;nein;frlmOpY5vBYV7JE617Fq;Blessing
G3296;2;Dittler;Laura;;2013-10-24;+4917656965273;;dittlernatalja@gmail.com;Münsingen;nein;uPqzuRlmVRJWZ9D7MltT;Blessing
G3297;2;Gaiser;Andreas;;1965-10-26;+4915787076031;;st.bopp@googlemail.com;Pliezhausen;nein;gJ9AJyx9XdAAeRF2nAL4;Blessing
G3297;2;Gaiser;Andreas Richard;;1965-10-26;+4915756604181;;;Pliezhausen;nein;fsag0DXCIGOLhDqHKxGG;Blessing
G3298;2;Van Wiele;Cynthia;;1993-09-08;;+4971289208269;;Sonnenbühl;nein;ftMX5HC6gpQfxi823kWi;Blessing
G3298;2;Van wiele;Cynthia;;1993-09-08;+4915906295230;;cynthia.van.wiele@gmx.de;;nein;sBvlcmz9hApPLp2dBgBS;Blessing
G3299;2;Hung;Thuc-Hien;;1970-11-24;+4917643838256;;;Reutlingen;nein;fvsMYAFo2vwV0wQAhEVR;Blessing
G3299;2;Hung;Thuc-Hien;;1970-11-24;;;;Reutlingen;nein;udR1zUcFlGUxyMDWrabz;Blessing
G3300;2;Müller;Aline;;2002-02-19;+4917666553011;;aylinemueller@aol.com;;nein;fw8ntIKuG3Rx99P2iwpO;Blessing
G3300;2;Müller;Ayline;;1014076800000;;+49707250311;;Reutlingen;nein;xlBMmwaSt87DveBlFqJd;Blessing
G3301;2;Garcia Crespo;Isabel;;-646444800000;;144511;;Reutlingen;nein;fyba1E0XyLMFQ8uni1Gy;Blessing
G3301;2;Garcia Crespo;Isabel;;1949-07-08;;;;Reutlingen;nein;jGP8RSL2t3SKKD3KvmaC;Blessing
G3302;2;Hellebrand;Manuela;;1976-03-03;+491722949609;;;Reutlingen;nein;fyrU2qf8yfchuYbIlY4K;Blessing
G3302;2;Hellebrand;Manuela;;1976-03-03;+491707630209;;m.hellebrand@gmx.de;;nein;uEgLUP8JzuTpoXfTr9lu;Blessing
G3303;2;Syoieva;tetiana;;1982-03-28;+491743593832;;;;nein;fyxloe82w13Ei7LZ8rM9;Blessing
G3303;2;Sysoieva;Tetiana;;1982-03-28;+491743593832;;;Pliezhausen;nein;kzohf25dr7OJ3bNfYxln;Blessing
G3304;2;Kolonko;Christine;;1971-04-07;+491788501965;;;Esslingen am Neckar;nein;fz6o2ixb9Ro6hxjSQP5t;Blessing
G3304;2;kulonko;christine;;1971-04-07;;;;;nein;qCziFuHwu7JVE9deN2ec;Blessing
G3305;2;Faiss;Tanja;;1974-06-18;;+4971216964442;;Reutlingen;nein;g2HqCHspJ97qRv22YjQK;Blessing
G3305;2;Faiss;Tanja;;1974-06-18;+491622772773;;tanja.faiss@me.com;;nein;gpnxtep7IV6Aw8J79u6W;Blessing
G3306;2;Reiff;Alexander;;2002-06-12;+4915753531235;;alexander.reiff7@icloud.com;Lichtenstein;nein;g3uAt5vHVO1UjYhwp1W4;Blessing
G3306;2;Reiff;Alexander;;2002-06-12;;+4971295123;;Lichtenstein;nein;huvoOKxvmnkTmiMCCIH7;Blessing
G3307;2;Sessler;Elke;;1974-08-18;+4917695508413;;elke.sessler@web.de;Reutlingen;nein;g46Kj9XlmdEIw9mnMjGI;Blessing
G3307;2;Sessler;Elke;;1974-08-18;;+497568081;;Reutlingen;nein;xnU5jRYCiYUawlqVuVfr;Blessing
G3308;2;Fritz;Jürgen;;1975-02-25;;+497123726395;;Metzingen;nein;g62UtBNzScsgkbHZj1UR;Blessing
G3308;2;Fritz;Jürgen;;162518400000;;+497123726395;juergen.fritz75@gmx.de;;nein;olGbgXwESZwUMBFB5gYT;Blessing
G3309;2;Matteis;Vincent;;1998-12-09;+491728506570;;vincent.matteis@mail.de;;nein;g8eW2H1PafBfRlk0kydM;Blessing
G3309;2;Matteis;Vincent-Gregor;;1998-12-09;+491621083517;;;Kohlberg;nein;lmP3ZPZbOO4Y4RJCKPHk;Blessing
G3310;2;ALex;Albert;;1942-01-09;;+4971234309;;;nein;g9D3xcWDxCmCvjjNdYY3;Blessing
G3310;2;Lex;Albert;;1942-01-09;;+4971234309;;Bempflingen;nein;gwryKiA1rfWDueRjXm2z;Blessing
G3311;2;Weiland;Alwine;;1948-06-12;;+49712360444;;Metzingen;nein;gCBVtOXwuH4gLsZzwkGM;Blessing
G3311;2;weilland;aline;;;;+49712360444;;;nein;o4Ww7wE4VCH7vyDPlyMk;Blessing
G3312;2;Krasniqi;Kaltrina;;2001-09-03;+491722670676;;krasniqi.tina1@web.de;Reutlingen;nein;gDB1LK0Bprav8VUhJNcc;Blessing
G3312;2;Krasniqi;Kaltrina;;2001-09-03;+491722670676;5394830;;Reutlingen;nein;p6sC2OgoPXTn5Ym9Y3ET;Blessing
G3313;2;Binder;Walter;;1948-07-02;;+497128882;;Sonnenbühl;nein;gEhmkhQZjvTlGdJGFS8W;Blessing
G3313;2;Binder;Walter;;;;+497128882;;;nein;u5jZn3CMnubPnBgaREzH;Blessing
G3314;2;Smoljan;Karlo;;2012-01-10;+491787045161;;;Riederich;nein;vsbDEEHGxvL0raHhoYbY;Blessing
G3314;2;snoljan;karlo;;2012-01-10;+491727646196;;;;nein;gGgucOxK6gOOv8csywDN;Blessing
G3315;2;Kouza;Menexia;;1949-08-18;;;;;nein;gHwZRglcITdsTCTN6r2D;Blessing
G3315;2;Kouza;Menexia;;1949-08-18;;1380122;;Reutlingen;nein;vBaUzMicXwwtXxQsdulx;Blessing
G3316;2;Maier;Lena;;;+49 176 43903647;;lemadr@icloud.com;;ja;vQUC4yqfrwuraKCJjOTr;Blessing
G3316;2;Maier;Lena Mareike;;842313600000;+4917643903647;;lemadr@icloud.com;Altdorf;nein;gHyaoPsydC20EM88u1bF;Blessing
G3317;2;Thomsen;Nicole;;860457600000;+491629823662;+497127890436;;Dettingen an der Erms;ja;gIBgqrxDXSOlffeikqav;Blessing
G3317;2;Thomsen;Nicole;;1997-04-08;+491629823662;;thomsen.nicole@t-online.de;;nein;iXxagXLOrPLAWzXTRvjn;Blessing
G3318;2;Beck;Otto;;-1209340800000;;+4971236835;;Metzingen;nein;gIuNAk5VPOsZjZC9H1K3;Blessing
G3318;2;beck;otto;;;;+4971236835;;;nein;raPQFIpRteU8gEQlTp1k;Blessing
G3319;2;Breu;Kirsten;;1966-08-26;;+497129922492;familie.breu@freenet.de;Lichtenstein;nein;gMnVZubwDptQykLt9Qta;Blessing
G3319;2;Breu;Kirsten;;;;+497129922492;familie.breu@freenet.de;;nein;v4tPApPi2IHc7VqQTrqm;Blessing
G3320;2;Martin;Silvio;;1989-06-26;+491773953029;;silvio.jonathan.martin@gmail.com;;nein;gN2M4tsgJKUOpptqtm5r;Blessing
G3320;2;Martin;Silvio Jonathan;;1989-06-26;+491773953029;;silvio.jonathan.martin@gmail.com;Reutlingen;nein;ytLHkLqraQ0H6Mk0IY00;Blessing
G3321;2;Kutter;Andreas;;457660800000;;;;;nein;gO0SeMF2V9no5wQv6lFw;Blessing
G3321;2;Kuttler;Andreas;;457660800000;+491746216667;77682;andreaskuttler@web.de;Pfullingen;ja;tYISDb4S9cJ3pmnZVt6U;Blessing
G3322;2;Buchholz;Gesine;;1979-09-28;;+4971217553310;gesine.buchholz@web.de;;nein;gOSvgSloNFjKLp19KaHW;Blessing
G3322;2;Buchholz;Gesine;;1979-09-28;;;;Reutlingen;nein;u11XYRpPOPIPfAmZVqMo;Blessing
G3323;2;Storsberg;Luca;;2003-07-14;897676;;;Eningen;nein;gWTkpcsW6xSJKa7648bg;Blessing
G3323;2;Storsberg;Luca;;2003-07-14;+491637605568;;micha@familie-storsberg.de;;nein;oaccE7TKK85KhRnhzsBq;Blessing
G3324;2;Doerfel;Marla Maria;;2001-03-02;+4915752875125;;marla.doerfel@outlook.com;;nein;gZgIXXbHAVSG2nVQ5I66;Blessing
G3324;2;Doerfel;Marla Maria;;2001-03-02;+4915752875125;;marla.doerfel@gmx.de;Hochdorf;nein;uYCkmvYoNhH4xyXp0fsf;Blessing
G3325;2;Sestan;Sandra;;1988-04-02;+491736745137;;;Wannweil;nein;gZvOjIuB2b6jsADnBsW3;Blessing
G3325;2;Sestan;Sandra;;1988-04-02;+4917630356319;;sandra.sestan@outlook.de;;nein;gq4JIVkFpn8c4jz86GcD;Blessing
G3326;2;Schneider;Vivien;;;+4915782882282;;;;ja;gbFEl37GWVCjmmNchzzJ;Blessing
G3326;2;Schneider;Vivien;;;;015782882282;;;nein;p2D75eKEfiT2EjMYAasI;Blessing
G3327;2;Ramhari;Kiara;;2018-02-22;+491745160937;;katharina.ramhari@gmail.com;Riederich;nein;gbvWglCxXmliOI1INFAJ;Blessing
G3327;2;Ramhari;Kiara Sheila;;2018-02-22;+491745160937;;n@gmail.com;Riederich;nein;kOGnPdCaweYatlGaAVXq;Blessing
G3328;2;Adami;Fatima;;1145577600000;+491639853222;;hamidaadami5@gmail.com;Betzingen;ja;gc0WUfw7eR8xVIMYAKmv;Blessing
G3328;2;Adami;Fatima;;2006-04-21;+4915752901309;+497121144240;hamidaadami5@gmail.com;Reutlingen;nein;hmaOW6k7ctkfpWplEPHl;Blessing
G3329;2;Stoica;Ioan Aurelian;;1978-11-25;+4915752591714;;;Reutlingen;nein;mRY12VvfXo4Zh2pKKobd;Blessing
G3329;2;stoica;ion aurelian;;1978-11-25;+4915752591714;;;;nein;gciIZHfE9oEfe0a837CI;Blessing
G3330;2;Hauser;Christoph;;1998-08-03;+4915730180751;;christoph.hauser98@gmail.com;Filderstadt;nein;ggH9jdGVKOfZEeBTxIu8;Blessing
G3330;2;Hauser;Christoph Samuel;;1998-08-03;+4915730180751;;;Filderstadt;nein;vGRWasnPtmqGmbmEw4dF;Blessing
G3331;2;Heinlin;Stefanie;;15984000000;+491733456659;;stefanie.heinlin@t-online.de;Pfullingen;ja;gkutqWCsxP3NyEihK8lL;Blessing
G3331;2;heinlin;stefanie;;15984000000;;;;;nein;pylEsKqP4Hc4ibHvrPuC;Blessing
G3332;2;Trück;Tobias;;1987-02-08;+491735213356;;t.trueck@web.de;;nein;gm6E3yTv8OM1ZMvxotQg;Blessing
G3332;2;Trück;Tobias;;1987-02-08;+491735213356;;;Reutlingen;nein;yq5UDigZMrtyQIQDU19b;Blessing
G3333;2;Brunner;Lenni Elias;;2013-11-11;;+4973889970507;;;nein;px5EtdHtPFlsYiq3S7Cx;Blessing
G3333;2;Brunner;Lenny Elias;;2013-11-11;;;;Trochtelfingen;nein;gpxwUY8YS0adot9R7RRm;Blessing
G3334;2;Altmann;Kerstin;;1963-06-26;+491737513507;;l-k-altmann@gmx.de;;nein;gs62kBwBW74l27yJ8t8p;Blessing
G3334;2;Altmann;Kerstin;;1963-06-26;;+497381501449;;Münsingen;nein;iDcRHdQGRMuHeMCjCuo6;Blessing
G3335;2;Magnussen;Yannik;;1990-11-26;+4917681486000;;y.magnussen@gmx.de;;nein;gsyG6oqxu8oBPdtI2C6V;Blessing
G3335;2;Magnussen;Yannik;;1990-11-26;+4917681486000;756738;;Pfullingen;nein;yn0sq8mOYwzwrXbgTGb6;Blessing
G3336;2;Khaimchig;Odonchimeg;;552355200000;+491788253951;;odon_h@yahoo.com;;ja;gudpvmsuykwcAhnvpN3h;Blessing
G3336;2;Khaimchig;Odonchimeg;;1987-07-04;+491788253957;;;Reutlingen;nein;yaicFQozaDRZbaPPQ3qC;Blessing
G3337;2;Klein;Vanessa;;695520000000;+4915117681789;;vany.klein@googlemail.com;;ja;mqP3WEAaEiiznF5Rtrv6;Blessing
G3337;2;Klein;Vanessa Jennifer;;1992-01-16;+4915141227248;;;Nehren;nein;gv4lFFU6ndBHmIwmnMKo;Blessing
G3338;2;Rossberg;Lukas;;1975-02-03;;;;;nein;k3K40BupKhCYdKTpOR6M;Blessing
G3338;2;Roßberg;Lucas;;1975-02-03;;;;Bempflingen;nein;gwPd21dfXXfEY0MXjmYl;Blessing
G3339;2;nguyen;tuan;;1957-12-24;;;;;nein;kNN0ag99mts6N5haqxFe;Blessing
G3339;2;Nguyen;Tuan-Kiet;;1957-12-24;+4915901112246;;;Reutlingen;nein;h3IODHxJWjbXLbnJU7po;Blessing
G3340;2;Walter;Jens;;1988-02-08;+4917144019972;;;Burladingen;nein;h6KcHr0sB1WMRNevgUwq;Blessing
G3340;2;Walter;Jens;;1988-02-08;+491714019972;+4971282757;jens.walter.8233@googlemail.com;Sonnenbühl;nein;vveqM0nqTs2fXFPgqUZX;Blessing
G3341;2;Harder;Simon;;730425600000;;;;;nein;h8FffoUbQltTRyHXrk5z;Blessing
G3341;2;Harder;Simon;;1993-02-23;+4915786190123;;hardersi@outlook.de;Metzingen;nein;nXN8HHt3uyZ4fRiMkQNA;Blessing
G3342;2;Frolik;Erhard;;1954-01-13;;47424;;Reutlingen;nein;hDGA1KRIw2SPNBDSZ1aq;Blessing
G3342;2;Frolik;Erhard;;1954-01-13;;+49712147424;frolik@hotmail.de;;nein;zLaux8g7k2VKw7qAuaht;Blessing
G3343;2;Kaya;Celal;;1977-03-21;+4915776048470;;;Dettingen;nein;hEgH7Uq02SpRO3kHqaGo;Blessing
G3343;2;kaya;cemlar;;1977-03-21;+4915776048470;;celo39@web.de;;nein;lVlz1ohoAOlk8Z81zaqe;Blessing
G3344;2;Schimpf;Simon;;1986-06-16;+491629690461;;simon.a.schimpf@outlook.de;;nein;hEpSaj28AZZiTFbF5afq;Blessing
G3344;2;Schimpf;Simon;;1986-06-16;;334408;;Reutlingen;nein;lJt5zUB7PFNMiTzoe4be;Blessing
G3345;2;Haustein;Anna;;2003-10-09;;+49702262623;aj.haustein@t-online.de;;nein;hGW0uExNUBY9r1IOoWIr;Blessing
G3345;2;Haustein;Anna Joelle;;2003-10-09;+4915158807085;;;Nürtingen;nein;mOwSLwgW46ZnvUaSTauV;Blessing
G3346;2;Buchmüller;Svetlana;;1963-07-04;;+497114411278;;Ostfildern;nein;hGgpWy9Sw66Y84dZdgcH;Blessing
G3346;2;Buchmüller;SWETLANA;;1963-07-04;;+497114411278;buchval@web.de;Ostfildern;nein;vkcnftIcq1LlcVrkYC15;Blessing
G3347;2;Henzler;Swen;;1985-07-21;;+4971275704281;;Aichtal;nein;hGqH3krAvCQ83bV97ka6;Blessing
G3347;2;Henzler;Swen;;490752000000;+491736935199;;swen.henzler@outlook.de;Aichtal;ja;rcwWlXHZ2D13sUhV5Amj;Blessing
G3348;2;Zieger;Bastian;;2001-07-26;+4915734437072;;bastianzieger@web.de;Reutlingen;nein;hIUdNq70Zt6ruguWesZm;Blessing
G3348;2;Zieger;Bastian;;2001-07-26;+4915734437072;25866;bastianzieger@web.de;Tübingen;nein;ukmcyA6DsnagdD8gMm2D;Blessing
G3349;2;Nait Belkacem;Hakim;;1968-02-11;+491753563356;;;Reutlingen;nein;hIqj4nl28wp65wO02ksR;Blessing
G3349;2;Nait Belkacem;Hakim;;1968-02-11;+4917636357583;;naitdienste@hotmail.de;;nein;jEOsaw8v5bOvdrpFppH0;Blessing
G3350;2;Koch;Sven;;1985-09-16;+4917622017350;;sven1685@web.de;Metzingen;nein;hOcl5LJmdJMIRQd313B9;Blessing
G3350;2;Koch;Sven;;495676800000;;;;;nein;kxroS5NYxNoIw6r1HUhZ;Blessing
G3351;2;Niebling;Hannelore;;1938-04-13;;+4971232682;;Metzingen;nein;hOywNQBxLP0u3fIx2a0a;Blessing
G3351;2;Niebling;Hannelore;;1938-04-13;+491733191557;;niebling.andreas@gmx.de;;nein;mY2twCeMxy9YTIXfqYh1;Blessing
G3352;2;Guillen;Aixa;;;+49 1512 9693040;;aixagd@hotmail.com;;ja;hPx8ORoRuUVS4FeU8Jxx;Blessing
G3352;2;Guillen;Aixa;;;+49 1512 9693040;;aixagd@hotmail.com;;ja;vZyIDr1RdNkSOEHEVt5o;Blessing
G3353;2;Hain;Ruthard;;1962-03-11;+4917647176599;;hain.ruthard@gmail.com;;nein;hQDa48Xlb7aCDeGr1DQC;Blessing
G3353;2;Hain;Ruthard;;1962-03-11;;+49712335004;hain.ruthard@gmail.com;Grafenberg;nein;pdigkl2uB4fCkbupu5ia;Blessing
G3354;2;klemenz;david;;2005-12-19;;+4971221305;;;nein;vvCmkRdm9E99JR3C9585;Blessing
G3354;2;Klemenz;David Samuel;;2005-12-19;;+4971221305;;St. Johann;nein;hUjXd0PYZVb2QZ2cKcCH;Blessing
G3355;2;bach;simone;;1997-11-03;+4915777225042;;;;nein;hVDBe6WwZLx5mnitLTbM;Blessing
G3355;2;Bach;Simone Christina;;1997-11-03;;;;Pfullingen;nein;pyhrnArWdTcKrQJfO1Pd;Blessing
G3356;2;Khadra;Mohammad;;1995-01-15;+491723595776;;sam.khadra575@gmail.com;;nein;hVkeWPlr6SsNfb3IRiY6;Blessing
G3356;2;Khadra;Mohammad;;1995-01-15;+491728784875;;;Metzingen;nein;thYyIJcfCYQPXm1B9Bhw;Blessing
G3357;2;Theurer;Timo;;1979-09-08;+491757096046;;;Sonnenbühl;nein;hX5m9TtFjss9xT1aWnR7;Blessing
G3357;2;Theurer;Timo;;1979-09-08;+4915238705317;;timo_theurer@web.de;;nein;uNbDSxtlZcYaESeE0CiK;Blessing
G3358;2;Kailer;Katrin;;1974-08-13;+491751223121;;katrin.kailer@web.de;;nein;hY1S4IyQUPAddu8rbsLQ;Blessing
G3358;2;Kailer;Katrin;;1974-08-13;;+497072505307;;Reutlingen;nein;qJUKsSyIFvPp3TzRYLQ8;Blessing
G3359;2;mainhardt;jens;;1987-09-05;+491782894574;;;;nein;xYdLTLaa8G4HQfZTQ29k;Blessing
G3359;2;Meinhardt;Jens;;1987-09-05;+491782894574;;jens.meinhardt@gmx.de;Metzingen;nein;hbCHiPzfYK6H9aZOaGr5;Blessing
G3360;2;Gottwald;Ulrich;;-232588800000;;+4971234930;;Metzingen;nein;hdeDoO0ErFNHOfAyd9dn;Blessing
G3360;2;Gottwald;Ulrich;;-232588800000;;+4971234930;ulrich.gottwald@web.de;;nein;nwosilVvtFvQdFUrHNQE;Blessing
G3361;2;Aichner;Klaus;;;+491788454476;;;;nein;zRVzzdyoziHtubFptwtF;Blessing
G3361;2;Eichner;Klaus;;1955-08-20;+491788454476;503897;;Tübingen;nein;hlmOCmMmRhK4P4onmvBH;Blessing
G3362;2;Bauer;Gabriele;;1966-03-10;+4915750300422;;bauergabi159@gmail.com;;nein;hmxDA58FljzoO7SEqv31;Blessing
G3362;2;Bauer;Gabriele;;1966-03-10;;55700;bauergabi159@gmail.com;Wannweil;nein;oiv7TULiudAqPBLemigf;Blessing
G3363;2;Burkhart;Anja;;1975-09-08;;+497128927481;at.burkhart@t-online.de;Sonnenbühl;nein;hrGwLYjReWNVk3AmoaVS;Blessing
G3363;2;Burkhart;Anja;;1975-09-08;+491736818734;;at.burkhart@web.de;Sonnenbühl;nein;zAga4nkJ3r5YJKoS6vA5;Blessing
G3364;2;Stephan;Patrick;;1989-09-15;+491777425043;;p.stephan15@web.de;Leinfelden-Echterdingen;nein;hu6b2N2k529GsAf7mBld;Blessing
G3364;2;Stephan;Patrick;;;+49 176 63116212;;p.stephan15@web.de;;ja;yedG2faRRCmEUN2Miszf;Blessing
G3365;2;Bittmann;Maximilian;;2005-09-24;;+4971275702497;;Neckartenzlingen;nein;huUfjG5froMKTqLpLX5C;Blessing
G3365;2;Bittmann;Maximilian;;2005-09-24;+491727096769;;maxi.bittmann@outlook.de;;nein;pg6A5M5uZy6X0ZQiesjH;Blessing
G3366;2;Ataye;Muhammad Sediq;;1989-01-01;+491774723760;;atayesediq849@gmail.com;;nein;hupIjIuxQGE4IsE78AyH;Blessing
G3366;2;Ataye;Muhammad Sediq;;1989-01-01;+4915251903491;;;Reutlingen;nein;kJw3TMnWoEpdCs5RDRsN;Blessing
G3367;2;Heilin;Edit;;1953-01-01;;+49712178253;;;nein;xisDwt9UBswgfDK8T1Io;Blessing
G3367;2;Heinlin;Edith;;-536457600000;;+49712178253;;Pfullingen;nein;hybX9fAbnuyIrnB6xxZT;Blessing
G3368;2;Vakirtzis;Konstantinos;;1979-06-25;+491722126993;;k.d.vakirtzis@googlemail.com;;nein;hz1WgYdQt3UEoXL9QwFh;Blessing
G3368;2;Vakirtzis;Konstantinos;;1979-06-25;+491722126993;6953095;;Reutlingen;nein;uPm2ivucfuLXULKAfFe2;Blessing
G3369;2;Wissler;Oskar;;-419731200000;;+49712341401;;Metzingen;nein;hzTEWeyufyKgovNxUZNC;Blessing
G3369;2;Wissler;Oskar;;1956-09-13;+491629736012;;oskar.wissler@gmx.de;;nein;m6PsiCBZXJ58PO772h1R;Blessing
G3370;2;Hirt;Edith;;1983-11-05;;+4970329553481;edith@hirt-mail.de;Herrenberg;nein;i0DTHwSAxBAUbFYKQwHd;Blessing
G3370;2;Hirt;Edith;;1983-11-05;+4917621320184;;edith@hirt-mail.de;Herrenberg;nein;vXJnS0G5Qgs2fgjuv0Nr;Blessing
G3371;2;Münzner;Michael;;1950-03-01;+491779393551;;michael.muenzner1950@googlemail.com;Pfullingen;nein;i1kLtOhdkrIRFsn1mUqr;Blessing
G3371;2;Münzner;Michael Richard;;-626054400000;;1384432;nzner1950@googlemail.com;Pfullingen;nein;jm1O27939FYpiqK8KooG;Blessing
G3372;2;Selek;Sejmen;;2003-05-25;+4917621197123;;seymen6120@gmx.de;Reutlingen;nein;i6m2uRKDdWl6mcBtdycN;Blessing
G3372;2;Selek;Seymen;;2003-05-25;;;;;nein;ySd2KntITBIZKa6W533I;Blessing
G3373;2;Hennig;Maja;;2003-06-21;;+4971216954777;u.r.hennig@web.de;;nein;nmd45dkGeacAQhEbT3wJ;Blessing
G3373;2;Hennig;Maja Bianca;;2003-06-21;;6954777;;Reutlingen;nein;i7oxr5yjq8Upq7TDFbx8;Blessing
G3374;2;El Harrak;Ayoub;;1993-01-01;+491736641221;;a_elharrak@yahoo.de;Rottenburg am Neckar;nein;iALwxr6Z41r1TEhKpU1L;Blessing
G3374;2;El Harrak;Ayoub;;1993-01-01;;820604;;Rottenburg;nein;qEliAgKlHtaYFfOkKGfY;Blessing
G3375;2;Klocker;Lisa;;2003-09-28;+491725124113;;lisaklocker@gmx.de;;nein;iBeSpeI9pD7gRX9owQlM;Blessing
G3375;2;Klocker;Lisa Marie;;2003-09-28;+491725124113;;;Reutlingen;nein;j80YQMqDQ6YgEh2YwSix;Blessing
G3376;2;Hankele;Kristin;;1988-11-25;;+4974764490841;;Grosselfingen;nein;iLpgZUvqEnoLKyNfJd8Z;Blessing
G3376;2;Hankele;Kristin;;1988-11-25;+491608394237;;kristin.hankele@gmail.com;;nein;zzE2xO8KlVkyeeowmQ9I;Blessing
G3377;2;Alboush;Ahmad;;1994-04-12;+4917641544038;;;Reutlingen;nein;iMfafk7Srg5wrar66Dip;Blessing
G3377;2;alboush;ahmad;;;+4917641544038;;;;nein;qWhuuPknzPfZF4SKlc4m;Blessing
G3378;2;Wannenmacher;Linda;;1998-03-18;+491621094604;;linda.wannenmacher@yahoo.com;Sonnenbühl;nein;iQVvpSyxlQoz82s9kkOA;Blessing
G3378;2;Wannenmacher;Linda Teresa;;1998-03-18;;+4971289274879;;Sonnenbühl;nein;xDiNYyl1JfFBhXr5fiwH;Blessing
G3379;2;Rebaz Latif;Yara;;1257897600000;;;;;nein;iR76scR2qT1DeO1rKcot;Blessing
G3379;2;Rebaz Latif;Yara;;2009-11-11;17620365796;;;Reutlingen;nein;wKvS6QyCRv3IWbIvnPxc;Blessing
G3380;2;Wiedmann-H;Irmtraud Elsbeth;;1964-01-08;;+4971294687;;Lichtenstein;nein;iTX0dyxwRLvgsiqgiQKq;Blessing
G3380;2;Wiedmann-Huber;Irmtraud;;1964-01-08;;+4971294687;;Lichtenstein;nein;wQmsQaCCJjy9MlPWeOpI;Blessing
G3381;2;Slaston;Daria;;1995-03-13;+380956585021;;daruna1995.13@gmail.com;Reutlingen;nein;iUNbrbvgLWi2BXZInona;Blessing
G3381;2;Slaston;Daria;;1995-03-13;+491758852026;;maks7s@ukr.net;Reutlingen;nein;r1khnT7DOfkuMyOg2zzp;Blessing
G3382;2;Schwarzbauer;Gisela;;-308966400000;+491788714325;;schwarzbauer.gisela@t-online.de;;ja;iX3OE4y2BYXudcWZudw6;Blessing
G3382;2;Schwarzbauer;Gisela;;1960-03-18;807861;;;Pfullingen;nein;osbukzUKA0ta1MISV9BW;Blessing
G3383;2;Oeding;Beate;;-727920000000;;+4970254033;volker.oeding@t-online.de;;nein;iZgfbgD9mhHKaAFVAzl7;Blessing
G3383;2;Oeding;Beate;;1946-12-08;;+4970254033;;Neuffen;nein;w2pgsif8vw12vBLEkS4X;Blessing
G3384;2;Schipp;Jacqueline;;2001-03-21;+4915201684749;;jacquelineschipp@icloud.com;Reutlingen;nein;ib1T6SNg9OOMo4JqvPMB;Blessing
G3384;2;Schipp;Jacqueline;;2001-03-21;+4915201684749;;;Reutlingen;nein;rGU0JqhxmU0Er0xalo3v;Blessing
G3385;2;Baumann;Manfred;;1946-03-15;+4915754434619;;baumann-manfred@arcor.de;;nein;ifnyHPOf0CoKIfhDmhIi;Blessing
G3385;2;Baumann;Manfred;;1946-03-15;+4915754434619;+49712733516;baumann-manfred@arcor.de;Neckartailfingen;nein;mFtf59dcp492RfDk6p1W;Blessing
G3386;2;Ali;Fatema;;1998-08-01;+491590149677;;;Reutlingen;nein;ihhazv7iDyzTRBi2osVV;Blessing
G3386;2;Ali;Fatima;;1998-08-01;+4915739060912;;;;nein;liwv8D0e9sCsLwEtrvGX;Blessing
G3387;2;Herrmann;Sarah;;1999-11-16;;+4971283803309;;Mössingen;nein;iicCH3aKeNp0dQ63lDXl;Blessing
G3387;2;Herrmann;Sarah;;1999-11-16;+491795306447;;sarah.herrmann1611@web.de;;nein;mO1aNiFxtK77sKBrWiH4;Blessing
G3388;2;Abröll;Constanze;;1970-12-09;;+4970223060828;;Nürtingen;nein;iihusJBH5VZJNZ4xGWcj;Blessing
G3388;2;Abröll;Constanze;;1970-12-09;;+4970223060828;c.abroell@web.de;;nein;tQF1fbxNPATTup1gpJsY;Blessing
G3389;2;Oezhan;Erkan;;1969-09-15;+491726036331;206608;;Reutlingen;nein;vkBpM7IGlp13Gm1e9qpf;Blessing
G3389;2;Özhan;Erkan;;1969-09-15;+491726036331;;erkanoezhan@web.de;Reutlingen;nein;ikkNCsMYOVGHTwda1QFO;Blessing
G3390;2;Lumetta;Anja;;1984-09-02;+491727343074;;;Reutlingen;nein;inkhc3KHyFczsuZWTRnR;Blessing
G3390;2;umetta;anja;;;+491727343074;;;;nein;rdviYCYTDyr7I13zkYwN;Blessing
G3391;2;Druba;Corinna;;1998-04-25;+491638649547;;corinnadruba@posteo.de;Pliezhausen;nein;ipmcNtXJWTQDmdzTkzvr;Blessing
G3391;2;Druba;Corinna;;;+49 177 3522186;;corinnadruba@posteo.de;;ja;mCSvqWW0xQUYFpFGUebu;Blessing
G3392;2;Rossner;Magdalena;;1918-07-21;;;;Reutlingen;nein;is2dRk3m0qqWg2ADZrWj;Blessing
G3392;2;Roßner;Magdalena;;1918-07-21;;;;Reutlingen;nein;v7ayMc2xh8DoPQcOnL6Y;Blessing
G3393;2;Ostrowski;Verena;;1980-08-23;;623337;;Reutlingen;nein;iwbZyMZxuATsKMfpx9MA;Blessing
G3393;2;Ostrowski;Verena;;1980-08-23;+4917684097679;;hv.ostrowski@arcor.de;;nein;zwcFuY0s63tizEQjFLnE;Blessing
G3394;2;Diallo;Mamadou;;2007-02-10;;+49712143340;;Reutlingen;nein;izSEowVX7jZgh6oP82nh;Blessing
G3394;2;diallo;maumadou;;2007-02-10;;+497121433446;;;nein;scNu12WVtN2L2QN28Ac3;Blessing
G3395;2;koch;Fritz;;1934-09-23;;+497123169233;;;nein;j1zb2ejuoJMEYQeSLtAb;Blessing
G3395;2;Koch;Fritz;;1934-09-23;;+49712315501;;Metzingen;nein;nqvIR1DBoKqLNsSHH9Ec;Blessing
G3396;2;Kolcins;Sergei;;1971-02-22;+491607657026;;;Reutlingen;nein;j2JFPauty4GF1x07txUU;Blessing
G3396;2;Kolcins;Sergejs;;;+491607657026;;kolcin@yahoo.de;;ja;wax96qEZvtUtdJkCm59l;Blessing
G3397;2;Schwarzmaier;Annette;;172627200000;+491779273744;;annette.schwarzmaier@gmx.de;Pliezhausen;ja;j4HWfc7zU6svo19ruOet;Blessing
G3397;2;Schwarzmaier;Annette;;1975-06-22;;+497127580909;;Pliezhausen;nein;n61fHQGUC9wDAtK0KXNy;Blessing
G3398;2;Adis;Stefanie;;;+4915124178901;;;;nein;j4ta9WFArnas5LMsJQcU;Blessing
G3398;2;Adis;Stefanie;;513820800000;+4915124178901;+4971239561858;;Dettingen an der Erms;nein;zSGIgsbpADyXaRULNLD8;Blessing
G3399;2;Kailer;Ilona;;-501552000000;+491607622072;+4971257298;ilonakailer@gmail.com;Bad Urach;ja;uBQqq6nKnApzM0ChM4K4;Blessing
G3399;2;Kreiler;Ilona;;1954-02-09;;+4971257298;;;nein;j5QIzGmMtPECrkAin3Hn;Blessing
G3400;2;Mavis;Hayrullah;;153273600000;+4917676955230;;mavis.nese@web.de;Neckartailfingen;ja;j5hRstPUpv7zu3DLT0Iq;Blessing
G3400;2;Mavis;Hayrullah;;1974-11-10;+4917626265267;;;Neckartailfingen;nein;wHQMblUZm4eAmSoe3XNL;Blessing
G3401;2;Heide;Elsbeth;;-862012800000;;0712332326;;;nein;vyC07Gb2TpFOUhWvwbcy;Blessing
G3401;2;heide;eltsbett;;1942-09-08;+4915774224371;;;;nein;j8cW0n8G1gHTHqx6fpb5;Blessing
G3402;2;Karjinovic;Marijane;;1989-07-04;+4915750298724;;;;nein;j92lMvgXhSZBGw42Ny6W;Blessing
G3402;2;Krajinovic;Mariane;;1989-07-04;;;;Filderstadt;nein;yzOPA8fLGGAEX0At4tgq;Blessing
G3403;2;Knapp;Cornelia;;-200448000000;;+497121338355;micora@web.de;Reutlingen;nein;j9VJ9KU4oLlumHKqHpUF;Blessing
G3403;2;Knapp;Cornelia;;;+4917639218629;;micora@web.de;;ja;s6j6bmZcAyE9pFavsU1H;Blessing
G3404;2;Dropuljic;Gabriela;;2014-06-07;+491629832144;;;Pliezhausen;nein;jBIbZl6gvKa7QvxKN66z;Blessing
G3404;2;Dropuljic;Gabriela;;2014-06-07;;;;Pliezhausen;nein;wRNOZUcVVWd7PbaxWaBc;Blessing
G3405;2;Twirznik;Nicole;;1975-10-24;+491777524106;;;Metzingen;nein;jEgrV1JXOBDLgp4uIQep;Blessing
G3405;2;Twirznik;Nicole;;1975-10-24;+491777524106;+4971233070462;nicoletwirznik@web.de;;nein;scuCLrJkseKVLRlocJm6;Blessing
G3406;2;Buehr;Ingmar;;1980-08-16;928480;;;Abtsgmünd;nein;jHQRwKA7WuQWb1TO8Zh4;Blessing
G3406;2;Buehr;Ingmar;;1980-08-16;+491715732800;;ingmar.buehr@web.de;Reutlingen;nein;nHoHzYta3YdS5Kx2Ojmf;Blessing
G3407;2;Singh;Ruchi;;730166400000;+4915566124116;;ruchisinghfin@gmail.com;Nürnberg;ja;jHeRyH84fcJ2AMnNXhjP;Blessing
G3407;2;Singh;Ruchi;;1993-02-20;+4915566124116;;;Nürnberg;nein;rsyHcAPALjziEh0Z9jZh;Blessing
G3408;2;Strobel;Renate;;1959-12-28;;+4971261233;;Burladingen;nein;jIVMzqbZjfk59qXX19t9;Blessing
G3408;2;Strobel;Renate;;1959-12-28;;+4971261233;linda_9393@web.de;;nein;r6hC9UZ22h0Y2KPGSMNP;Blessing
G3409;2;Schmid;Selina;;1164412800000;;;;;nein;jJdXTjCtkrSCLXQWZALB;Blessing
G3409;2;Schmid;Selina;;1164412800000;+4917634628444;1379861;selisar007@icloud.com;Reutlingen;ja;tVHWXUpaRNZQGJT34T55;Blessing
G3410;2;Mandalkar;Ankita;;1995-09-25;+4917648073247;;ankitamandalkar1@gmail.com;;nein;jLJ1IClEhCJhrRWYafNi;Blessing
G3410;2;Mandalkar;Ankita Raghunath;;1995-09-25;+4917648073247;;;Sindelfingen;nein;zPJ2VWZGM7CA3Y7ASZW0;Blessing
G3411;2;Türkmen;Doga;;2006-04-21;+491796660612;;doga.tkn@hotmail.com;Hechingen;nein;jN5FOzFVyLe1Ej7DBYe3;Blessing
G3411;2;Türkmen;Doga;;2006-04-21;+491796660612;;doga.tkn@icloud.com;Hechingen;nein;yajWPtzpO8mAMoEQ7JBK;Blessing
G3412;2;Gerdemann;Regine;;1956-05-24;;+497121756154;reggerdemann@gmail.com;;nein;nyJkyNRVjJPBEk9Iyzoe;Blessing
G3412;2;Gerdermann;Regine;;1956-05-24;;756154;;Pfullingen;nein;jNAvGcri3069cK0MOoB9;Blessing
G3413;2;Schmid;Katja;;;+49 0160 4550403;;katja.schmid74@gmail.com;;ja;jOOoNQnzDLOWecakzOar;Blessing
G3413;2;Schmid;Katja;;1974-10-14;;+4970252194;katja.schmid74@gmail.com;Beuren;nein;vlZKqSnotucQT8l6A5XO;Blessing
G3414;2;Künstle;Anita;;1969-05-20;+4915229298898;+49712361902;famkuenstle@gmx.net;Metzingen;nein;jSBjTOya0gmalmFfcMuh;Blessing
G3414;2;Künstle;Anita;;1969-05-20;+4915229298898;;famkuenstle@gmx.net;Metzingen;nein;qYUbUU85Wo0hBzJA1F21;Blessing
G3415;2;Bauer;Anett;;;+4915167705774;;;;nein;jT6Fip2lg4FeBs2mJTE0;Blessing
G3415;2;Bauer;Anette;;1989-06-06;+4915167705774;;anettereginabauer@gmail.com;Sigmaringen;nein;z2hF4yMVpM1Ds0cilJxr;Blessing
G3416;2;Starke;Joachim;;1932-04-19;+491627055097;;heikestarke41@gmail.com;;nein;jY1OqMFdxE0rE4iDi5mD;Blessing
G3416;2;Starke;Joachim;;1932-04-19;;+49712315661;;Metzingen;nein;tTjNXgk1UH4C9JSyM3sX;Blessing
G3417;2;Baisch;Luca;;2005-05-04;;+4973871250;;Hohenstein;nein;oyjievAcw0HDYpgsrozq;Blessing
G3417;2;baisch;Lukas;;2005-05-04;;+4973871250;;;nein;jaqj86b4SqelcBFG0ehT;Blessing
G3418;2;Wettstein;amanda;;;+49 1516 2520364;;amandaraewettstein@gmail.com;;ja;jduJGAlqxTvCjM8sq2Ea;Blessing
G3418;2;Wettstein;Amanda;;611366400000;+4915162520364;;amandaraewettstein@gmail.com;Metzingen;ja;yJXfw3PoiQ5CsRd4Fd4v;Blessing
G3419;2;Garripoli;Eleonora;;;+491629057898;;egarripoli@yahoo.com;;ja;jgAfosYMbP6PB4QjrwjE;Blessing
G3419;2;Garripoli;Eleonora;;;+491629057898;;egarripoli@yahoo.com;;ja;nDEvkYb2WWpircqJygw2;Blessing
G3420;2;Witzke;Mariella;;2010-08-20;;;;;nein;lsK9BQTgaj7i8cAV6gJN;Blessing
G3420;2;Witzke;Mariella Noemi;;2010-08-20;+4915121300439;;;Metzingen;nein;jkFW6eQ8NC64SxdP9kLX;Blessing
G3421;2;Wirtz;Janna;;2000-03-16;+4917651961749;;jannacew@gmail.com;Tübingen;nein;jmPQJdQwFy2aUA4ZijZL;Blessing
G3421;2;Wirtz;Janna-Chiara;;2000-03-16;;;;Tübingen;nein;xrFcK3dmfQAocmv4sn4y;Blessing
G3422;2;Voggel;Anika;;1996-12-07;;+497125947816;;;nein;x4koGITDzQpkfbIZ8QZD;Blessing
G3422;2;Voggel;Annika;;1996-12-07;;+497125947816;;Mengen;nein;jnRXMrxf4mWhzJOyPzNR;Blessing
G3423;2;Sentuerk;Aleyna;;2000-06-26;;470356;;Eningen;nein;tK9QbVqiUDGHdoOiZvWO;Blessing
G3423;2;Sentürk;Aleyna;;2000-06-26;+4915752926502;;aleyna.sentuerk@gmx.de;;nein;jo67WW8ujTiMuyn5zLx5;Blessing
G3424;2;Batke;Tina;;;+49 0170 4843098;;tsteeb78@aol.com;;ja;jqXkaeEgHBybJhHKDFQ7;Blessing
G3424;2;Batke;Tina;;1978-01-16;+491704843098;;tsteeb78@aol.com;Reutlingen;nein;oh83UKNeSu6P8p8uaj99;Blessing
G3425;2;Tobias;Karin;;1980-04-30;+4915563274613;;Karin.Tobias@gmx.de;;ja;jsdYgKYP7zgm2iQB4z8e;Blessing
G3425;2;Tobias;Karin;;1980-04-30;+491781784432;+496962835;;Reutlingen;nein;n6wNIAxnhF5h9PaOWhxl;Blessing
G3426;2;Stehle;Felix;;1996-01-30;+491778911679;;;;nein;skboaMQfVI64ZvZaXEYc;Blessing
G3426;2;Stähle;Felix;;1996-01-30;+491778911679;;;Magdeburg;nein;jsi6LRxccBbH7WDsP1V5;Blessing
G3427;2;Schröder;Damaris;;645408000000;+491629068895;7535837;damaris.schroeder@gmx.de;Reutlingen;ja;uVmjoESD2uqMA9p0HI3U;Blessing
G3427;2;Sthroeder;Damaris;;;+491629068895;;;;nein;jvGBuZUBt38IbzzbaWeD;Blessing
G3428;2;Wältring;Malia;;2015-04-13;+4917678405715;;c.waelt@web.de;;nein;jxF5AxKh9zmm2EeAW9BW;Blessing
G3428;2;Wältring;Malia;;2015-04-13;+4917620975388;;;Reutlingen;nein;qBY4dMxoelhz5VZZD5SK;Blessing
G3429;2;Meyer;Helmut;;-293932800000;+4915159456787;;helmut@meyer-neuffen.de;Neuffen;ja;jxNzqsmGkvQqTH3oulgb;Blessing
G3429;2;Myer;Helmus;;1960-09-08;;;;;nein;t5BDkWSDaN40zvwDhhkb;Blessing
G3430;2;Schrade;Petra;;1968-05-06;+491755253208;;schrade-pn@t-online.de;;nein;jxrK0ZGFfKWsBi6mGWU2;Blessing
G3430;2;Schrade;Petra;;1968-05-06;;210010;;Reutlingen;nein;wWp0gi5bwDJKI3mKRLlM;Blessing
G3431;2;Gompper;Martin;;1986-11-11;+4917657614796;;;Reutlingen;nein;k1OvLV9yi8M2hWDb09P4;Blessing
G3431;2;Gompper;Martin;;1986-11-11;+4917620926934;;gomppermartin@gmail.com;;nein;vK8c5MLfG6ZDJRlXfcCK;Blessing
G3432;2;nikolaidis;zoe;;2000-04-09;+4915786033249;;zoenikolaidis@web.de;;nein;k2Gx8XwITjRSe22cJJ89;Blessing
G3432;2;Nikolaidis;Zoe Alissa;;2000-04-09;;+497123389090;;Riederich;nein;rLoAhLyxm3c6U7bvStDS;Blessing
G3433;2;laraia;massimo;;685152000000;;;;;nein;k5eCAz2spL5uuCoThEqt;Blessing
G3433;2;Laraia;Massimo;;1991-09-18;+4917625672675;;;Pfullingen;nein;rvsLXuRX6j9ZlhR7nuYW;Blessing
G3434;2;Haritonski;Eduard;;-229651200000;+4915783824061;;eduard.haritonski@gmx.de;;ja;k7LIF7tB6xMNyLrH4IKL;Blessing
G3434;2;Haritonski;Eduard;;1962-09-22;;24793;;Reutlingen;nein;vFPgFOJGYBEUxz2RF9Yp;Blessing
G3435;2;Dalessio;Levin;;2006-10-07;+4915126889818;;tanja@dalessio-online.de;Lichtenstein;nein;k9G1IbvPjGCMEDTRHd6X;Blessing
G3435;2;Dalessio;Levin Paolo;;2006-10-07;;+497129694065;;Lichtenstein;nein;q4dZ1rrDICPlrFLVN9CZ;Blessing
G3436;2;Hahn;Lana;;1991-08-05;;+497489978768;;Empfingen;nein;k9QLa2Fo7Y4di3fLvT6E;Blessing
G3436;2;Hahn;Lana;;1991-08-05;+491743145540;;lana.hahn@gmx.de;;nein;pmJRHXlaASgGOpbWhBfn;Blessing
G3437;2;Mundt;Karin;;1943-07-27;;+49712123623;ewas-ingenieurplanung@t-online.de;Reutlingen;nein;kDGFQOKwIzphatVH6LtU;Blessing
G3437;2;Mundt;Karin;;1943-07-27;;23623;;Reutlingen;nein;ksPDeMPrAOKDbf2BQ9sz;Blessing
G3438;2;Kizler;Ute;;1979-12-18;+491744779480;;ukiz1812@gmail.com;;nein;kDhxkO5JZhAgjejRotyz;Blessing
G3438;2;Kizler;Ute;;1979-12-18;+4915223277128;;;Burladingen;nein;m554IvR2twqB2kpprL4x;Blessing
G3439;2;Herter;Helmut;;1966-06-09;+4917678257350;;familie.herter@gmx.de;;nein;kEhKr1AMhVff3poZrVZc;Blessing
G3439;2;Herter;Helmut;;1966-06-09;;+49381830;;Reutlingen;nein;lxzhKTkEhE0BvVy4ysrE;Blessing
G3440;2;Nitschke;filas;;2009-02-22;;+4970259110015;;;nein;kFQORBvvHgfCGDWfq6Qd;Blessing
G3440;2;Nitschke;Silas;;1235260800000;;+4970259110015;;Neuffen;nein;yRg00z6CB4dRo8wp00uz;Blessing
G3441;2;körsammar;hanna;;2020-04-18;;;;;nein;qDsSt051SYez5Lrf1Rtp;Blessing
G3441;2;Kürsammer;Hanna Bente;;2020-04-18;+491793893749;;;Pliezhausen;nein;kI2G06sUaCnxLuzKg9NX;Blessing
G3442;2;Teodorescu;Daniela Carmen;;;+491624350445;;;;nein;xocenLQHiZO1rr5gAI90;Blessing
G3442;2;Teodorescu;Daniela-Carmen;;1960-01-16;+491624350445;+49712732984;;Walddorfhäslach;nein;kIOaCBPnPfBog9fTRd3K;Blessing
G3443;2;Bakirtas;Ingrid;;-116985600000;+4915125180466;;bakirtas@t-online.de;Reutlingen;ja;kKBcDwTCzDVXhVJM7mAt;Blessing
G3443;2;Bakirtas;Ingrid;;1966-04-18;+4917650130739;;;Reutlingen;nein;wsZsDhris1PPTE2mP5Dj;Blessing
G3444;2;Vetter;Ida;;2014-10-20;;+4973889999939;isabell.vetter@gmx.net;Trochtelfingen;nein;rwliIZZ7m0snKZ4gfIiW;Blessing
G3444;2;Vetter;Ida Marie;;2014-10-20;;+4973889999939;;Trochtelfingen;nein;kLQeEM06XJzl5YhafWeM;Blessing
G3445;2;Hoyer;Christian;;228960000000;+4917647784608;;nad.huber@web.de;;ja;lk8vAFlVAtZFvax2z64B;Blessing
G3445;2;Hoyer;Christian Thomas;;1977-04-04;+4917621682455;;;Dußlingen;nein;kMASg3rQe4HkCBoCTLPS;Blessing
G3446;2;Zikolli;Antoneta;;1992-05-26;+491724886078;;;Metzingen;nein;kOoYNgKVinL5iadKvTHS;Blessing
G3446;2;Zikolli;antonita;;1992-05-26;+491739091955;;;;nein;xRU0KuL4x7868d4g3kXE;Blessing
G3447;2;Sentürk;Berna;;1992-11-08;+4917610862642;;bernatamara76@yahoo.com;Reutlingen;nein;sfji7CZEDYjOz8D6MicB;Blessing
G3447;2;Sentürk;Berna Tamara;;1992-11-08;+4917610862642;;;Reutlingen;nein;kPAu11JD0SMOk8OpN2Af;Blessing
G3448;2;fromm;Mila;;-440899200000;;;;;nein;x3ZPzbNGAoHNY6FLoA1a;Blessing
G3448;2;Fromm;Milia;;-440899200000;+4917643451414;+497071133090;gerd.fromm@t-online.de;Kusterdingen;ja;kQ7VeKpIlEAG4xneExA1;Blessing
G3449;2;Pfeiffer;Beate;;1955-10-29;;+49712146051;beate.achalm@kabelbw.de;;nein;kQn8ZdEn9U8us7RURnTH;Blessing
G3449;2;Pfeiffer;Beate;;1955-10-29;;46051;;Reutlingen;nein;zi8Llw1sanhS928LfPPm;Blessing
G3450;2;Strecker;Franz;;1927-02-23;;311260;;Reutlingen;nein;kTqwNn64gyKJmDSc3Hhn;Blessing
G3450;2;Strecker;Franz;;1927-02-23;;;;;nein;oTjvijoMqks06powCWbE;Blessing
G3451;2;Gminder;Otto;;1936-01-19;;+497121600900;gminder@gmail.com;;nein;kUJFIVXyZ7OFA8KQ3rMy;Blessing
G3451;2;Gminder;Otto;;1936-01-19;+491787600900;;;Reutlingen;nein;pPDUig2FRAubtDtJSlKD;Blessing
G3452;2;Suchanek;Gerlinde;;1936-11-07;;;;Reutlingen;nein;kXkIjgxdqpoFX7u3VSRz;Blessing
G3452;2;Suchanek;Gerlinde;;1936-11-07;;+497121239230;;Reutlingen;nein;o7jRsGA95ftMeAiB7tWu;Blessing
G3453;2;Baltsios;Georgios;;1965-07-28;+491756510346;;g.baltsios@t-online.de;;nein;kYK2EWe0raXtUGuGZRVF;Blessing
G3453;2;Baltsios;Georgios;;1965-07-28;;230417;;Reutlingen;nein;uaYm5Ze5riAKFVUntvBK;Blessing
G3454;2;Jurkeit;Bärbel;;-721008000000;+491627863418;;;Eningen unter Achalm;nein;kYujuGGBNQ0voe9tmfTn;Blessing
G3454;2;Jurkeit;Bärbel;;1947-02-26;+491627863418;;bajurkeit@gmx.de;Eningen;nein;zNKcwhOuzpqwsztgeyYM;Blessing
G3455;2;Niechoj;Florian;;2003-08-07;+4915152744005;;jacek.niechoj@respiro.de;Pliezhausen;nein;kZTVF5R2hylLBBndTZ3Q;Blessing
G3455;2;Niechoj;Florian;;2003-08-07;+4915112168866;;karin.kaul-niechoj@respiro.de;;nein;moWDjxg1ehv1gb6PdcnT;Blessing
G3456;2;Seeger;Ose;;1976-03-08;+491729526399;+4971216907777;osejoh@gmx.de;Reutlingen;nein;kbf2buKEfLrfeXiXi38J;Blessing
G3456;2;Seeger;Ose;;;+49 172 9524399;;OseJoh@gmx.de;;ja;uWuepcEbfqLgEU2fwrT5;Blessing
G3457;2;unverzagt;simon;;;+491748724443;;;;nein;zknObvzKkFIZqcLhRdlw;Blessing
G3457;2;Unverzagt;Simon Andreas;;1999-03-22;+491748724443;;;Bad Urach;nein;kci6SVJ3CEzrHEbbvKof;Blessing
G3458;2;Wellhaeusser;Nils;;2004-11-06;;+497123720698;;Riederich;nein;nHwI6EHHvTzNjuAyUT7P;Blessing
G3458;2;Wellhäußer;Nils;;1099699200000;+4915172123545;;nils.wellhaeusser@web.de;Riederich;nein;kdAG5Q73qeXdJZH8u8I0;Blessing
G3459;2;Noack;Jana;;2001-08-12;+491601605711;;janamarienoack@gmx.de;;nein;y7EBL8VQFpSXJ3MxKXRB;Blessing
G3459;2;Noack;Jana Marie;;2001-08-12;+491601605711;;;Tübingen;nein;kfmfVOogcnNlmsMFtsjx;Blessing
G3460;2;Brudal;Karin;;;+4917663294503;;;;nein;vZ1uYqYMLXtG8A5aUANl;Blessing
G3460;2;Brudar;Karen;;;+49 176 63294503;;karen.raible@gmx.de;;ja;kfrsGt7FrVOvuuzxe5a8;Blessing
G3461;2;Gobrecht;Jörn;;1968-05-11;+491756418673;;;Gomadingen;nein;kgkZtJr3FVbFBwOyd79z;Blessing
G3461;2;Grobrecht;Jon;;1968-05-11;+491756418673;;;;nein;wN8XGRoXl2wkHFZXeE7I;Blessing
G3462;2;Arnold;Miriam;;1982-02-22;;+4971211361650;;Reutlingen;nein;khfBYPfVpzJ01mFzYsi4;Blessing
G3462;2;Arnold;Miriam;;1982-02-22;+4915117825902;;miriam_arnold@web.de;;nein;oKYcSgNEQWAVzT8cwdTj;Blessing
G3463;2;Bader;Patrick;;495072000000;+491622460519;;;;ja;kiYTmb8RZZLY0Z9advUj;Blessing
G3463;2;Pade;Patrick;;;+491622460519;;;;nein;vyMXIyFYsBnR6mld5vld;Blessing
G3464;2;Klett;Martin;;2001-02-26;;+49712188540;mart-kle@web.de;;nein;kmAUZ1xs0UbjB0Z6dnkD;Blessing
G3464;2;Klett;Martin;;2001-02-26;;;;Reutlingen;nein;t9qH9VodtXXJezkHgAOo;Blessing
G3465;2;Berger;Fredi;;1961-09-02;;+497129694666;;Lichtenstein;nein;kmHl8mUFMH0jYyJIMTEu;Blessing
G3465;2;Berger;Fredi;;;+49 7129 694666;;fredi-berger@gmx.de;;ja;lJ7iwltgwDbfO6QnhIoL;Blessing
G3466;2;Voelker;Christina;;2010-07-05;;+4971218908644;;;nein;yNWh4rV6WVKnuHVxChsU;Blessing
G3466;2;Völker;Kristina;;2010-07-05;;8908644;;Reutlingen;nein;krM5UWUVjvfSeOZtERDV;Blessing
G3467;2;Reiner;Susanne;;;+491606627889;;sw.reiner@web.de;;ja;l5i1Avw5C6brjehUpVFi;Blessing
G3467;2;Reiner;Susanne;;;+4901606627889;;;;nein;mA1NAsp0bJwvnTFTfIVk;Blessing
G3468;2;Nader Hadschi;Helin;;2011-08-10;+4915251347003;;;Reutlingen;nein;l696OamtpvGpCz7ZI0b0;Blessing
G3468;2;Nader Hadschi;Helin;;2011-08-10;+4915238715588;;nura.hadschi@gmail.com;Reutlingen;nein;tg1fBmUs8UDb3nvAXUNR;Blessing
G3469;2;Cavagna;Isabel;;1988-08-21;+4915236615901;;;Reutlingen;nein;x8xyvgkFJDQcCyh0Dt7S;Blessing
G3469;2;cavagna;isabell;;;+4915236615901;;;;nein;lACYDa3L014OU3hL7qCa;Blessing
G3470;2;Schilling-Payton;Annelore;;-505267200000;+491736554091;;annepayton@rocketmail.com;Eningen;nein;lAH3OSKQqyqUXeoRFB6W;Blessing
G3470;2;Schilling-Payton;Annelore;;1953-12-28;;+49890066;;Eningen unter Achalm;nein;whvyyrEYXlPbiM2hOZaL;Blessing
G3471;2;Stiefel;Helga;;1955-01-29;+4915221523732;;helga.stiefel@gmx.de;Frickenhausen;nein;lC6LxeY4y4rJGUXWpRYF;Blessing
G3471;2;Stiefel;Helga;;1955-01-29;+4915221523732;;helga.stiefel@gmx.de;;nein;mNNJM8bahBL2ZkRIEv79;Blessing
G3472;2;Dragicevic;Marina;;1999-02-26;;;;;nein;lCc4dG3WihysxUMAZ8qQ;Blessing
G3472;2;Dragicevic;Marina;;1999-02-26;;;;Metzingen;nein;mBHvUAxFQRBIvXmE7uom;Blessing
G3473;2;Bauer;Manuela;;1967-11-09;;+49712734700;;Aichtal;nein;lEcyNAkUyiK4IwGsiiP6;Blessing
G3473;2;Bauer;Manuela;;1967-11-09;+4915772009274;;elus1@web.de;Aichtal;nein;wybFOqiOc9rNThSa7WLF;Blessing
G3474;2;Kipp;Hannes;;1994-10-06;+4915779655882;;hannes.kipp@hotmail.de;;nein;lGEixGiKZx8noOisqHNO;Blessing
G3474;2;Kipp;Hannes-Alexander;;1994-10-06;+4915779655882;+4971212603852;hannes.kipp@hotmail.de;Reutlingen;nein;wpiCtgYoVYEBOdM0vffv;Blessing
G3475;2;Fiori;Christina;;101520000000;+491727412034;;;Pfullingen;ja;vIwkaXNgXrvnpof9UQSF;Blessing
G3475;2;Fiori;Cristina;;1973-03-21;+491727412034;;cristina2103@gmx.de;Pfullingen;nein;lIBRkultbm623247UNdX;Blessing
G3476;2;Glück;Vincent;;1159833600000;+491637773650;+491515000610;glueck.martin@freenet.de;Reutlingen;nein;lIh1Qp7TRqQQrKsihTkk;Blessing
G3476;2;Glück;Vincent;;2006-10-03;+4915175000610;;gluckvincent496@gmail.com;;nein;v7vUET4tP54B7IpT0I6w;Blessing
G3477;2;Schall;Jana;;1001030400000;+4915756385187;;janamaria0901@gmail.com;Kusterdingen;ja;lLXFaUpBaUGlXzMJC7WI;Blessing
G3477;2;Schall;Jana;;2001-09-21;+4915756385187;+497071538571;janamaria0901@gmail.com;Kusterdingen;nein;puf9G9iTmDWNUUbK7QeZ;Blessing
G3478;2;Müllerschön;Stefanie;;1979-09-09;;+4971218201845;stefanie.muellerschoen@outlook.com;Reutlingen;nein;lRP3VPf8KktbqTIaertU;Blessing
G3478;2;Müllerschön;Stefanie;;;+4917642698182;;stefanie.muellerschoen@outlook.com;;ja;zWfxyXpWa6ndHJxwdSx6;Blessing
G3479;2;Schmider;Frank;;1943-11-15;;;;;nein;lSAgWAYfwCHLuYRV4cl3;Blessing
G3479;2;Schmieder;Frank;;1943-11-15;;;;Reutlingen;nein;mw011uyL1rirBQlWezqA;Blessing
G3480;2;Roths;Andrea;;1958-03-04;;;;;nein;lSru0djNQuaqH5YNppXk;Blessing
G3480;2;Roths;Andrea;;1958-03-04;;+497123277148;;Metzingen;nein;yxlYbSrJVQ3RTK4R92H9;Blessing
G3481;2;Eisenberger;Sibylle;;1974-05-29;+4915153754114;;s.eisenberger@gmx.de;;nein;lWv2xxBFEdlyRDSE0vlm;Blessing
G3481;2;Eisenberger;Sibylle;;1974-05-29;+4915153754114;;;Tübingen;nein;qLs1wcC7eOfmDZaSqdEO;Blessing
G3482;2;Ulrich;Valentina;;1947-03-20;;+497127890699;;;nein;rRN5FgauJkIXHfUmZEoh;Blessing
G3482;2;Ulrich;Walentina;;-719107200000;;+497127890699;;Reutlingen;nein;lXGQaQgf6Ur02vkAsUDk;Blessing
G3483;2;Braun;Karin;;-367891200000;;3834676;;Reutlingen;nein;lXJs3kBdpSGuxvKhcGbV;Blessing
G3483;2;Braun;Karin;;1958-05-06;;+497071911711;;Kusterdingen;nein;vgrkJVMC9JzMik0F1weh;Blessing
G3484;2;Serebriakou;Alexander;;1984-07-30;+4915731299975;;;;nein;lcUP6pJMveSXheUCNuqI;Blessing
G3484;2;Serebriakov;Alexander;;1984-07-30;;;;Reutlingen;nein;y9N0w5sYMAFPwPGFudrR;Blessing
G3485;2;Mickeleit;Ann-Katrin;;662342400000;+491633611336;;anna.mickeleit@gmail.com;Dettingen/Erms;ja;ldI2g8fm0dzesOhhl1Ob;Blessing
G3485;2;Mickeleit;Ann-Katrin;;1990-12-28;+491633611336;;anna.mickeleit@gmail.com;Dettingen;nein;nVJ5BT29Vav3HXqcWR02;Blessing
G3486;2;Gayk;Katrin;;1981-06-08;;+4971211362637;;Reutlingen;nein;le19VrbQUyAhNJYNUV6G;Blessing
G3486;2;Gayk;Katrin;;1981-06-08;+491708769088;;katrinthorsten@web.de;;nein;vDGln3v4ljTY4IWlaZlL;Blessing
G3487;2;Wenzel;Sandra;;401500800000;+4915110436562;+4971253559;sa.wenzel@wenzel-duesen.de;Bad Urach;nein;leNN4dGlL75nA5IX5af5;Blessing
G3487;2;Wenzel;Sandra;;;+4971259553;;sa.wenzel@wenzel-duesen.de;;ja;sBCqpn5t3oxfnItxrcG7;Blessing
G3488;2;Roncabattista;Fabiola;;1982-10-31;+491734024279;;;Eningen;nein;li7Ses5TvX81aUc5yoj0;Blessing
G3488;2;Roncabattista;Fabiola;;1982-10-31;;+4971216955048;fabiolaroncabattista9@gmail.com;;nein;o7QRPzeL5yjAENPuYLSf;Blessing
G3489;2;Brockmeier;Katja;;1983-01-31;;;;Wannweil;nein;ligfi5c11Fs1y86bJzdE;Blessing
G3489;2;Brockmeier;Katja;;1983-01-31;;;;Reutlingen;nein;nNN8rkTfVHYvwt0khR0a;Blessing
G3490;2;Navdar;Alihan;;876182400000;+4917642999918;;alihan.nvdr@hotmail.de;Pfullingen;nein;lk0gLwGOCO5vZCSeX13Z;Blessing
G3490;2;Navdar;Alihan Serhat;;1997-10-07;+4917672999918;;;Pfullingen;nein;lqBPz9vvcAmE51Hbe8go;Blessing
G3491;2;Ibrahikmaj;Arif;;1952-01-10;;;;;nein;oVLRNXCiPBnYK97NKRDI;Blessing
G3491;2;Ibrahimaj;Arif;;1952-01-10;;;;Bad Urach;nein;lm1NWg4bluUPMf9WIbjc;Blessing
G3492;2;Meck;Sandra;;;+497123969924;;;;nein;ln8KfAfrD3xQ8eZoTFLg;Blessing
G3492;2;Mäck;Sandra;;1968-07-06;;+497123969924;;Metzingen;nein;sNzFdRnr4dLxCEeW2K8g;Blessing
G3493;2;Walt;Charlotte;;2010-04-18;+491749278026;;inken10@gmx.de;;nein;su0PbAdhkUG5AWtUtzaZ;Blessing
G3493;2;Walz;Charlotte;;2010-04-18;+491749278026;;inken10@gmx.de;Neustetten, Württ;nein;lniVcDKJdsgrZk5fOlSR;Blessing
G3494;2;Maus;Beatrice;;-188092800000;+491712287048;;gunter.maus@bielomatik.de;Neuffen;ja;lr0Cdrq7ST3z6EIWbMr8;Blessing
G3494;2;Maus;Beatrice;;1964-01-16;+491712287048;;beatrice.maus64@gmail.com;;nein;riQS8kmekqiJJD1E33gv;Blessing
G3495;2;karadag;Enis;;2011-06-29;;;;;nein;to0o45GGGs3D9VtbQyWy;Blessing
G3495;2;Karadag;Enis Arif;;2011-06-29;;+497121290136;;Reutlingen;nein;lsGQZ0MHkZ7S2OaofIRo;Blessing
G3496;2;Weber;Mona;;889056000000;+491793245610;;mona.weber.cx@gmail.com;;ja;lsp8xOEoJxYPCd8kuGcY;Blessing
G3496;2;Weber;Mona Doreen;;1998-03-05;+4915771551199;;;Reutlingen;nein;onav8mzV6QMIa1SrScGx;Blessing
G3497;2;Kozharov;Valeriy;;-754185600000;;6952009;;Reutlingen;nein;luyy6GPcbkJ1qR1Hndd4;Blessing
G3497;2;Kozharv;Valeri;;-754185600000;+4915730747136;;;;ja;zMS03siOfwFl2lmIdvW9;Blessing
G3498;2;Fischer;Lena;;1984-05-20;;;;Eningen;nein;p3MnBc1RNOY3rOosLF1A;Blessing
G3498;2;Fischer;Lena Katha;;1984-05-20;;;;Eningen;nein;lx4VMDjgWIPtJU9YcxaN;Blessing
G3499;2;Bächle;Linus;;2004-12-15;;+49712732939;frankandreasbeachle@gmx.de;Neckartailfingen;nein;m3eZ1nSRaMPRKwZtrb3J;Blessing
G3499;2;Bächle;Linus;;2004-12-15;+4915164841930;;linus.baechle@icloud.con;;nein;pGWH7tBOH2D0k8lBs3OU;Blessing
G3500;2;Ostermayer;Hansjörg;;1954-05-10;;+497071940196;hansjoerg-ostermayer@web.de;Tübingen;nein;mB6shGDa1OSOvPzDKKXa;Blessing
G3500;2;Ostermayer;Hansjörg;;1954-05-10;;+497071940196;;Tübingen;nein;pDCKH3KOccKun4aMINSL;Blessing
G3501;2;Kurowski;ulrich;;-907632000000;;+4971236766;thomas1.k@gmx.de;Metzingen;nein;mGQj8P7w1e2jphUSxNqr;Blessing
G3501;2;Kurowski;Ulrich;;1941-03-29;;+4971236766;;Metzingen;nein;zcZSEtEVMElVzoPuIthM;Blessing
G3502;2;Klose;Edeltraud;;1949-02-26;;+4971233992730;gerhardklose@gmx.net;Metzingen;nein;mHi4tWGKXPOqNkKSBCKz;Blessing
G3502;2;Klose;Edeltraud;;1949-02-26;;+49712392360;info@stausee-hotel.de;Metzingen;nein;wvwrUQtV11lwZpI6NrV5;Blessing
G3503;2;Reithmayer;Maxi;;1999-01-08;+491794194663;;maxi.anre@web.de;;nein;z33YJpNGOqDGxzd4TUu5;Blessing
G3503;2;Reithmayer;Maxi Annika;;1999-01-08;;1388220;maxi.anre@web.de;Reutlingen;nein;mHulrNMnAuTLsJibqKLg;Blessing
G3504;2;Heck;Angie;;2003-01-08;;230837;;Reutlingen;nein;mMXCDyEMti7XEfG7mMuS;Blessing
G3504;2;Heck;Angie;;2003-01-08;+4917660730635;;angie.heck@freenet.de;;nein;xAyF8dnauL8uLe3hRuPV;Blessing
G3505;2;Reinhardt;Klaus-Volker;;1944-12-23;;+497121506225;klaus-volker.reinhardt@t-online.de;Reutlingen;nein;mPKf7LoB0LfRtjgw1LWj;Blessing
G3505;2;Reinhardt;Klaus-Volker;;1944-12-23;506225;;;Reutlingen;nein;x2az9zqBXA6vVXw0CxZG;Blessing
G3506;2;Bazlen;Frank;;1979-10-15;+491788151079;;;Metzingen;nein;mRPPbx63SqKFd4PB5j8k;Blessing
G3506;2;bazlen;frank;;;+491788151079;;;;nein;ssOrgvcXqDybm10fczPP;Blessing
G3507;2;Wetzel;Gisela;;1958-02-07;;+49712361336;;;nein;mUxhhj0QDZic2xEGYG3e;Blessing
G3507;2;Wezel;Gisela;;1958-02-07;;+49712361336;;Metzingen;nein;vIZJaOyfPkpJ6alBHiu5;Blessing
G3508;2;da Pinto;Matheo;;2016-07-12;;;;;nein;mVwFhAukebS7dSiGUD67;Blessing
G3508;2;De Pinto;Matteo;;2016-07-12;;+497127581679;;Neckartenzlingen;nein;uygcuLGYKM8HTw5GenXT;Blessing
G3509;2;Waldner;Manuel;;801792000000;;600581;;Reutlingen;nein;mYaE5zrvBT7vPyCNU31u;Blessing
G3509;2;Waldner;Manuel;;1995-05-30;+4915224450124;;manu_90x@web.de;;nein;s42GWHAWMvnPbq4evaHI;Blessing
G3510;2;Groepler;Jan;;1976-09-13;+491722893138;+497122827554;j.groepler@t-online.de;St. Johann;nein;ziebvnrHKe1dwmQaew06;Blessing
G3510;2;Gröpler;Jan;;;+491722893138;;j.groepler@t-online.de;;ja;mYbEkNzXtRRw26ZFKRc5;Blessing
G3511;2;Metzger;Anne-Marie;;;+491606517087;;a.metzger@posteo.de;;ja;mdMZ3PaBpJv5xwnHYmEp;Blessing
G3511;2;Metzger;Anne-Marie;;;+49 160 6517087;;a.metzger@posteo.de;;ja;vqcRNemNGN2C0bQ0U6VH;Blessing
G3512;2;Gohritz;Uwe;;1961-02-05;+491729501976;;uwegohritz@hotmail.de;Ofterdingen;nein;mgiCnNQfh5ZwH78f7GvQ;Blessing
G3512;2;Gohritz;Uwe;;1961-02-05;+4915560142095;;uwegohritz61@gmail.com;;nein;oJuOuNOiUnO1xoWzH1yq;Blessing
G3513;2;Blessing;Stefanie;;-192326400000;;+497123307744;;Metzingen;nein;miNEP1T8OgEngqTfzZb5;Blessing
G3513;2;Blessing;Stefanie;;1963-11-28;+4915730808314;;blessing.stefanie@web.de;;nein;zMG3Rn5NNLBLpiH86ft5;Blessing
G3514;2;Rotfuß;Vitali;;1982-03-21;+491791479793;;vitali.rolfuss@gmx.de;Reutlingen;nein;mjNmIW1PTx8gPBSjS8Ee;Blessing
G3514;2;Rotfuß;Vitterli;;1982-03-21;+491791479793;;;;nein;qVvnm0N0eNjhbczY0R0g;Blessing
G3515;2;Köstler;Michael;;;+491785469454;;M_koestler@web.de;;ja;mkyi7tTanCzDwTH8Tikj;Blessing
G3515;2;Köstler;Michael;;1975-05-07;;+4971249291127;m_koestler@web.de;Lichtenstein;nein;oRjubfB1QaMu4KP1DWnL;Blessing
G3516;2;Sarabi;Faisal;;355881600000;;017680858420;;;nein;mmIkOtf656oTNJsV3Z4R;Blessing
G3516;2;Sarabi;Faisal;;355881600000;+4917680858420;279662;;Reutlingen;ja;w3oAYtbEf8ylvIppAn5V;Blessing
G3517;2;Hillmann;Damian;;2006-11-12;+4917642629922;;damian.hillmann@gmx.de;;nein;mmOy1ZYSvfAjDZKuct2R;Blessing
G3517;2;Hillmann;Damian Ryan;;2006-11-12;;+4971231610337;;Metzingen;nein;oMYN50pCGLk9Pbbu1Xim;Blessing
G3518;2;Schimpf;Gerhard;;1950-04-29;+491629260865;;sfg1rt@gmail.com;;nein;mnLI6FYu3UMYrM4NYcHW;Blessing
G3518;2;Schimpf;Gerhard;;1950-04-29;+491629260865;61714;;Reutlingen;nein;zT4CmtZFzxc6mcnRgoOI;Blessing
G3519;2;Motta;Emma;;2007-07-30;+491788709828;;mail@katrinmotta.de;Reutlingen;nein;xTgGhGK6SC5IFCXl7PSo;Blessing
G3519;2;Motta;Emma Nerina;;2007-07-30;+491788709282;;;Reutlingen;nein;moFu9v2xfsKEwcHUjJ3Q;Blessing
G3520;2;Beqiri;Halim;;1972-04-24;+4915252825577;;;Reutlingen;nein;mouTz6UwQQM2odIiPSHM;Blessing
G3520;2;Bequiri;Halib;;1972-04-24;;;;;nein;uAPS1FgnsdjHv7uVzhrn;Blessing
G3521;2;Schmid;Claudia;;1973-03-05;+491714111108;;claudia.ina.schmid@web.de;;nein;mqA6hKQrr0ob7hZi245M;Blessing
G3521;2;Schmid;Claudia;;1973-03-05;;;;Reutlingen;nein;oYlg6uGouBMYUqhaGFbC;Blessing
G3522;2;Scheiring;Petra;;1968-07-26;+4915770207182;;scheiring-eyth@t-online.de;Ammerbuch;nein;mqabZpemkc9vubf3bysq;Blessing
G3522;2;Scheiring;Petra;;;+49015770207182;;scheiring-eyth@t-online.de;;ja;vjpSOPHWoMmBWS07Z9bU;Blessing
G3523;2;Schäfer;Erika;;1949-06-29;;+4970256821;;Beuren;nein;mqkxvnqY2mwg78luU8ty;Blessing
G3523;2;Schäfer;Erika;;1949-06-29;+4915206346693;;nine.oster@gmail.com;;nein;vXmir7l5u8qjhxmrfIr9;Blessing
G3524;2;Gecimli;Yildiz;;1970-11-30;+491623383084;+49420029;;Balingen;nein;msiGFhxTQt6r8ZGJm3ML;Blessing
G3524;2;Gecimli;Yildiz;;1970-11-30;+4917630189336;;sternenmeer70@web.de;;nein;vupGmWV0uJa9Lj29m67Z;Blessing
G3525;2;Hotz;Sabrina;;1980-11-15;+491774831283;+4970721262739;s.hotz1180@gmail.com;Reutlingen;nein;n16soujhlPhhEFSWAgPt;Blessing
G3525;2;Hotz;Sabrina;;1980-11-15;+491774831283;;sockidenise@yahoo.de;Reutlingen;nein;wDSL3NPbvvw9pZfVnh9b;Blessing
G3526;2;Hogenmueller;Anna Marie;;2002-09-17;+4915736989466;+497129694663;;Engstingen;nein;n1e8jOLMOmZTW7BtgN0j;Blessing
G3526;2;Okinmueller;Anna;;;+4915736989466;;;;nein;pOxprQ4Rn0yL8Vtint49;Blessing
G3527;2;Lobert;Sandra;;1979-05-20;;+497121743770;;Pfullingen;nein;n9M5gJtX83hvYwLZ9MCg;Blessing
G3527;2;Lobert;Sandra;;1979-05-20;+4917670130984;;sandralobert@freenet.de;;nein;tPpQi8glfCK6rnqplHQb;Blessing
G3528;2;Khalaf;Wesam;;2017-11-04;+4915735548982;;;Reutlingen;nein;nJhPGSXn5MLIvDlaKtm0;Blessing
G3528;2;Khalaf;Wesam;;2017-11-04;;;;Reutlingen;nein;rZSrDBudjD46MGTAqLBt;Blessing
G3529;2;Wetzel;Elke;;1969-11-09;;506661;;Reutlingen;nein;nLo0iWPtlLLCjfAz3Mng;Blessing
G3529;2;Wetzel;Elke;;1969-11-09;+491729728923;;elke_wetzel@yahoo.com;Reutlingen;nein;x654iBFararcmYn6rfDM;Blessing
G3530;2;Stolle;Elke;;1973-05-24;+4917621625355;;stolle-elke@gmx.de;Pliezhausen;nein;nMZ1kufjU2948GccgzXY;Blessing
G3530;2;Stolle;Elke;;1973-05-24;+4917621625355;;elke.barbic-mommer@web.de;Pliezhausen;nein;svTT0SXY1zo3Y9xCBZNv;Blessing
G3531;2;Lampeidel;Jan Thilo;;;+4915233881160;;;;nein;smjV80wzIgjvhMSrwxM3;Blessing
G3531;2;Lampeitl;Jan-Thilo;;350611200000;+4915233881160;;jan-t@outlook.de;Reutlingen;ja;nRz4SL3shBjwMNYQ5Hew;Blessing
G3532;2;Tröster;Kathrin;;;+49 1578 5078247;;troesterk@web.de;;ja;nXh0NpJhAVASz9aWq1oB;Blessing
G3532;2;Tröster;Kathrin;;1985-09-28;;+4971213825845;troesterk@web.de;Reutlingen;nein;sSzJuy0yxAElHfQ2GwKw;Blessing
G3533;2;Nesper;Iris;;1957-12-14;;+49712341443;;Metzingen;nein;nXuPFnI7JKJ1Wg39x2VX;Blessing
G3533;2;Nesperer;Iris;;1957-12-14;;+49712341443;;;nein;wxDmQ1UiPTHRcTPcPfL1;Blessing
G3534;2;Katsoulis;Ramona;;-44928000000;;+4971278413;;Reutlingen;nein;ngeCAi9E6ZXUVVHCrfoe;Blessing
G3534;2;Katsoulis;Ramona;;1968-07-30;+4915123333397;;ramona.katsoulis@gmx.de;;nein;ukFCusaAKVNNI6LkyfAa;Blessing
G3535;2;Brill;Jakob;;1937-11-08;+491726137045;;jakobbrill31@gmail.com;;nein;nnWAf9jcgh6zfvgPpjOK;Blessing
G3535;2;Brill;Jakob-Georg;;1937-11-08;+491726137045;;;Bad Urach;nein;ykzJuyLRjpiMWNKoIOhw;Blessing
G3536;2;Krämer;Beatrix;;-186105600000;+491739448988;;;Metzingen;ja;nobxEyPvQ14QCdt9YRnL;Blessing
G3536;2;Krämer;Beatrix;;;+491739448988;;;;nein;x8VI4fIZQMYG1gxp00bc;Blessing
G3537;2;Schoppa;Anca;;1989-07-01;+4917658874639;;anca.cristea.a@gmail.com;;nein;nptVhxEsYBs4vigl2kGu;Blessing
G3537;2;Schoppa;Anca-Andreea;;1989-07-01;+4915739543311;;;Reutlingen;nein;rGRDqRwBPFZc4zSYCeYm;Blessing
G3538;2;Quaceci;Jasmin;;1993-08-16;+491787351548;;;Sonnenbühl;nein;nreLSLeFTDPjJNRTCrGT;Blessing
G3538;2;quaeeci;jasmin;;1993-08-16;;;;;nein;xxcDn1dZ5dx4JKpk0fVf;Blessing
G3539;2;Iannuzzi;Pasqualino;;1984-07-22;;+49712111364457;;Pfullingen;nein;nrljkEwwDiy4h6DObZBN;Blessing
G3539;2;Iannuzzi;Pasqualino;;1984-07-22;+4915734523662;;lino.innuzzi22@gmail.com;;nein;rb07w3oa4RecgyQLlgqz;Blessing
G3540;2;Löffler;Renate;;-1106352000000;+329545;;;Reutlingen;ja;ntN6lOA52wR9dARD19s9;Blessing
G3540;2;Löffler;Renate;;-1106352000000;;;;;nein;s8emhGsnBohjMfUtnHxe;Blessing
G3541;2;Schotter;Anatoli;;1969-03-27;;+497123958174;;Metzingen;nein;nx3jdE09VCdPnIYLeGmC;Blessing
G3541;2;Schotter;ANATOLISCH;;1969-03-27;;+497123958174;;;nein;pmmDACMqGK0KYbBt9pBn;Blessing
G3542;2;bauer;karl;;1943-10-31;;;;;nein;xRFsyTZkT1KqMxnBmtjy;Blessing
G3542;2;Bauer;Karl Eugen;;1943-10-31;+491727376282;;;Neckartailfingen;nein;nxZqH2nSdQu7fhloffMv;Blessing
G3543;2;faour;nabin;;1991-08-03;+4915787319199;;;;nein;nyW54afNh6PMGdXHyY5l;Blessing
G3543;2;Faour;Nadim;;1991-08-03;+4915787319199;+4915787944306;;Reutlingen;nein;sY8s5ZxpKDLNA6MkhZH8;Blessing
G3544;2;Ghazi;Amer;;1958-07-01;;9943037;;Reutlingen;nein;o3fqD6qj7uECKvhzMUsj;Blessing
G3544;2;Ghazi;Amer;;1958-07-01;;+4971219943037;anassr76@gmail.com;;nein;yxbB6wnZSbfYOyTRau6w;Blessing
G3545;2;Sohler;Thorsten;;1977-04-22;+4915251359095;6964141;;Reutlingen;nein;o7X1zeZTtrr6cQElAScv;Blessing
G3545;2;Sohler;Thorsten;;1977-04-22;+4915251359095;;t.sohler@gmx.de;;nein;pVpHlzNdCj58A1MTHH49;Blessing
G3546;2;Rösch;Lukas;;963014400000;;01627785754;;;nein;oAYc0RBbstnaxe0YbAX5;Blessing
G3546;2;Rösch;Lukas;;2000-07-08;+491627785754;+497161923538;;Wangen;nein;wg3j9gJqYN9aCn46vSeY;Blessing
G3547;2;Hellmann;Ute;;1962-12-12;+4915772496788;;ute.hellfrau@gmx.de;;nein;oB0gTKV4zh4ZZ89MpVof;Blessing
G3547;2;Hellmann;Ute;;1962-12-12;;+497121210452;ute.hellfrau@gmx.de;Reutlingen;nein;q7zRf8xNNvJGKszBhti0;Blessing
G3548;2;Spiegelhalter;Heike;;1968-10-08;;+497121338269;heike.spiegelhalter@gmx.de;;nein;oGev2EMtXpoLQy4bt2lc;Blessing
G3548;2;Spiegelhalter;Heike;;1968-10-08;;338269;heike.spiegelhalter@gmx.de;Reutlingen;nein;wgzG56cBPOg0XWNJlZYH;Blessing
G3549;2;Thomas;Miriam;;;+4915730180317;;;;nein;to1tSCOkRxymPUBxNf3s;Blessing
G3549;2;Thomas;Mirjam;;1995-10-26;+4915730180317;;mirjam9595@hotmil.de;;nein;oIIvW8Sr41h1crXmO1m7;Blessing
G3550;2;Kuch;Ute;;;+497121346745;;u_kuch@web.de;;ja;oIJBpacoRcsl2cTGLiAx;Blessing
G3550;2;Kuch;Ute;;1959-01-29;;+497121346745;u_kuch@web.de;Reutlingen;nein;wL2niVo2xErhIhuglhnQ;Blessing
G3551;2;Czebeka;Robin;;1993-07-03;+4917442007266;;;Kusterdingen;nein;oNaILrJcMFygAHy16OlA;Blessing
G3551;2;Czebeka;Robin;;1993-07-03;+491742007266;;rczebeka@web.de;;nein;uhM5VBfx26JObwspYOEg;Blessing
G3552;2;Gomolla;Laura;;2004-08-30;+4915732064951;;lauraemiliegomolla@gmail.com;;ja;oOTnl0zJKKCOZar7b5ri;Blessing
G3552;2;Gomolla;Laura Emilie;;1093824000000;;;;Reutlingen;nein;y9NjBb1zTXsuFVERZI3f;Blessing
G3553;2;Singh;Aadarsh Kumar;;1995-02-24;+4917645778613;;;Reutlingen;nein;qNd4Z0aFExf8XcJecjtb;Blessing
G3553;2;Singh;Aawarsh;;;+4917645778613;;;;nein;oPOhsuMEc4Wd3MF0mbdj;Blessing
G3554;2;Foullier;Hans-Ulrich;;;+497123889886;;;;nein;s27cYYvF4dSX9xOfMdz5;Blessing
G3554;2;Soulier;Hans-Ulrich;;-565142400000;;+497123889886;;Metzingen;nein;oSY5hNBqkWDCrrd1v8I7;Blessing
G3555;2;Holdean;Manuel Christain;;2001-01-02;+4915782846573;6964459;;Pfullingen;nein;wd9mpSsyDWGcnCanlCXu;Blessing
G3555;2;Holdean;Manuel Cristian;;2001-01-02;+4915782806573;;;Pfullingen;nein;oT1uYmiP0VSQQ8mT4Imv;Blessing
G3556;2;Guerrero Ortiz;Alma;;1995-06-03;+4917630101124;;;;nein;tUBEOWSYMbvdybNE8rgX;Blessing
G3556;2;Guerrero Ortiz;Alma Erandy;;1995-06-03;+4917643372569;;;Reutlingen;nein;oUe3YtPSarAaea09IQCC;Blessing
G3557;2;Knauss;Cornelia;;1954-08-27;;+497071770640;;Tübingen;nein;oVb5P2lSB7S3sRpYZ5vr;Blessing
G3557;2;Knauss;Cornelia;;1954-08-27;+4917652085563;;cornelia_knauss@gmx.de;;nein;z7IUVErIQHcuvgnNRkS3;Blessing
G3558;2;marschal;PATRITIA;;1970-03-07;+4915115266587;;;;nein;wsC5xFXlBLHB6TWbrUBk;Blessing
G3558;2;Marschalt;Patricia;;1970-03-07;+4915115266587;;;Filderstadt;nein;oag2cphYowlwVD9C0IKS;Blessing
G3559;2;Leibl;Monika;;1959-03-28;;+4971211371748;monikaleibl@web.de;;nein;ob9tiHlg8JPMKp0UgPKn;Blessing
G3559;2;Leibl;Monika;;1959-03-28;+4917672436354;1371748;;Dettingen;nein;usxTlX7YRDsCYZ9Wv5p2;Blessing
G3560;2;Kahlert;Vera;;1987-11-15;+4917686757550;;;Reutlingen;nein;ociQSSwb1PdXdOQFfqZ1;Blessing
G3560;2;Kahlert;Vera Amanda;;1987-11-15;+4917686757550;;verakahlert@gmail.com;Reutlingen;nein;vMvq7rnBucvXqlA9Mpbk;Blessing
G3561;2;Turra;Tobias;;1992-11-04;;32022;;Reutlingen;nein;oeJEfre2Y3eMgymS28AQ;Blessing
G3561;2;Turra;Tobias;;1992-11-04;+4915153646493;;tobias.turra@freenet.de;;nein;q6jRUOvYV6OBo2d76BiC;Blessing
G3562;2;Ohl;Manuela;;;+49015124085477;;manu.ohl@googlemail.com;;ja;ofNPhqFtvIZ5LqmLYmbJ;Blessing
G3562;2;Ohl;Manuela;;-55382400000;;+4971217535391;manu.ohl@googlemail.com;Reutlingen;nein;zE2pAX3h4a23t8eanByZ;Blessing
G3563;2;Max;Alena;;1981-10-20;;1377181;;Reutlingen;nein;oferJw3lAQ8xEfLNPqoL;Blessing
G3563;2;Max;Alena;;372384000000;+4915788204064;;max.alena@yahoo.de;;ja;v5gEbVHPU10evpUziFTp;Blessing
G3564;2;Hilmers;Birgit;;1965-04-28;+491793881726;;juhibi@freenet.de;;nein;oms2tweElxtnRm3TLs90;Blessing
G3564;2;Hilmers;Birgit;;1965-04-28;+491793881726;;birgit.hilmers@gmx.de;Reutlingen;nein;zqdkYL0xf88EinNBCZft;Blessing
G3565;2;Beltrame;Vittorio;;-154051200000;+4915784201398;;beltramemaria@yahoo.com;Gomaringen;nein;ooFdKErkawU6hwviK00G;Blessing
G3565;2;Beltrame;Vittorio;;-154051200000;+491739504833;;squalo266@gmail.com;;ja;qdcVUv920bMxlQpfP6Dv;Blessing
G3566;2;Nguyen;Thi-Hue;;-226195200000;;;;;nein;opQ2WVVxaW1KpB2UeQj1;Blessing
G3566;2;Nguyen;Thi-Hue;;1962-11-01;;6965077;;Reutlingen;nein;uIX1S1SWOaTRSyrvOu4l;Blessing
G3567;2;SLAVIC;luka;;2008-04-21;;+4974319717468;;;nein;orU2DIBgPKsI9t459iY5;Blessing
G3567;2;Slavnic;Luka;;2008-04-21;+4917632651638;;;Albstadt;nein;rtvpQRR1Ic5Ox2248gia;Blessing
G3568;2;Schreyer;Ingrid;;-391046400000;+491623204177;;ingrid.schreyer@wannweil.de;;ja;p5YvEJEUIVf8Vk9ZLbIV;Blessing
G3568;2;Schreyer;Ingrid;;1957-08-11;;+497121579872;;Wannweil;nein;wKLgp0m32Azgcp8BChjf;Blessing
G3569;2;kELLER;JIRINA;;;+491776428393;;;;nein;p5deHkE54SYQMdun50JL;Blessing
G3569;2;Keller;Jirina;;1964-10-29;+491776428393;;;Pfullingen;nein;rWWpQtKFBqfgPRelFG0a;Blessing
G3570;2;Herle;Maris;;1939-01-20;;+4971574655;;;nein;pCVq47p6P3FnCmDYQKY4;Blessing
G3570;2;Härle;Marlies;;1939-01-20;;+4971574655;;Waldenbuch;nein;rSVVgQ0Pu86AfhzutsQZ;Blessing
G3571;2;Karsten;Nikolaus;;1966-08-31;+491715122984;;karstenjanna@web.de;;nein;pHsCTbXBNv34Tet4SNrf;Blessing
G3571;2;Karsten;Nikolaus;;1966-08-31;;;;Reutlingen;nein;pnn0ZqFYgN17fjst2zyn;Blessing
G3572;2;Alkharat;Sally;;2018-11-17;+4917670620201;;;Reutlingen;nein;pHtbMeWXgqDEyVD8dZhn;Blessing
G3572;2;Alkharat;Sally;;2018-11-17;;;;Reutlingen;nein;vOpaMx7yqsmT3xtzoJIq;Blessing
G3573;2;Wilberg;Tim;;2001-02-22;+4917660173089;;mawi22@gmx.de;Mehrstetten;nein;pLdZmKQTj4ikHLROxpSZ;Blessing
G3573;2;Wilberg;Tim Klaus;;2001-02-22;+4917674748912;;;Mehrstetten;nein;ybzc9HISLSAd67Bw4Js8;Blessing
G3574;2;Drechsler;Heidemarie;;-765072000000;+491607578119;;heidemariedrechsler@arcor.de;Metzingen;ja;pMyTFcC2vErFI8mUCGIy;Blessing
G3574;2;Drechsler;Heidemarie;;1945-10-04;;+4971234732;heidemariedrechsler@arcor.de;Metzingen;nein;uOD6SZUlsxprxRX3xkvW;Blessing
G3575;2;Saleem Sola;Valeria;;1989-01-29;+491704332963;;vali_1989@hotmail.de;;nein;pQXzucpUb4hWuDDnbzs7;Blessing
G3575;2;Saleem Sola;Valeria;;1989-01-29;;+4971233806943;;Riederich;nein;v54CqYlQOB3hCY0QcD2S;Blessing
G3576;2;Glück;Ronja;;1997-08-27;+4915782982742;;ronja.glueck@gmx.de;;nein;pXEUFNQeC9xmahFL2y97;Blessing
G3576;2;Glück;Ronja Marie;;1997-08-27;+4915785961003;+497387984152;;Hohenstein;nein;pSH0zSOUondN63IridbM;Blessing
G3577;2;Rau;Lisa;;2001-10-12;+491734784005;+49716243061;lisarau1210@icloud.com;Süßen;nein;pTPdSQRaDuWbQkMc41zy;Blessing
G3577;2;Rau;Lisa;;2001-10-12;+491734784005;;lisarau1210@icloud.com;;nein;vJnkvQD5REkabee0SF5x;Blessing
G3578;2;bora;carlotta;;2019-10-15;;;;;nein;sXwxqgp2JDTMUz524qaE;Blessing
G3578;2;Bora;Carlotta Katharina;;2019-10-15;+491732325389;;;Reutlingen;nein;pTPjkBP86Bvy3gn0BmQh;Blessing
G3579;2;Geiselhart;Melanie;;1980-09-14;;;;Reutlingen;nein;pTr1yRVSL6g6vmLWC3vd;Blessing
G3579;2;Geiselhart;Melanie Mira;;1980-09-14;+4915254238852;;gmelaniemira@yahoo.com;;nein;wq1Ocp6p1tPq4SDrQfu7;Blessing
G3580;2;tadrous;arsany;;1988-02-27;+4915251377872;;arsany007@gmail.com;Reutlingen;nein;sOGc7t6TbVRVnDdae8tD;Blessing
G3580;2;Tadrous;Arsany Nashaat Shafeik;;1988-02-27;+4915251377872;;;Reutlingen;nein;pUK0ldmzdh8cCtirlxhO;Blessing
G3581;2;Schönleber;Paul Elias;;2009-08-28;;+497373921667;;Wäschenbeuren;nein;pVhTNsmuhzNprmgUoprV;Blessing
G3581;2;Schönleber;Paul Elias;;2009-08-28;+4917621127829;;daniela.schoenleber@gmail.com;Wäschenbeuren;nein;x0gYZWgqVZFQ38QJhSfk;Blessing
G3582;2;Kirchner;Paula;;2018-08-27;+4917696871575;;kathykevala@posteo.de;Burladingen;nein;pWcoGExkT5ZUkwjS3wgt;Blessing
G3582;2;Kirchner;Paula Rita;;2018-08-27;+4917696871575;;kathykevala@posteo.de;Burladingen;nein;qhqqInZXM71yfN1N0Zgo;Blessing
G3583;2;Baukloh;Emely;;2013-11-27;+4915125212477;;;;nein;pZyfupdHXDbOhgL2BqWK;Blessing
G3583;2;Baukloh;Emily;;2013-11-27;;+4971128464666;;Stuttgart;nein;qIjrJSHgynFLjcZizylU;Blessing
G3584;2;Lentini;Beate;;1965-03-03;;+4973732442;b.lentini@gmx.de;Pfronstetten;nein;pcQvgTndvBm7O6I1c6cO;Blessing
G3584;2;Lentini;Beate;;;+4915751211737;;b.lentini@gmx.de;;ja;tgzNdqwlJZlCk51jdIVC;Blessing
G3585;2;Bensch;Lorenz;;2014-04-21;+4917696516712;;carolin.bensch@gmx.de;Reutlingen;nein;qdM9NmEqfW9gtZqnEzza;Blessing
G3585;2;Bensch;Lorenz Johannes;;2014-04-21;;;;Reutlingen;nein;pdMHLWVGpMexK2LOZo9p;Blessing
G3586;2;Kocher;Susanne;;1967-01-30;;+4971211366034;kochersusi@web.de;;nein;pfbbWDEdtTJjEalVCANc;Blessing
G3586;2;Kocher;Susanne;;1967-01-30;;;;Reutlingen;nein;sk29jyE6JuvkNNHHKiiF;Blessing
G3587;2;Fritschle;Stefan;;1964-09-29;+4915755224925;;fritschlefamily@web.de;;nein;piHbquSBWGeKJs83jxnp;Blessing
G3587;2;Fritschle;Stefan;;-165888000000;;+4971253981;;Bad Urach;nein;rSr8SvyNEo0pQwJHmxcD;Blessing
G3588;2;Lever;Beate;;1965-03-22;;+497121321406;beate-lever@gmx.de;Reutlingen;nein;pmAi48mWCTsBX8gXxPC1;Blessing
G3588;2;Lever;Beate;;1965-03-22;+4915750357354;;beate.lever@gmail.com;Reutlingen;nein;vw5iBwTHlFryA35MjLmE;Blessing
G3589;2;Kim;Young-Min;;1983-01-24;+4917640348346;;;Reutlingen;nein;sJZ01Z8APuHJccVhLbEQ;Blessing
G3589;2;Kim;Youngmin;;1983-01-24;+4917640348346;;;Reutlingen;nein;pqk8ULGPHrHJ6wW6Gygs;Blessing
G3590;2;Herrmann;Luna;;2003-08-06;+4915157785253;;;Pfullingen;nein;psGbrpz5S1UNQ2Y2dOyF;Blessing
G3590;2;Herrmann;Luna Marie;;2003-08-06;+491623937624;;;Pfullingen;nein;vVRU45VRelEtwp0kD8Wz;Blessing
G3591;2;Glock;Karin;;1958-02-18;;45585;;Reutlingen;nein;tVrrpBserSbvh0GC5Zg6;Blessing
G3591;2;Glock;Karin Bernadette;;1958-02-18;;+49712145585;;Reutlingen;nein;puEIZuai8igGQkjaZO5Q;Blessing
G3592;2;Astfalk-Höll;Manuela;;1974-07-03;+491797934953;880135;;Eningen;nein;vvwXjUzsrshiKWBoYExe;Blessing
G3592;2;Astralk-Höll;Manuela;;1974-07-03;;+497121880135;;;nein;puG389rLUWSZoMpIkOGe;Blessing
G3593;2;Haasler;Andrea;;1960-11-11;+4915125339618;;andrea_haasler@t-online.de;;nein;pwA36Ynt8TueoPYCzzl0;Blessing
G3593;2;Haasler;Andrea Maria;;1960-11-11;+4915125339618;;;Pfullingen;nein;wcwOmelCGeUJ1YVr4BPX;Blessing
G3594;2;Procopio;Tomaso;;2002-03-22;;;;;nein;q5AOXV1KgyjZBq8tEYMa;Blessing
G3594;2;Procopio;Tommaso Matthias;;2002-03-22;+491722967359;;;Metzingen;nein;tFUSUHJtF9k3NQptZBtu;Blessing
G3595;2;Kilic;Sezgin;;1965-02-05;+491726040610;;sezginkilic65@hotmail.de;Ebersbach;nein;q5oqzgdSV1bXJbIXzPwQ;Blessing
G3595;2;Kilic;Sezgin;;1965-02-05;+4917632313033;;gulisan28@gmail.com;Ebersbach;nein;xpbEKgCZy5yYdlISsSDm;Blessing
G3596;2;Ströle;Willi;;-651369600000;;+497128494;stroele@gmx.de;;nein;q9hYtBZ78eWbiSGSJ9Nu;Blessing
G3596;2;Ströle;Willi;;-651369600000;;+497128494;;Sonnenbühl;nein;y6KLhLJ4ECSjs4KeOUKO;Blessing
G3597;2;Romanczyc;Artur;;1980-10-06;;;;;nein;qeXKHNot7LGWgsAQGfFO;Blessing
G3597;2;Romanczyk;Artur Sylwester;;1980-10-06;+4915171780620;;;Pfullingen;nein;qAhDwBSGFmxTn0Nyw67K;Blessing
G3598;2;Kafkas;Viktoria;;1972-01-04;+491717059186;;v.kafkas@t-online.de;;nein;qDARiUcbJwm7iyr2GQdn;Blessing
G3598;2;Kafkas;Viktoria;;1972-01-04;;230417;;Reutlingen;nein;svJv9zlcleOMjkkiahZE;Blessing
G3599;2;Kunz;Lisa;;1998-08-28;;+497127890995;kunz.lisa@gmx.de;;nein;qDiHJQnNJKiEKOW0LS0z;Blessing
G3599;2;Kunz;Lisa;;1998-08-28;+491772570805;;;Pliezhausen;nein;yHG3gjB2uz1KO0jyVX7O;Blessing
G3600;2;Siemon;Smiljana;;-748224000000;;+497382226;;Grabenstetten;nein;xJ7vEVq1l04cK1QztpEU;Blessing
G3600;2;Sien;Simuliana;;;+497382226;;;;nein;qJAMNog606aPiCjgqoQU;Blessing
G3601;2;Giese;Matthias;;-14083200000;+4915730443138;;magiese22@gmx.de;;ja;qKARDxcVspnGyKuvpsMl;Blessing
G3601;2;Tiase;Matthias;;;+4915730443138;;;;ja;t6VrPXp11IqP7DrADGc6;Blessing
G3602;2;Eberle;Ulrike;;-73785600000;;+497121278285;misel.tkalcec@bruderhausdiakonie.de;Reutlingen;nein;qNR4r4nHtxpkDzyOeUgn;Blessing
G3602;2;Eberle;Ulrike;;1967-08-31;;+497121278285;;Reutlingen;nein;uKQMlsvTLItBGJMt0dsy;Blessing
G3603;2;Seefeler;Marthrit;;;+497123962604;;;;nein;rQd2U8wdSJx6eSlNoD82;Blessing
G3603;2;Seiferle;Margret;;-548380800000;;+497123962604;margret.seiferle@t-online.de;Metzingen;nein;qQ1XemAVQ9Bto8QTHRuT;Blessing
G3604;2;torora;Vrancesca;;1969-05-11;;;;;nein;tKt6WAifxUPov7WfAiFL;Blessing
G3604;2;Tortora;Francesca;;1969-05-11;;;;Reutlingen;nein;qR8oQTrTNkSWtOfhVhDX;Blessing
G3605;2;Möck;Nobert;;1962-08-27;;+49712148370;;;nein;qRbXqECUoRnqoWuAdn0e;Blessing
G3605;2;Möck;Norbert;;1962-08-27;;;;Reutlingen;nein;zvAdBUj7AKtvALODXn7b;Blessing
G3606;2;Schwan;Ana;;1983-08-10;+4917686978669;;;Leinfelden-Echterdingen;nein;qWexf1CHhtooCGKTbGAM;Blessing
G3606;2;Schwan;Ana Larisa;;1983-08-10;;;;Leinfelden-Echterdingen;nein;y7tq5DQoreP7HkiwdAhc;Blessing
G3607;2;Puechner;Stefanie;;-31363200000;;;;;nein;zr5qvZ7yeA2DhBBEbWvG;Blessing
G3607;2;Püchner;Stephanie;;1969-01-03;+4901726274297;23355;;Reutlingen;ja;qXYqgv7oZnSTsPCMIMvs;Blessing
G3608;2;Depner;Christine;;1962-11-19;;+497121493989;;Reutlingen;nein;uAHbazKDYJPzmZ3QVNq8;Blessing
G3608;2;deppner;christine;;1962-11-19;;+497121493989;;;nein;qaEf0rq8Qmu7oFoc099X;Blessing
G3609;2;Braun;Yona;;2002-01-15;+491637717775;;yonachenobraun@gmail.com;;nein;qasz8chcmJvrguAkjoHd;Blessing
G3609;2;Braun;Yona;;2002-01-15;+491637717775;+497129694692;yonachenobraun@gmail.com;Lichtenstein;nein;tEPpBFQ02Xg8FMQ7xgHO;Blessing
G3610;2;Hubieser-Gross;Christine;;1956-01-04;+491777993916;;;;nein;qeYOUt2crZFxBiT8IcSf;Blessing
G3610;2;Hubwieser-Gross;Christine;;1956-01-04;+491777993916;;;Reutlingen;nein;xWsR2IztWL82xjs7aI4o;Blessing
G3611;2;Pantazidis;Angelos;;1944-08-20;;371128;;Reutlingen;nein;qi5l7PGicgILXJrqkKLw;Blessing
G3611;2;Pantazidis;Angelos;;1944-08-20;;;;Reutlingen;nein;rXfFm8r31STlaDa8B7X0;Blessing
G3612;2;Stevanovic;Svetjlana;;526867200000;;017667766905;;;nein;qibHW6HYF5STqve7OWfx;Blessing
G3612;2;Stevanovic;Svetjlana;;526867200000;;017667766905;;;nein;zmnk75iKtcgexgSdQ1r5;Blessing
G3613;2;Banno;Gaetano;;1975-08-02;;129357;;Reutlingen;nein;qr9kSo2SrxpQxxDXTb8Y;Blessing
G3613;2;Banno;Gaetano;;1975-08-02;;;;Reutlingen;nein;tyeDSupTnYPsHJa609bT;Blessing
G3614;2;Hohmuth;Christiane;;;+49 01525 5276410;;christiane.hohmuth@web.de;;ja;r1fkH0hrQ9sufE9DtdJO;Blessing
G3614;2;Hohmuth;Christiane;;1962-11-10;+4915255276410;;christiane.hohmuth@web.de;Reutlingen;nein;tjUztwC2GCrh7Map6H0x;Blessing
G3615;2;Di Pasquale;Concetta;;1960-08-26;;+497123947850;;Bad Urach;nein;xO4JMdSaVOaoMUVXphp7;Blessing
G3615;2;Die Pascuale;Conctta;;1960-08-26;;+4971259636171;;;nein;r2DA7BkCmOqutsbzTSe3;Blessing
G3616;2;Neuffer;Lena Selina;;1994-10-06;;+49712152624;;;nein;r2N7OqtDF9CUMGYD46fC;Blessing
G3616;2;Neuffer;Lena Selina;;1994-10-06;+4915738283242;;lenaneuffer4@gmail.com;Wannweil;nein;y1EtqtztBttOBYevlwKt;Blessing
G3617;2;Hertkorn;Susanne;;-24883200000;;278737;;Reutlingen;nein;r3K6rMOFqxwvQdOtopLh;Blessing
G3617;2;Hertkorn;Susanne;;1969-03-19;;+497121278873;silke.maier@bruderhausdiakonie.de;;nein;ztnyD0Ir3vRtrLIOErz8;Blessing
G3618;2;Höneß;Andrea;;1960-09-09;;1360798;;Reutlingen;nein;rAeznyvZClHGt4CVWjMy;Blessing
G3618;2;Höneß;Andrea;;-293846400000;+4915738969858;;andreahoeness@gmx.de;;ja;wnre2nFrUeoJMTU2Q9d5;Blessing
G3619;2;Engel-Vojvodic;Nina;;1980-11-01;+491796939021;;;Reutlingen;nein;rHrkSUp2WMM2MSkn1Lm5;Blessing
G3619;2;Engel-Vojvodic;Nina;;;+491796939021;;;;nein;zrp14YLHdf7EcQgxE9qq;Blessing
G3620;2;Al Amaareen;Mohammad;;1994-01-02;+491768458038;;;Reutlingen;nein;rLLVdXTAFANpPBhQXAVD;Blessing
G3620;2;Al amaarren;Mohammad;;757468800000;;;;;nein;zy5fNecgABEsbyS2ET7A;Blessing
G3621;2;Kotlan;Ladislav;;-710035200000;+4915161433221;;kotlan@gmx.de;;ja;rQV4OiMw6IyO9UvpK3RV;Blessing
G3621;2;Kotlan;Ladislav;;1947-07-03;+4915161433221;290377;koltan@gmx.de;Pfullingen;nein;u0S9zRksATA5Kt33WOWK;Blessing
G3622;2;Dr. Hartmann;Christiane;;;+491705536783;;hartmann.christiane@t-online.de;;ja;rRGSd0S7PO9rCHrtrrpg;Blessing
G3622;2;Hartmann;Christiane;;1958-10-22;+491705536783;;hartmann.christiane@t-online.de;Eningen unter Achalm;nein;u69wRhreiIBtW4vsJzbt;Blessing
G3623;2;ander;Ralf;;1977-07-04;;+4971216963583;;;nein;zI6VL60EheUAnk3lKETs;Blessing
G3623;2;Anders;Ralf;;236822400000;+4915232069622;;ralf.anders@outlook.com;Reutlingen;ja;rRskyyjwQC8EQR97OdSW;Blessing
G3624;2;Macarie;Gheorghe Mihai;;1989-05-22;+4915773723392;;hutter_thabyta@yahoo.com;Metzingen;nein;wSIUTxoHpTWSnubFHB5I;Blessing
G3624;2;Macarie;Gheorghe-Mihai;;1989-05-22;+4915773723392;;;Metzingen;nein;rSbgBG9bAfF3hZj4S6fg;Blessing
G3625;2;Wurster;Rudi;;-522288000000;+491745601237;;rudi_wurster@web.de;;ja;rTeDREmQtEeKRJqAaDAA;Blessing
G3625;2;Wurster;Rudi;;1953-06-14;;+49712333417;regina.wurster@web.de;Grafenberg;nein;x5EQla4cwwANUt7QsI69;Blessing
G3626;2;Brcic;Ivica;;1984-08-02;+4915140439028;;;Weil im Schönbuch;nein;rTmvVkjnp7rFZ0Mr9vg4;Blessing
G3626;2;brcic;ivica;;;+4915140439028;;;;nein;xj3mSMhFhERPTwDetwm3;Blessing
G3627;2;Döllinger;Robert;;1951-06-20;;;robert.doellinger@epimedia.de;Reutlingen;nein;rUcYKAi07b3Oo1gI6dQM;Blessing
G3627;2;Döllinger;Robert;;1951-06-20;+4915771986306;;robert.doellinger@epimedia.de;;nein;zkgCbsgi1GopRa9HfSvX;Blessing
G3628;2;Goslar;Hans-Heinrich;;-175478400000;+4915111803424;+497119402520;hoehs-gslar@onlone.de;Pfullingen;ja;rVZJckzzJAmmAZQ3rY3j;Blessing
G3628;2;Goslar;Hans-Heinrich;;-175478400000;+4915111803424;;hoehs-goslar@t-online.de;;ja;z7SXXBOCsuLpxBe76lVF;Blessing
G3629;2;Gehr;Muriel;;1985-09-09;+491788608623;;;Reutlingen;nein;remkRu3wfDy3FIXTE80R;Blessing
G3629;2;Gehr;Muriel;;1985-09-09;+4917662727575;;murmel@gmx.de;;nein;yaZFa4IIZhwPifncIlTU;Blessing
G3630;2;Vielhauer;Walter;;;+4971239498578;;Vielhauer.walter@t-online.de;;ja;rldkZXPQ60AvqLfsRWVG;Blessing
G3630;2;Vielhauer;Walter;;1963-01-16;+491743142844;+4971239498578;vielhauer.walter@t-online.de;Dettingen;nein;xHDWFoELVubXJg5VXQdL;Blessing
G3631;2;Westei;Lukas;;;;+497123947055;;;nein;roF1lN519pb8m5gn5Za3;Blessing
G3631;2;Wester;Lukas Frank;;2008-03-08;;+497123947055;;Metzingen;nein;vi1FEFF3nAU4rZnB6TLr;Blessing
G3632;2;Herrmann;Carolin;;1974-04-28;;+4971219264049;carolin-roth@web.de;Reutlingen;nein;s1WhGNMynrnReK6Obpza;Blessing
G3632;2;Herrmann;Carolin;;;+49 163 1624861;;carolin-roth@web.de;;ja;wpXcx1oTPcVd6vsiRbd8;Blessing
G3633;2;Tritto;Alessio;;2012-11-27;+4917663467060;;val-eria@web.de;Münsingen;nein;s4GEoFjhnhjVapF7ImBK;Blessing
G3633;2;Tritto;Alessio;;2012-11-27;;+4973814021303;;Münsingen;nein;wN4by4VAJ1dfAXSOShiL;Blessing
G3634;2;Blome;Monika;;-554083200000;+491717324729;;oka.blome@gmail.com;;nein;s8qYDe1lbIte2hGxiSNW;Blessing
G3634;2;Blome;Monika;;1952-06-11;;;;Pfullingen;nein;tKGblX77RJhlYdMKKW4N;Blessing
G3635;2;Sachse;Tabea;;2007-03-28;+491753229158;;;;nein;xjg9yhBbm7oju8xJukJh;Blessing
G3635;2;Sachse;Tabea-Katharina;;2007-03-28;+491753229158;;;Reutlingen;nein;sBf97Tgc5F8PoQRAssfe;Blessing
G3636;2;Heymann;Michael;;1968-12-06;+491572662636;+4971212055570;;Reutlingen;nein;sDJGIPtdbGFFoUri301D;Blessing
G3636;2;Heymann;Michael;;1968-12-06;+4917670130984;;andreas.lobert@posteo.de;;nein;wZav03eKnuXaigfgyrKN;Blessing
G3637;2;Schmid;Christiane;;1966-05-23;+491739770827;;como.schmid@web.de;;nein;sDe7IFqtJpESsIlcexzg;Blessing
G3637;2;Schmid;Christiane;;1966-05-23;+491739770827;+49356004;como.schmid@web.de;Pfullingen;nein;yA3sRHi7Hoe8tREdRsL0;Blessing
G3638;2;Ganter;Alexandra;;1972-01-14;+4915162373232;+49930070;alex@alexandra-ganter.de;Sonnenbühl;nein;sXB6fqgtQ3VKS27uYrgq;Blessing
G3638;2;Ganter;Alexandra;;1972-01-14;+4915162373232;;alex@alexandra-ganter.de;;nein;zmYmBqoAKI7wLroywKNP;Blessing
G3639;2;Jehle;Claudia;;1961-07-09;;+4971251511170;;Metzingen;nein;seM9ZQAZxT2P7fgYKI71;Blessing
G3639;2;Jehle;Claudia;;1961-07-09;+491727023079;;claudiajehle@gmx.de;Metzingen;nein;tuMDI4P4iICWrXbkwW8y;Blessing
G3640;2;Rub;Johanna;;2013-05-23;+4915776375971;;bettina-rub@gmx.de;Reutlingen;nein;y5kgI4YSLYl1p6Ph5AfB;Blessing
G3640;2;Rub;Johanna Dorothea;;2013-05-23;+4915776375971;;;Reutlingen;nein;seP0OsQ6XmgOQsQIGqvi;Blessing
G3641;2;Brönner;Hans-Peter;;1958-09-17;+4915785221709;;broenner@live.de;Reutlingen;nein;sha7VJ4SiUCFeLATxkfe;Blessing
G3641;2;Brönner;Hans-Peter;;1958-09-17;;1391091;;Reutlingen;nein;wJmPs46IYAnU8rwXmfM2;Blessing
G3642;2;Weiss;Franz-Sales;;1947-01-06;;230183;;Reutlingen;nein;sigu2GmpOA8AbXbLNBvq;Blessing
G3642;2;Weiß;Franz;;-725414400000;;;;;nein;trV48rcPygQv4czd9lod;Blessing
G3643;2;Schleinin;Regina;;1979-10-07;+491622891272;;reginaschleinin@aol.com;Reutlingen;nein;wdUsCYBe3ItUo6XLLBlm;Blessing
G3643;2;Schlenin;Regina;;1979-10-07;+491622891272;;reginaschleinin@aol.com;Reutlingen;nein;sjI5OZYbZXItc6dIplJc;Blessing
G3644;2;Broni;benjamin;;2010-10-01;;;;;nein;ttHpE2np0bA3onG7FDEw;Blessing
G3644;2;Bronni;Benjamin;;2010-10-01;;+4971271931709;;Schlaitdorf;nein;smFtEqsrb97eWPsEvTyT;Blessing
G3645;2;Bayik;Sena Nisa;;2007-01-03;+491735393950;;bayki.sena-nisa@outlook.de;;nein;smP2J15G1ervM0PxGVn9;Blessing
G3645;2;Bayik;Sena Nisa;;2007-01-03;+4917622014344;+497121566426;bayik.hatice@outlook.de;Reutlingen;nein;t6JqCxxerjMB5H6PfGSW;Blessing
G3646;2;Gross;Rosemarie;;1971-11-29;+491736974182;;rosemariegross@freenet.de;;nein;sms62L0ihHsSVY2SYg2G;Blessing
G3646;2;Gross;Rosemarie;;1971-11-29;;+497121483255;;Reutlingen;nein;t2wWtS3ziixsc1z9Uh4B;Blessing
G3647;2;Hermann;Julia;;2005-06-15;+491736669354;;;;nein;soLniRjiUi6lnYqrvz2y;Blessing
G3647;2;Herrmann;Julia;;2005-06-15;+491724388430;;juhe05@gmx.de;Dettingen;nein;yPKnjlPt0xNugyw5WRlF;Blessing
G3648;2;Ott;Heike;;1979-04-01;;+497388993370;heike.kummer@web.de;;nein;srn9x3LjYvHK8VLdNx2h;Blessing
G3648;2;Ott;Heike;;1979-04-01;+4917696456484;;;Trochtelfingen;nein;uKQUaTieZCqsPr8wW4TC;Blessing
G3649;2;Hochgreve;Annette;;1970-03-12;+491749349889;+497127934534;;Pliezhausen;nein;sy3x7CntBSEBAVULxWbT;Blessing
G3649;2;Hochgreve;Annette;;1970-03-12;+491729888647;;a.hochgreve@gmx.de;Pliezhausen;nein;tUwFzQ9895iRRUqPw1Tj;Blessing
G3650;2;Hochgreve;Bernd;;1968-03-27;;6954096;;Reutlingen;nein;syUzbhJqQwDl2758hgk4;Blessing
G3650;2;Hochgreve;Bernd;;1968-03-27;+491637605672;;hochgreve@gmx.net;;nein;x0LOQFs6Myq489o6mh6Q;Blessing
G3651;2;Ganter;Stephanie;;1967-12-08;+4916096222927;;stephanie.ganter@web.de;Sonnenbühl;nein;t6cs2WtTrCYvTf2FDGv4;Blessing
G3651;2;Ganter;Stephanie;;1967-12-08;;930070;;Sonnenbühl;nein;y8yg04qO5jN8CqdQypux;Blessing
G3652;2;Guler;Harun;;2012-08-02;+4915773624013;;anglr@outlook.de;Pichelsdorf;nein;zpBhq1pPku5SDXielYyB;Blessing
G3652;2;Güler;Harun;;2012-08-02;+4915773624013;;;Berlin;nein;tApB2fTUx2LWYtUNlm0i;Blessing
G3653;2;madder;tobias;;1989-11-19;+4917661788187;;;;nein;uXMeWGrtwrJ5t3w00yt4;Blessing
G3653;2;Mader;Tobias;;1989-11-19;;;;Trochtelfingen;nein;tCMNxo4TxYfLITMbmigz;Blessing
G3654;2;Bässgen;Martin;;1954-05-11;;+494952595;;Wannweil;nein;tHHdwyNB2d7GQcysTrvr;Blessing
G3654;2;Bässgen;Martin;;1954-05-11;;+49712152595;m.baessgen@t-online.de;;nein;uViDTFMmNXcFh7ZE0SuE;Blessing
G3655;2;Weinert-Gmelin;Annette;;1976-11-24;;+497022992011;;Nürtingen;nein;tNu3ArGTXHwHtgNHAWw3;Blessing
G3655;2;Weinert-Gmelin;Annette;;1976-11-24;;+497022992011;annette2476@googlemail.com;;nein;tgnjv8LAM2OdfwtiwolL;Blessing
G3656;2;Naumann-Passegger;Valeska;;-115516800000;+491723277299;;valeska.naumann@gmx.de;;ja;tP33VUjjQCSlU6OExnnr;Blessing
G3656;2;Naumann-Passegger;Valeska;;1966-05-05;+491723277299;;valeska.naumann@gmx.de;Reutlingen;nein;xiJOknlv3gElFVXfgLR8;Blessing
G3657;2;Cutruneo;Giulia;;2013-10-27;+491623816095;;;Metzingen;nein;xovuhQdI8Xxph6mxbhZB;Blessing
G3657;2;Cutruneo;Julia;;2013-10-27;+491623816095;;;;nein;tQ2yGhCYdqKWFa6IfI6w;Blessing
G3658;2;Gold;Jennifer;;545443200000;+491636035943;;;Eningen unter Achalm;nein;tRriY6Fy5FNoiJmUDGfQ;Blessing
G3658;2;Gold;Jennifer;;545443200000;+491724291822;;jennifergold@gmx.net;;ja;tmH99ueZjrGzliil5ZYy;Blessing
G3659;2;Fung;Hans;;1953-03-25;+491632584299;;;;nein;tVmXbNj0vHYLww6bOX0U;Blessing
G3659;2;Funk;Hans;;1953-03-25;+491632584299;+4971232541;funk-metzingen@arcor.de;Metzingen;nein;z1uvCzVsCmaYJ8DxmaHU;Blessing
G3660;2;Mayer;Joelle;;2006-06-22;;+49712145176;mayermanuelamm66@gmail.com;Reutlingen;nein;uqdZiqg1HHfge11QbFNs;Blessing
G3660;2;Mayer;Joelle Katharina;;2006-06-22;;+49712145176;;Reutlingen;nein;tZ0RGr4lVConARiqfwrl;Blessing
G3661;2;kasnel;ignatz;;1933-08-21;;;;;nein;tadxQBT5rzHrXfANztz8;Blessing
G3661;2;Kasznel;Ignatz;;1933-08-21;;677148;;Reutlingen;nein;zeprywrPMbmy2w23LF4a;Blessing
G3662;2;Raci;Ali;;1982-12-14;+4917668638586;;;Metzingen;nein;tay9tETa9lo1woyCqumB;Blessing
G3662;2;Raci;Ali;;;+4917668638586;;;;nein;wAOddCKm7jtEV8ErQXiU;Blessing
G3663;2;Bögel;Cecile;;;+4917661517765;;Cecile2710@gmx.de;;ja;v602T5qBeaIYKbzbf6mZ;Blessing
G3663;2;Bögel;Cécile;;1984-10-27;+4917661517765;;cecile2710@web.de;Münsingen;nein;th3TsilkM1e9tGWMh9Iq;Blessing
G3664;2;Wilde;Rita;;1958-11-06;;;;Reutlingen;nein;tiftQ0iP4crqXhFHHBFx;Blessing
G3664;2;Wilde;Rita;;1958-11-06;;+49290505;;Reutlingen;nein;z1Cl0LZLjDRP9Er8qdSG;Blessing
G3665;2;Adam;Asgad;;;+49 15566 464937;;asgadmohamed11@gmail.com;;ja;wkGF9PQwpUrbfiNCLTvg;Blessing
G3665;2;Adam;Asgad Mohamed Eltayeb;;1985-07-10;+4915566464937;;;Bad Urach;nein;tmcofFiZTScnKaFzh7WD;Blessing
G3666;2;harder;Luca;;2002-11-08;;;;;nein;tqeYpj2cXRS15cKtO9Kf;Blessing
G3666;2;Harder;Luca Josef;;2002-11-08;+491729018488;;;Reutlingen;nein;zwVjcf9SMbb8VnvpFDUu;Blessing
G3667;2;Hörz;Daniel;;2000-09-06;+4917620929889;;;Pfullingen;nein;twsO4ZTNKGDY2aUPzJAl;Blessing
G3667;2;Hörz;Daniel Willi;;2000-09-06;+4917620929889;;ac.dellwing@gmail.com;Pfullingen;nein;vIaK0S7XWCL2yms9YYrL;Blessing
G3668;2;Rossmeissl;Susanne;;225763200000;+491703551867;;susanne_rossmeissl@yahoo.de;Reutlingen;ja;yRUyOa7TYyV5RUwdGESw;Blessing
G3668;2;Roßmeißl;Susanne;;;+491703551867;;susanne_rossmeissl@yahoo.de;;ja;u2ktfMyMa6pHPT3Tvxek;Blessing
G3669;2;Pey;Yann Khaw;;;+4915753334648;;;;nein;u5vJby58yv7C4qusshXg;Blessing
G3669;2;Tey;Yann Haw;;1995-03-30;+4915753334648;;;Reutlingen;nein;v9zmt0cCMbKSTgghiI6k;Blessing
G3670;2;Gauger;Nicole;;1975-06-22;+4915774144593;;;Reutlingen;nein;uE30h5cAZigqMiiCAzX2;Blessing
G3670;2;Gauger;Nicole;;1975-06-22;+4915758902321;;nicole.gauger@gmx.de;;nein;yf7aFu8BlNOUzpB0H5SC;Blessing
G3671;2;Martins Monteiro;Andre;;2000-01-24;+4915226369562;;andremonteiro@live.de;Metzingen;nein;vTi21a1r1On0XF1xnIZd;Blessing
G3671;2;matinz somtero;Andre;;;+4915226369562;;;;nein;uEJm0caYVBC3LALGhygk;Blessing
G3672;2;Preudler;Benno;;2019-07-08;+4915782942131;;;;nein;xyOfQNeq6zft5YoU6jgc;Blessing
G3672;2;Treudler;Benno;;2019-07-08;+4915782942131;;;Lenningen;nein;uEnJTMVAerSLPvhQYNGE;Blessing
G3673;2;Wandel;Edit;;1961-11-09;+491732000732;;;;nein;w8jznL1UfVqR052rHC6v;Blessing
G3673;2;Wandel;Edith;;1961-11-09;;;;Reutlingen;nein;uF58DXXcMHUJkkSMdKNV;Blessing
G3674;2;majdeed;bahoz;;1988-03-05;;;;;nein;uKzwwpGE7aqQpHZMIvP3;Blessing
G3674;2;Majdeen;Bahoz;;1988-03-05;+491794087045;;bahozrelax1@gmail.com;;nein;wyfbok9XqBERytzNCmNa;Blessing
G3675;2;Keller;Merle;;2004-10-21;+4917648579174;;;Wannweil;nein;uaax2kMvqXBM1fQHFy4o;Blessing
G3675;2;Keller;Merle;;2004-10-21;;+497121577332;wannweil@gmail.com;Wannweil;nein;vHiGCThY3Xd3pn3a8KpF;Blessing
G3676;2;Sönning;Lena;;1988-08-13;;+491578257761;;Oberboihingen;nein;urli7918iSiV9AHrSXU0;Blessing
G3676;2;Sönning;Lena;;1988-08-13;+4915782567761;;soenning.lena@gmail.com;Stuttgart;nein;yr9rJknoXex6zaxAaQSb;Blessing
G3677;2;Kuhn;Christian;;1992-11-14;+4915785802721;;christian.p.kuhn@web.de;Reutlingen;nein;v5366uNSTzD5G8iZ7osV;Blessing
G3677;2;Kuhn;Christian Philipp;;1992-11-14;+4915785802721;;;Reutlingen;nein;wncFoDe8LbTvj2Akf3fG;Blessing
G3678;2;Holder;Siegfried;;1937-09-28;+491743841741;+497382315;susanneblum11@gmail.com;Römerstein;nein;wjOr4WCR1dAM60Z6yeXS;Blessing
G3678;2;holder;sigfried;;-1018051200000;+491743841741;;;;ja;vFoPJuChsyN8IejGvb9q;Blessing
G3679;2;Brändle;Gunther;;1961-01-13;+4917620409636;;;Engstingen;nein;yC1E1EdRucKLUBiTiCtx;Blessing
G3679;2;Brändle;Günter;;1961-01-13;;+497129694659;;;nein;vPnBkiWkMSJ7VARCeKzw;Blessing
G3680;2;Glück;Ilse;;1940-07-23;;+49712315981;;Metzingen;nein;vXvtUdSpNk50fTOxMHst;Blessing
G3680;2;Glück;Ilse;;1940-07-23;+4915754230315;;rosaliedoerr@web.de;;nein;z4pew5FLUyKmFKaDGwCP;Blessing
G3681;2;Piramovsky;Andrea;;1960-10-19;+491721419129;+49670795;;Reutlingen;nein;vre64OLjaaeQq7GL5AE2;Blessing
G3681;2;Piramovsky;Andrea;;1960-10-19;+491723250790;;piramovsky1910@freenet.de;;nein;yf0ABDb5a2BCFJLhcUxt;Blessing
G3682;2;Lastra Böhme;Ernesto;;1964-02-19;+4915117733530;;ernesto.lastra@t-online.de;Filderstadt;nein;zU6BM2eOwyFuz9LwhqKe;Blessing
G3682;2;Lastra-Boehme;Ernesto;;;+49 1511 7733530;;ernesto.lastra@t-online.de;;ja;vwERu7P3uKnFvgkJWthT;Blessing
G3683;2;KAlaf;HAZEM;;1992-05-20;+4915771286947;;;;nein;xvCzNfKoo6g1Iu053CNc;Blessing
G3683;2;Khalaf;Hazem;;1992-05-20;+4915771286947;;;Reutlingen;nein;w2hZzAYLGKdbLnNuBZHA;Blessing
G3684;2;Schanz;Michael;;1983-09-18;+491721545110;;sarahdalariva@web.de;;nein;w54njwrngtti42zdL7Ic;Blessing
G3684;2;Schanz;Michael;;1983-09-18;;+497382687;;Römerstein;nein;zYPhUmoIpx3zVuOjTz85;Blessing
G3685;2;Voigtmann;Charlotte;;1997-03-07;;337170;;Reutlingen;nein;w9ODeVomT3J84AiZ0VDT;Blessing
G3685;2;Voigtmann;Charlotte;;1997-03-07;+491631641895;;charlotte.voigtmann@web.de;Reutlingen;nein;xKLP4UVekjotyCiRicIG;Blessing
G3686;2;Krutzke;Eveline;;1965-10-26;+491722127570;+4970316786310;pia.marzian@gmx.de;Sindelfingen;nein;wAksOjCgvBkQtPqYyxDc;Blessing
G3686;2;Krutzke;Eveline;;1965-10-26;+491722127570;;;Sindelfingen;nein;z8ZawQoHYM9d4XJ146z1;Blessing
G3687;2;Fischer;Gabriele;;1951-05-07;+491629489881;;g.h.fischer@web.de;;nein;wCuSIax7tnPveCEureQa;Blessing
G3687;2;Fischer;Gabriele;;1951-05-07;;+4971277456;;Pliezhausen;nein;xyR7pGZe9D6N9sbDq5Sg;Blessing
G3688;2;ruck;Silvia;;1955-03-29;;;;;nein;wHN9Km4FUO02deh9Nd36;Blessing
G3688;2;Ruck;Sylvia;;1955-03-29;;+497127795410;;Schlaitdorf;nein;z4r0XoTOLjJEi3jpKcrI;Blessing
G3689;2;danenberg;Nilo;;1974-09-04;;;;;nein;wJ1g45PV0VhKLXeYeEAj;Blessing
G3689;2;Dannenberg;Nilo Marcel;;1974-09-04;;;;Reutlingen;nein;z7Na1fNx4EEwgphtuFG0;Blessing
G3690;2;vatter;Hans;;1955-08-29;;;;;nein;wh8Qi6FlxVUyj6LNNc0y;Blessing
G3690;2;Vatter;Hans-Peter;;1955-08-29;+491627077003;;;Reutlingen;nein;xECJ1Ac1pAxkeaS9TDrJ;Blessing
G3691;2;Machnik;Aleksandra;;1959-03-14;;+4949712388131;edi.em743@gmail.com;;nein;zGOpDl80JPLonfxuokzA;Blessing
G3691;2;Machnik;Alexandra;;1959-03-14;;+49712388131;;Dettingen;nein;wjOdYgJtlCLpdsySuHb5;Blessing
G3692;2;Hoh;Jasmin;;1987-03-28;+4915732030709;+4971279600838;guksi@gmx.net;Pliezhausen;nein;wjgT2qSJ2bLurcDqRU8x;Blessing
G3692;2;Hoh;Jasmin;;1987-03-28;+4915732030703;;jasmin.hoh@gmx.de;;ja;yxMfgROLfcER3stU5RSk;Blessing
G3693;2;Borkhart;Karin;;1962-07-04;;+497125408970;;Nagold;nein;zAzMjIe4lC7R77TP9O2P;Blessing
G3693;2;Borkhart;Karin Annerose;;1962-07-04;+4917634622101;;borkhartkarin@gmail.com;Nagold;nein;wmJVYncFS8fTdLTkR3bc;Blessing
G3694;2;Kouloudi;Dimitra;;1969-08-23;+329725;;;Reutlingen;nein;xFC68gngXfICtOutPVKO;Blessing
G3694;2;Kouloudi;Dimitra;;1969-08-23;;+497121329725;mitsi69@web.de;;nein;zYL34O7PPBFMEsiadnrs;Blessing
G3695;2;Polat;Döndü;;1965-05-13;+4917670042249;;;Lichtenstein;nein;xTtJpGBcwwhbFA4iaM5x;Blessing
G3695;2;polat;dündü;;1965-05-13;;;;;nein;z7Nz5O9EdWPEhDWSNliE;Blessing
G3696;2;DA Fonseca Conceicao;Patricia;;871862400000;;;;;nein;xln4M36p4EkT3A2UmJos;Blessing
G3696;2;Da Fonseca Conceicao;Patricia;;1997-08-18;;;;Kusterdingen;nein;zAyS7729Bq19qbxsyuXY;Blessing
G3697;2;Klein;Elisabeth;;1964-02-17;+491735762860;;klein.elli@gmx.de;Reutlingen;nein;yBrCv1dy3ajAtPBsAIdB;Blessing
G3697;2;Klein;Elisabeth;;;+4915560469905;;Klein.elli@gmx.de;;ja;zp2qJOrzb2CoX0Ly4g3Z;Blessing
G3698;2;Renz;Lukas;;2008-05-31;;77123;;Pfullingen;nein;yMLhYht9zKKb60SqGKjt;Blessing
G3698;2;Renz;Lukas;;2008-05-31;+491626193327;;ma_renz@gmx.de;;nein;zOX1UW7uGtZEFQJv0c7n;Blessing
G3699;2;ACUSTIK;aYLA;;1989-07-14;+4917683922939;;;;nein;ynxJCY9bXrYGcdpqpbLe;Blessing
G3699;2;Custic;Ajla;;1989-07-14;+4917683922939;;;Reutlingen;nein;zX5aWYt4FAV2p7G69puu;Blessing
G3700;2;Ichaldon;Sabrina;;;+491786878562;;;;nein;yzCdj1HhRJvI594qVosH;Blessing
G3700;2;Richardon;Sabrina;;389232000000;+491786878562;;;Reutlingen;ja;zdbJ8sDSKX3ky4mG8qgG;Blessing
